問題ID,回数,検定回,実施日,級,問題番号,枝番,形式,問題文,選択肢1,選択肢2,選択肢3,選択肢4,正解,正解本文,画像,注意,出典,全文
R01-Q001,1,第1回,2007-01-28,1級・2級共通,1,,選択,小樽に集落が形成されるころ、嘉永6（1853）年の黒船来航により日本は大きく変化していきましたが、世界の背景にはどのような出来事があったのでしょうか。,エネルギー革命,産業革命,IT革命,宗教革命,②,産業革命,,,1-問題.pdf / 1_kaitou.pdf,"【第1回 おたる案内人検定 問1】
小樽に集落が形成されるころ、嘉永6（1853）年の黒船来航により日本は大きく変化していきましたが、世界の背景にはどのような出来事があったのでしょうか。
① エネルギー革命
② 産業革命
③ IT革命
④ 宗教革命
正解: ② 産業革命"
R01-Q002,1,第1回,2007-01-28,1級・2級共通,2,,選択,明治から昭和の初期にかけて北海道には全国が欲しがる代表的な2つの資源がありました。それは次の組み合わせのうちどれですか。,鰊と木材,石炭と銅,鰊と綿花,鰊と石炭,④,鰊と石炭,,,1-問題.pdf / 1_kaitou.pdf,"【第1回 おたる案内人検定 問2】
明治から昭和の初期にかけて北海道には全国が欲しがる代表的な2つの資源がありました。それは次の組み合わせのうちどれですか。
① 鰊と木材
② 石炭と銅
③ 鰊と綿花
④ 鰊と石炭
正解: ④ 鰊と石炭"
R01-Q003,1,第1回,2007-01-28,1級・2級共通,3,,選択,明治初期に政府は「殖産興業」「富国強兵」という政策を打ち出し、小樽に鉄道を敷くために膨大なお金を投下しますが、その目的の第一はどれですか。,鰊を運ぶため,石炭を運ぶため,農産物を運ぶため,人を運ぶため,②,石炭を運ぶため,,,1-問題.pdf / 1_kaitou.pdf,"【第1回 おたる案内人検定 問3】
明治初期に政府は「殖産興業」「富国強兵」という政策を打ち出し、小樽に鉄道を敷くために膨大なお金を投下しますが、その目的の第一はどれですか。
① 鰊を運ぶため
② 石炭を運ぶため
③ 農産物を運ぶため
④ 人を運ぶため
正解: ② 石炭を運ぶため"
R01-Q004,1,第1回,2007-01-28,1級・2級共通,4,,選択,鰊がお金のような価値を持ったのは何故ですか。,油分が多量に含まれて栄養があったから,食料不足だったから,美味しかったから,農作物の肥料に最適だったから,④,農作物の肥料に最適だったから,,,1-問題.pdf / 1_kaitou.pdf,"【第1回 おたる案内人検定 問4】
鰊がお金のような価値を持ったのは何故ですか。
① 油分が多量に含まれて栄養があったから
② 食料不足だったから
③ 美味しかったから
④ 農作物の肥料に最適だったから
正解: ④ 農作物の肥料に最適だったから"
R01-Q005,1,第1回,2007-01-28,1級・2級共通,5,,選択,江戸後期から明治後期くらいまで小樽に来た商人は上り荷（大阪へ運ぶ荷物）に〆粕・昆布・イリコ・ホシアワビなどを積んで船で運びましたが、その船のことを何と呼びますか。,菱垣廻船,樽廻船,北前船,蒸気船,③,北前船,,,1-問題.pdf / 1_kaitou.pdf,"【第1回 おたる案内人検定 問5】
江戸後期から明治後期くらいまで小樽に来た商人は上り荷（大阪へ運ぶ荷物）に〆粕・昆布・イリコ・ホシアワビなどを積んで船で運びましたが、その船のことを何と呼びますか。
① 菱垣廻船
② 樽廻船
③ 北前船
④ 蒸気船
正解: ③ 北前船"
R01-Q006,1,第1回,2007-01-28,1級・2級共通,6,,選択,手宮〜幌内間の鉄道敷設に直接貢献したお雇い外国人は誰ですか。,クロフォード,アンチセル,ケプロン,ライマン,①,クロフォード,,,1-問題.pdf / 1_kaitou.pdf,"【第1回 おたる案内人検定 問6】
手宮〜幌内間の鉄道敷設に直接貢献したお雇い外国人は誰ですか。
① クロフォード
② アンチセル
③ ケプロン
④ ライマン
正解: ① クロフォード"
R01-Q007,1,第1回,2007-01-28,1級・2級共通,7,,選択,明治から昭和初期まで小樽にはどんな都市がつくられてきたでしょうか。,工業港湾都市,商業観光都市,芸術文化都市,商業港湾都市,④,商業港湾都市,,,1-問題.pdf / 1_kaitou.pdf,"【第1回 おたる案内人検定 問7】
明治から昭和初期まで小樽にはどんな都市がつくられてきたでしょうか。
① 工業港湾都市
② 商業観光都市
③ 芸術文化都市
④ 商業港湾都市
正解: ④ 商業港湾都市"
R01-Q008,1,第1回,2007-01-28,1級・2級共通,8,,選択,小樽を含む積丹半島地域の鰊の漁期を以下から選んでください。,10〜12月,12〜1月,3〜5月,5〜6月,③,3〜5月,,,1-問題.pdf / 1_kaitou.pdf,"【第1回 おたる案内人検定 問8】
小樽を含む積丹半島地域の鰊の漁期を以下から選んでください。
① 10〜12月
② 12〜1月
③ 3〜5月
④ 5〜6月
正解: ③ 3〜5月"
R01-Q009,1,第1回,2007-01-28,1級・2級共通,9,,選択,祝津の大漁家だった青山家と茨木家の出身県を以下から選んでください。,青森県,秋田県,山形県,岩手県,③,山形県,,,1-問題.pdf / 1_kaitou.pdf,"【第1回 おたる案内人検定 問9】
祝津の大漁家だった青山家と茨木家の出身県を以下から選んでください。
① 青森県
② 秋田県
③ 山形県
④ 岩手県
正解: ③ 山形県"
R01-Q010,1,第1回,2007-01-28,1級・2級共通,10,,選択,漁獲高を表す「石」をキログラムで換算すると以下のどれでしょうか。,750キログラム,700キログラム,7500キログラム,375キログラム,①,750キログラム,,,1-問題.pdf / 1_kaitou.pdf,"【第1回 おたる案内人検定 問10】
漁獲高を表す「石」をキログラムで換算すると以下のどれでしょうか。
① 750キログラム
② 700キログラム
③ 7500キログラム
④ 375キログラム
正解: ① 750キログラム"
R01-Q011,1,第1回,2007-01-28,1級・2級共通,11,,選択,小樽の鰊漁獲高が最高だった年を以下から選んでください。,明治30年,大正3年,大正14年,昭和8年,③,大正14年,,,1-問題.pdf / 1_kaitou.pdf,"【第1回 おたる案内人検定 問11】
小樽の鰊漁獲高が最高だった年を以下から選んでください。
① 明治30年
② 大正3年
③ 大正14年
④ 昭和8年
正解: ③ 大正14年"
R01-Q012,1,第1回,2007-01-28,1級・2級共通,12,,写真選択,旧近江家番屋の写真を以下の1〜4から選んでください。,［写真1］,［写真2］,［写真3］,［写真4］,④,［写真4］,images/R01-Q012-1.png images/R01-Q012-2.png images/R01-Q012-3.png images/R01-Q012-4.png,選択肢は4枚の写真。images/R01-Q012-1〜4.png と対応,1-問題.pdf / 1_kaitou.pdf,"【第1回 おたる案内人検定 問12】
旧近江家番屋の写真を以下の1〜4から選んでください。
① ［写真1］
② ［写真2］
③ ［写真3］
④ ［写真4］
（選択肢は写真です。images/ の画像を参照）
正解: ④ ［写真4］"
R01-Q013,1,第1回,2007-01-28,1級・2級共通,13,,選択,小樽の鰊漁家が遠隔地にも漁場を経営できた理由の正しい組み合わせを以下から選んでください。,安定した漁獲と消費地に近かったこと,魚肥の高い需要と運河の存在,安定した漁獲と造船技術,安定した漁獲と魚肥の高い需要,④,安定した漁獲と魚肥の高い需要,,,1-問題.pdf / 1_kaitou.pdf,"【第1回 おたる案内人検定 問13】
小樽の鰊漁家が遠隔地にも漁場を経営できた理由の正しい組み合わせを以下から選んでください。
① 安定した漁獲と消費地に近かったこと
② 魚肥の高い需要と運河の存在
③ 安定した漁獲と造船技術
④ 安定した漁獲と魚肥の高い需要
正解: ④ 安定した漁獲と魚肥の高い需要"
R01-Q014,1,第1回,2007-01-28,1級・2級共通,14,,選択,祝津の鰊御殿がかつてあった場所と所有者の組み合わせを以下から選んでください。,泊村の田中家,泊村の猪俣家,余市町の田中家,余市町の猪俣家,①,泊村の田中家,,,1-問題.pdf / 1_kaitou.pdf,"【第1回 おたる案内人検定 問14】
祝津の鰊御殿がかつてあった場所と所有者の組み合わせを以下から選んでください。
① 泊村の田中家
② 泊村の猪俣家
③ 余市町の田中家
④ 余市町の猪俣家
正解: ① 泊村の田中家"
R01-Q015,1,第1回,2007-01-28,1級・2級共通,15,,選択,平磯岬にある銀鱗荘がかつてあった場所と所有者の組み合わせを以下から選んでください。,泊村の田中家,泊村の猪俣家,余市町の田中家,余市町の猪俣家,④,余市町の猪俣家,,,1-問題.pdf / 1_kaitou.pdf,"【第1回 おたる案内人検定 問15】
平磯岬にある銀鱗荘がかつてあった場所と所有者の組み合わせを以下から選んでください。
① 泊村の田中家
② 泊村の猪俣家
③ 余市町の田中家
④ 余市町の猪俣家
正解: ④ 余市町の猪俣家"
R01-Q016,1,第1回,2007-01-28,1級・2級共通,16,,選択,オタルナイ場所とタカシマ場所、タカシマ場所とオショロ場所の境界の組み合わせの正しいものを以下から選んでください。,於古発川（妙見川）と山中,星置と於古発川（妙見川）,有幌町と茅芝岬,平磯岬と手宮,①,於古発川（妙見川）と山中,,,1-問題.pdf / 1_kaitou.pdf,"【第1回 おたる案内人検定 問16】
オタルナイ場所とタカシマ場所、タカシマ場所とオショロ場所の境界の組み合わせの正しいものを以下から選んでください。
① 於古発川（妙見川）と山中
② 星置と於古発川（妙見川）
③ 有幌町と茅芝岬
④ 平磯岬と手宮
正解: ① 於古発川（妙見川）と山中"
R01-Q017,1,第1回,2007-01-28,1級・2級共通,17,,選択,沖揚げ音頭をうたう際の独唱の別称を以下から選んでください。,キヤリ,キリ声,ハオイ,シタゴエ,③,ハオイ,,,1-問題.pdf / 1_kaitou.pdf,"【第1回 おたる案内人検定 問17】
沖揚げ音頭をうたう際の独唱の別称を以下から選んでください。
① キヤリ
② キリ声
③ ハオイ
④ シタゴエ
正解: ③ ハオイ"
R01-Q018,1,第1回,2007-01-28,1級・2級共通,18,,選択,明治期に活躍した「小樽商人」の主な業務は何でしたか。,小売業,卸売業,サービス業,請負業,②,卸売業,,,1-問題.pdf / 1_kaitou.pdf,"【第1回 おたる案内人検定 問18】
明治期に活躍した「小樽商人」の主な業務は何でしたか。
① 小売業
② 卸売業
③ サービス業
④ 請負業
正解: ② 卸売業"
R01-Q019,1,第1回,2007-01-28,1級・2級共通,19,,選択,明治27年に西出孫左衛門と西谷庄八によって竣工した小樽倉庫は、その翌28年には誰に売却されていますか。,山本久右衛門,山本厚三,山本五十六,山本権兵衛,①,山本久右衛門,,,1-問題.pdf / 1_kaitou.pdf,"【第1回 おたる案内人検定 問19】
明治27年に西出孫左衛門と西谷庄八によって竣工した小樽倉庫は、その翌28年には誰に売却されていますか。
① 山本久右衛門
② 山本厚三
③ 山本五十六
④ 山本権兵衛
正解: ① 山本久右衛門"
R01-Q020,1,第1回,2007-01-28,1級・2級共通,20,,選択,小樽市民会館に銅像のある藤山要吉は明治時代に小樽区に何を寄贈していますか。,市庁舎,議事堂,公会堂,能舞台,③,公会堂,,,1-問題.pdf / 1_kaitou.pdf,"【第1回 おたる案内人検定 問20】
小樽市民会館に銅像のある藤山要吉は明治時代に小樽区に何を寄贈していますか。
① 市庁舎
② 議事堂
③ 公会堂
④ 能舞台
正解: ③ 公会堂"
R01-Q021,1,第1回,2007-01-28,1級・2級共通,21,,選択,大正11年に野口喜一郎が自ら設計し、昭和29年には天皇・皇后両陛下が宿泊された建物は何ですか。,和光荘,望海荘,龍宮荘,弁天荘,①,和光荘,,,1-問題.pdf / 1_kaitou.pdf,"【第1回 おたる案内人検定 問21】
大正11年に野口喜一郎が自ら設計し、昭和29年には天皇・皇后両陛下が宿泊された建物は何ですか。
① 和光荘
② 望海荘
③ 龍宮荘
④ 弁天荘
正解: ① 和光荘"
R01-Q022,1,第1回,2007-01-28,1級・2級共通,22,,選択,現在の小樽オルゴール堂は明治45年に共成株式会社として建てられましたが、共成は明治24年に設立され、東京以北最大の精米会社として発展しましたが、その始祖は誰ですか。,倉橋大介,沼田喜三郎,金子元三郎,藤山要吉,②,沼田喜三郎,,,1-問題.pdf / 1_kaitou.pdf,"【第1回 おたる案内人検定 問22】
現在の小樽オルゴール堂は明治45年に共成株式会社として建てられましたが、共成は明治24年に設立され、東京以北最大の精米会社として発展しましたが、その始祖は誰ですか。
① 倉橋大介
② 沼田喜三郎
③ 金子元三郎
④ 藤山要吉
正解: ② 沼田喜三郎"
R01-Q023,1,第1回,2007-01-28,1級・2級共通,23,,選択,一連の小樽商人は一族や同郷で組織してきた傾向がありますが、明治12年に第四十四国立銀行の小樽支店長として赴任し、同18年には日本郵船会社の石巻支店長となり、以後、小樽で金子元三郎、板谷宮吉、寺田省帰、遠藤又兵衛、藤山要吉らをコーディネートし、同郷にかたよらず様々な事業を展開した人は誰ですか。,高橋直治,岡崎謙,磯野進,倉橋大介,④,倉橋大介,,,1-問題.pdf / 1_kaitou.pdf,"【第1回 おたる案内人検定 問23】
一連の小樽商人は一族や同郷で組織してきた傾向がありますが、明治12年に第四十四国立銀行の小樽支店長として赴任し、同18年には日本郵船会社の石巻支店長となり、以後、小樽で金子元三郎、板谷宮吉、寺田省帰、遠藤又兵衛、藤山要吉らをコーディネートし、同郷にかたよらず様々な事業を展開した人は誰ですか。
① 高橋直治
② 岡崎謙
③ 磯野進
④ 倉橋大介
正解: ④ 倉橋大介"
R01-Q024,1,第1回,2007-01-28,1級・2級共通,24,,選択,祝津鰊親方の御三家といわれているのは、どれですか。,金子・渡辺・藤山,青山・白鳥・茨木,山本・田中・岡崎,広谷・内田・猪股,②,青山・白鳥・茨木,,,1-問題.pdf / 1_kaitou.pdf,"【第1回 おたる案内人検定 問24】
祝津鰊親方の御三家といわれているのは、どれですか。
① 金子・渡辺・藤山
② 青山・白鳥・茨木
③ 山本・田中・岡崎
④ 広谷・内田・猪股
正解: ② 青山・白鳥・茨木"
R01-Q025,1,第1回,2007-01-28,1級・2級共通,25,,選択,田中酒造亀甲蔵は明治39年に建てられましたが、建てた商人は小樽に能舞台を寄贈しています。それは誰ですか。,岡崎謙,磯野進,森正則,添田弼,①,岡崎謙,,,1-問題.pdf / 1_kaitou.pdf,"【第1回 おたる案内人検定 問25】
田中酒造亀甲蔵は明治39年に建てられましたが、建てた商人は小樽に能舞台を寄贈しています。それは誰ですか。
① 岡崎謙
② 磯野進
③ 森正則
④ 添田弼
正解: ① 岡崎謙"
R01-Q026,1,第1回,2007-01-28,1級・2級共通,26,,選択,北前船主が建てた倉庫で現在の運河沿いにないのは次のうちどれですか。,大家倉庫,中村倉庫,右近倉庫,広海倉庫,②,中村倉庫,,,1-問題.pdf / 1_kaitou.pdf,"【第1回 おたる案内人検定 問26】
北前船主が建てた倉庫で現在の運河沿いにないのは次のうちどれですか。
① 大家倉庫
② 中村倉庫
③ 右近倉庫
④ 広海倉庫
正解: ② 中村倉庫"
R01-Q027,1,第1回,2007-01-28,1級・2級共通,27,,選択,北前船ビジネスを小樽で開花させたのは次のうち、どの商人ですか。,近江商人,松前商人,加越能商人,越後商人,③,加越能商人,,,1-問題.pdf / 1_kaitou.pdf,"【第1回 おたる案内人検定 問27】
北前船ビジネスを小樽で開花させたのは次のうち、どの商人ですか。
① 近江商人
② 松前商人
③ 加越能商人
④ 越後商人
正解: ③ 加越能商人"
R01-Q028,1,第1回,2007-01-28,1級・2級共通,28,,選択,石川県加賀市瀬越町では、町に多くの寄付をしてきた二人の北前船主を「両家様」と呼び尊敬してきましたが、二人とも小樽に倉庫を建てています。それは大家七平ともう一人は誰ですか。,中村三之丞,右近権左衛門,山本久右衛門,広海二三郎,④,広海二三郎,,,1-問題.pdf / 1_kaitou.pdf,"【第1回 おたる案内人検定 問28】
石川県加賀市瀬越町では、町に多くの寄付をしてきた二人の北前船主を「両家様」と呼び尊敬してきましたが、二人とも小樽に倉庫を建てています。それは大家七平ともう一人は誰ですか。
① 中村三之丞
② 右近権左衛門
③ 山本久右衛門
④ 広海二三郎
正解: ④ 広海二三郎"
R01-Q029,1,第1回,2007-01-28,1級・2級共通,29,,選択,小樽の住吉神社の大鳥居を寄贈したのは次の組み合わせのうちどれですか。,西出孫左衛門と西谷庄八,右近権左衛門と中村三之丞,大家七平と広海二三郎,板谷宮吉と高橋直治,③,大家七平と広海二三郎,,,1-問題.pdf / 1_kaitou.pdf,"【第1回 おたる案内人検定 問29】
小樽の住吉神社の大鳥居を寄贈したのは次の組み合わせのうちどれですか。
① 西出孫左衛門と西谷庄八
② 右近権左衛門と中村三之丞
③ 大家七平と広海二三郎
④ 板谷宮吉と高橋直治
正解: ③ 大家七平と広海二三郎"
R01-Q030,1,第1回,2007-01-28,1級・2級共通,30,,選択,北前船主は独自の「印（しるし）」を掲げていましたが、中でもユニークな「一膳箸（いちぜんばし）」と呼ばれる印はどの商人でしたか。,西出孫左衛門,右近権左衛門,大家七平,広海二三郎,②,右近権左衛門,,,1-問題.pdf / 1_kaitou.pdf,"【第1回 おたる案内人検定 問30】
北前船主は独自の「印（しるし）」を掲げていましたが、中でもユニークな「一膳箸（いちぜんばし）」と呼ばれる印はどの商人でしたか。
① 西出孫左衛門
② 右近権左衛門
③ 大家七平
④ 広海二三郎
正解: ② 右近権左衛門"
R01-Q031,1,第1回,2007-01-28,1級・2級共通,31,,選択,北前船ビジネスが下降線をたどり始めると、北前船主たちは別のビジネスに切り替えていきました。最も多く転換したビジネスはどれですか。,炭鉱開発,水産加工業,造船業,損害保険業,④,損害保険業,,,1-問題.pdf / 1_kaitou.pdf,"【第1回 おたる案内人検定 問31】
北前船ビジネスが下降線をたどり始めると、北前船主たちは別のビジネスに切り替えていきました。最も多く転換したビジネスはどれですか。
① 炭鉱開発
② 水産加工業
③ 造船業
④ 損害保険業
正解: ④ 損害保険業"
R01-Q032,1,第1回,2007-01-28,1級・2級共通,32,,選択,次のうち「印（しるし）」の読みではないのはどれですか。,ヤマシチ,エチゴヤ,マルイ,ダイサン,②,エチゴヤ,,,1-問題.pdf / 1_kaitou.pdf,"【第1回 おたる案内人検定 問32】
次のうち「印（しるし）」の読みではないのはどれですか。
① ヤマシチ
② エチゴヤ
③ マルイ
④ ダイサン
正解: ② エチゴヤ"
R01-Q033,1,第1回,2007-01-28,1級・2級共通,33,,選択,北前船商法の特長は次のどれですか。,運賃積み,請負,観光,買い積み,④,買い積み,,,1-問題.pdf / 1_kaitou.pdf,"【第1回 おたる案内人検定 問33】
北前船商法の特長は次のどれですか。
① 運賃積み
② 請負
③ 観光
④ 買い積み
正解: ④ 買い積み"
R01-Q034,1,第1回,2007-01-28,1級・2級共通,34,,選択,北海道ではじめての長距離フェリー航路が就航した小樽港ですが、取扱い貨物量で現在フェリーが占める割合はどのくらいでしょうか。,30%,50%,70%,90%,④,90%,,,1-問題.pdf / 1_kaitou.pdf,"【第1回 おたる案内人検定 問34】
北海道ではじめての長距離フェリー航路が就航した小樽港ですが、取扱い貨物量で現在フェリーが占める割合はどのくらいでしょうか。
① 30%
② 50%
③ 70%
④ 90%
正解: ④ 90%"
R01-Q035,1,第1回,2007-01-28,1級・2級共通,35,,選択,北海道遺産や土木学会の選奨土木遺産に認定されている小樽港北防波堤は当時の土木技術の粋を集めて建設されました。その延長は何メートルでしょうか。,645m,912m,"1,289m","2,007m",③,"1,289m",,,1-問題.pdf / 1_kaitou.pdf,"【第1回 おたる案内人検定 問35】
北海道遺産や土木学会の選奨土木遺産に認定されている小樽港北防波堤は当時の土木技術の粋を集めて建設されました。その延長は何メートルでしょうか。
① 645m
② 912m
③ 1,289m
④ 2,007m
正解: ③ 1,289m"
R01-Q036,1,第1回,2007-01-28,1級・2級共通,36,,選択,小樽港の整備が進む中で小樽運河が完成したのはいつでしょうか。,1881(明治14)年,1908(明治41)年,1923(大正12)年,1935(昭和10)年,③,1923(大正12)年,,,1-問題.pdf / 1_kaitou.pdf,"【第1回 おたる案内人検定 問36】
小樽港の整備が進む中で小樽運河が完成したのはいつでしょうか。
① 1881(明治14)年
② 1908(明治41)年
③ 1923(大正12)年
④ 1935(昭和10)年
正解: ③ 1923(大正12)年"
R01-Q037,1,第1回,2007-01-28,1級・2級共通,37,,選択,日本で初めての本格的な外洋防波堤建設であった、小樽港の北・南防波堤の技術的特長で誤っているものはどれですか。,強度を増すために火山灰を用いたコンクリート,波の力に耐えるための北防波堤のコンクリートブロック斜め積み,防波堤に使われているコンクリートの百年耐久試験,波の力を弱めるための五角形の穴の開いた石積み防波堤,④,波の力を弱めるための五角形の穴の開いた石積み防波堤,,,1-問題.pdf / 1_kaitou.pdf,"【第1回 おたる案内人検定 問37】
日本で初めての本格的な外洋防波堤建設であった、小樽港の北・南防波堤の技術的特長で誤っているものはどれですか。
① 強度を増すために火山灰を用いたコンクリート
② 波の力に耐えるための北防波堤のコンクリートブロック斜め積み
③ 防波堤に使われているコンクリートの百年耐久試験
④ 波の力を弱めるための五角形の穴の開いた石積み防波堤
正解: ④ 波の力を弱めるための五角形の穴の開いた石積み防波堤"
R01-Q038,1,第1回,2007-01-28,1級・2級共通,38,,選択,伊藤長右衛門が開発し、その後各地で使われたケーソンの製作方式は以下のうちどれでしょうか。,海上に浮かべた浮きドックで作る方式,掘り込んだドックで製作し、完成したら海水を入れ浮かべる方式,陸上で製作し、クレーンで釣り上げて設置する釣上げ方式,陸上で製作し、海上に向けて滑り落とす進水方式,④,陸上で製作し、海上に向けて滑り落とす進水方式,,,1-問題.pdf / 1_kaitou.pdf,"【第1回 おたる案内人検定 問38】
伊藤長右衛門が開発し、その後各地で使われたケーソンの製作方式は以下のうちどれでしょうか。
① 海上に浮かべた浮きドックで作る方式
② 掘り込んだドックで製作し、完成したら海水を入れ浮かべる方式
③ 陸上で製作し、クレーンで釣り上げて設置する釣上げ方式
④ 陸上で製作し、海上に向けて滑り落とす進水方式
正解: ④ 陸上で製作し、海上に向けて滑り落とす進水方式"
R01-Q039,1,第1回,2007-01-28,1級・2級共通,39,,選択,廣井勇のもとで、北防波堤工事の監督を行い、自ら海中に潜るなどして指揮・監督をとった青木政徳は、琵琶湖疎水や関西鉄道のトンネル工事など明治初期の日本を代表する土木工事にも従事しました。その青木の功績を讃える石碑はどこに建立されていますか。,小樽公園,運河公園,勝納埠頭,手宮公園,④,手宮公園,,,1-問題.pdf / 1_kaitou.pdf,"【第1回 おたる案内人検定 問39】
廣井勇のもとで、北防波堤工事の監督を行い、自ら海中に潜るなどして指揮・監督をとった青木政徳は、琵琶湖疎水や関西鉄道のトンネル工事など明治初期の日本を代表する土木工事にも従事しました。その青木の功績を讃える石碑はどこに建立されていますか。
① 小樽公園
② 運河公園
③ 勝納埠頭
④ 手宮公園
正解: ④ 手宮公園"
R01-Q040,1,第1回,2007-01-28,1級・2級共通,40,,選択,幌内で発見された石炭が良質であることを見抜き、幌内炭鉱の開発を推進した開拓使物産取調掛は誰だったでしょうか。,廣井勇,榎本武揚,松浦武四郎,勝海舟,②,榎本武揚,,,1-問題.pdf / 1_kaitou.pdf,"【第1回 おたる案内人検定 問40】
幌内で発見された石炭が良質であることを見抜き、幌内炭鉱の開発を推進した開拓使物産取調掛は誰だったでしょうか。
① 廣井勇
② 榎本武揚
③ 松浦武四郎
④ 勝海舟
正解: ② 榎本武揚"
R01-Q041,1,第1回,2007-01-28,1級・2級共通,41,,選択,北海道の最初の鉄道、幌内鉄道建設のために設けられた開拓使の部局はどれでしょうか。,煤田開採事務掛,鉄道省,開発局,工部省鉄道局,①,煤田開採事務掛,,,1-問題.pdf / 1_kaitou.pdf,"【第1回 おたる案内人検定 問41】
北海道の最初の鉄道、幌内鉄道建設のために設けられた開拓使の部局はどれでしょうか。
① 煤田開採事務掛
② 鉄道省
③ 開発局
④ 工部省鉄道局
正解: ① 煤田開採事務掛"
R01-Q042,1,第1回,2007-01-28,1級・2級共通,42,,選択,幌内鉄道開通（手宮−札幌間）当時の停車場は数も少なく、簡単な設備しかありませんでした。開通当初、手宮を出た列車が次に停車した駅（停車場）の当時の名前はどれでしょう。,開運町,軽川,南小樽,朝里,①,開運町,,,1-問題.pdf / 1_kaitou.pdf,"【第1回 おたる案内人検定 問42】
幌内鉄道開通（手宮−札幌間）当時の停車場は数も少なく、簡単な設備しかありませんでした。開通当初、手宮を出た列車が次に停車した駅（停車場）の当時の名前はどれでしょう。
① 開運町
② 軽川
③ 南小樽
④ 朝里
正解: ① 開運町"
R01-Q043,1,第1回,2007-01-28,1級・2級共通,43,,選択,幌内鉄道が手宮−札幌間で開通した明治13年、手宮から札幌までの汽車の所要時間は何時間だったでしょうか。,2時間,2時間30分,3時間,4時間30分,③,3時間,,,1-問題.pdf / 1_kaitou.pdf,"【第1回 おたる案内人検定 問43】
幌内鉄道が手宮−札幌間で開通した明治13年、手宮から札幌までの汽車の所要時間は何時間だったでしょうか。
① 2時間
② 2時間30分
③ 3時間
④ 4時間30分
正解: ③ 3時間"
R01-Q044,1,第1回,2007-01-28,1級・2級共通,44,,選択,北海道鉄道の開通により現在の小樽駅が開業しますが、この駅は次々と名称が変わっていきます。その変遷で正しい組み合わせは次のどれでしょうか。,小樽中央→稲穂→高島→小樽,小樽中央→北小樽→稲穂→小樽,小樽中央→稲穂→中央小樽→小樽,小樽中央→高島→中央小樽→小樽,④,小樽中央→高島→中央小樽→小樽,,,1-問題.pdf / 1_kaitou.pdf,"【第1回 おたる案内人検定 問44】
北海道鉄道の開通により現在の小樽駅が開業しますが、この駅は次々と名称が変わっていきます。その変遷で正しい組み合わせは次のどれでしょうか。
① 小樽中央→稲穂→高島→小樽
② 小樽中央→北小樽→稲穂→小樽
③ 小樽中央→稲穂→中央小樽→小樽
④ 小樽中央→高島→中央小樽→小樽
正解: ④ 小樽中央→高島→中央小樽→小樽"
R01-Q045,1,第1回,2007-01-28,1級・2級共通,45,,選択,幌内鉄道1号機関車「義経」号は現在どこに保存されているでしょうか。,小樽交通記念館,東京交通博物館,鉄道博物館（埼玉）,交通科学館（大阪）,④,交通科学館（大阪）,,,1-問題.pdf / 1_kaitou.pdf,"【第1回 おたる案内人検定 問45】
幌内鉄道1号機関車「義経」号は現在どこに保存されているでしょうか。
① 小樽交通記念館
② 東京交通博物館
③ 鉄道博物館（埼玉）
④ 交通科学館（大阪）
正解: ④ 交通科学館（大阪）"
R01-Q046,1,第1回,2007-01-28,1級・2級共通,46,,選択,明治の時代に港の整備方法をめぐって大論争があったときに「艀を利用した運河式の方が便利である」と指摘し、その後の検討に大きな影響を与えた人は誰でしょう。,大久保利通,広井勇,クラーク,黒田清隆,②,広井勇,,,1-問題.pdf / 1_kaitou.pdf,"【第1回 おたる案内人検定 問46】
明治の時代に港の整備方法をめぐって大論争があったときに「艀を利用した運河式の方が便利である」と指摘し、その後の検討に大きな影響を与えた人は誰でしょう。
① 大久保利通
② 広井勇
③ クラーク
④ 黒田清隆
正解: ② 広井勇"
R01-Q047,1,第1回,2007-01-28,1級・2級共通,47,,選択,幹線道路建設で石造倉庫の町並みが取り壊されたのが、小樽運河保存運動が立ち上がるきっかけとなったと言われますが、その石造倉庫群はどこにあったのでしょう。,手宮地区,有幌地区,色内地区,勝納地区,②,有幌地区,,,1-問題.pdf / 1_kaitou.pdf,"【第1回 おたる案内人検定 問47】
幹線道路建設で石造倉庫の町並みが取り壊されたのが、小樽運河保存運動が立ち上がるきっかけとなったと言われますが、その石造倉庫群はどこにあったのでしょう。
① 手宮地区
② 有幌地区
③ 色内地区
④ 勝納地区
正解: ② 有幌地区"
R01-Q048,1,第1回,2007-01-28,1級・2級共通,48,,選択,昭和48(1973)年12月に、このまま道路建設が進み運河が埋め立てられれば「小樽が小樽でなくなってしまう！」という思いから、保存運動の発起人会が発足します。その会の名称は次のどれですか。,小樽運河を守る会,小樽運河を愛する会,小樽運河問題を考える会,夢の街づくり実行委員会,①,小樽運河を守る会,,,1-問題.pdf / 1_kaitou.pdf,"【第1回 おたる案内人検定 問48】
昭和48(1973)年12月に、このまま道路建設が進み運河が埋め立てられれば「小樽が小樽でなくなってしまう！」という思いから、保存運動の発起人会が発足します。その会の名称は次のどれですか。
① 小樽運河を守る会
② 小樽運河を愛する会
③ 小樽運河問題を考える会
④ 夢の街づくり実行委員会
正解: ① 小樽運河を守る会"
R01-Q049,1,第1回,2007-01-28,1級・2級共通,49,,選択,小樽運河保存運動の二代目会長となられた峯山冨美さんは、小樽運河を残す運動に関わる意味を、ある言葉で問いかけられていました。その言葉は次のどれですか。,小樽の古い体制を壊す,もったいない,地域に生きるとは何か,歴史の経済価値を高める,③,地域に生きるとは何か,,,1-問題.pdf / 1_kaitou.pdf,"【第1回 おたる案内人検定 問49】
小樽運河保存運動の二代目会長となられた峯山冨美さんは、小樽運河を残す運動に関わる意味を、ある言葉で問いかけられていました。その言葉は次のどれですか。
① 小樽の古い体制を壊す
② もったいない
③ 地域に生きるとは何か
④ 歴史の経済価値を高める
正解: ③ 地域に生きるとは何か"
R01-Q050,1,第1回,2007-01-28,1級・2級共通,50,,選択,昭和53(1978)年7月に、小樽の若者を中心に運河とその周辺の石造倉庫を舞台にした市民手づくりの祭りが行われ、小樽運河に市民の大きな関心を集めるきっかけとなりました。このお祭りの名前は次のどれですか。,ポートフェスティバル・イン・オタル,小樽運河祭り,サマーフェスティバルin運河,オタル水辺の音楽祭,①,ポートフェスティバル・イン・オタル,,,1-問題.pdf / 1_kaitou.pdf,"【第1回 おたる案内人検定 問50】
昭和53(1978)年7月に、小樽の若者を中心に運河とその周辺の石造倉庫を舞台にした市民手づくりの祭りが行われ、小樽運河に市民の大きな関心を集めるきっかけとなりました。このお祭りの名前は次のどれですか。
① ポートフェスティバル・イン・オタル
② 小樽運河祭り
③ サマーフェスティバルin運河
④ オタル水辺の音楽祭
正解: ① ポートフェスティバル・イン・オタル"
R01-Q051,1,第1回,2007-01-28,1級・2級共通,51,,選択,昭和57(1982)年9月に、小樽の経済界の一部も含めた幅広い層の市民が集まり、運河埋め立ての見直しを求める10万人の署名を集める活動が生まれました。その会の名称は次のどれですか。,小樽運河埋め立て見直し期成会,小樽運河百人委員会,運河10万人署名の会,小樽の将来を考える会,②,小樽運河百人委員会,,,1-問題.pdf / 1_kaitou.pdf,"【第1回 おたる案内人検定 問51】
昭和57(1982)年9月に、小樽の経済界の一部も含めた幅広い層の市民が集まり、運河埋め立ての見直しを求める10万人の署名を集める活動が生まれました。その会の名称は次のどれですか。
① 小樽運河埋め立て見直し期成会
② 小樽運河百人委員会
③ 運河10万人署名の会
④ 小樽の将来を考える会
正解: ② 小樽運河百人委員会"
R01-Q052,1,第1回,2007-01-28,1級・2級共通,52,,選択,江戸末期から明治10年代にかけて小樽で多くの人々がくらしていた場所は、今の所在地でいうと、どの辺りになるでしょうか。,勝納川河口の信香町付近,入船川河口の入船1丁目付近,於古発川（おこばち）河口の堺町付近,色内川河口の色内2丁目付近,①,勝納川河口の信香町付近,,,1-問題.pdf / 1_kaitou.pdf,"【第1回 おたる案内人検定 問52】
江戸末期から明治10年代にかけて小樽で多くの人々がくらしていた場所は、今の所在地でいうと、どの辺りになるでしょうか。
① 勝納川河口の信香町付近
② 入船川河口の入船1丁目付近
③ 於古発川（おこばち）河口の堺町付近
④ 色内川河口の色内2丁目付近
正解: ① 勝納川河口の信香町付近"
R01-Q053,1,第1回,2007-01-28,1級・2級共通,53,,選択,明治37年、現在の稲穂2丁目から出火した火の手は手宮まで及ぶ大火になりました。それを契機に市街地の主要な建物の構造は、防火の工夫を施すものに変わりました。今、この構造の建物は小樽固有の歴史的まちなみを形成する一つの要素になっています。さて、この建物の構造は、何と呼ばれているでしょうか。,木造,鉄筋コンクリート造,木骨石造（もっこつせきぞう）,れんが造,③,木骨石造（もっこつせきぞう）,,,1-問題.pdf / 1_kaitou.pdf,"【第1回 おたる案内人検定 問53】
明治37年、現在の稲穂2丁目から出火した火の手は手宮まで及ぶ大火になりました。それを契機に市街地の主要な建物の構造は、防火の工夫を施すものに変わりました。今、この構造の建物は小樽固有の歴史的まちなみを形成する一つの要素になっています。さて、この建物の構造は、何と呼ばれているでしょうか。
① 木造
② 鉄筋コンクリート造
③ 木骨石造（もっこつせきぞう）
④ れんが造
正解: ③ 木骨石造（もっこつせきぞう）"
R01-Q054,1,第1回,2007-01-28,1級・2級共通,54,,選択,旧手宮機関車庫（手宮、明治18年）は、わが国最古のれんが造の機関車庫です。この建物を設計した中心人物は、後に北海道庁本庁舎（赤れんが庁舎、札幌市中央区、明治21年）も設計しました。さて、この設計者は、誰でしょうか。,辰野金吾（たつのきんご）,長野宇平治（ながのうへいじ）,加藤忠五郎（かとうちゅうごろう）,平井晴二郎（ひらいせいじろう）,④,平井晴二郎（ひらいせいじろう）,,,1-問題.pdf / 1_kaitou.pdf,"【第1回 おたる案内人検定 問54】
旧手宮機関車庫（手宮、明治18年）は、わが国最古のれんが造の機関車庫です。この建物を設計した中心人物は、後に北海道庁本庁舎（赤れんが庁舎、札幌市中央区、明治21年）も設計しました。さて、この設計者は、誰でしょうか。
① 辰野金吾（たつのきんご）
② 長野宇平治（ながのうへいじ）
③ 加藤忠五郎（かとうちゅうごろう）
④ 平井晴二郎（ひらいせいじろう）
正解: ④ 平井晴二郎（ひらいせいじろう）"
R01-Q055,1,第1回,2007-01-28,1級・2級共通,55,,選択,木骨石造（もっこつせきぞう）とは、どのような構造をいうのでしょうか。,建物内部の骨組を石で造り、外壁の仕上材に木の板を用いる。,建物内部の骨組を木で造り、外壁の仕上材に石を用いる。,建物内部の骨組を鉄骨で造り、外壁の仕上材に石を用いる。,建物内部の骨組と外壁を石で造る。,②,建物内部の骨組を木で造り、外壁の仕上材に石を用いる。,,,1-問題.pdf / 1_kaitou.pdf,"【第1回 おたる案内人検定 問55】
木骨石造（もっこつせきぞう）とは、どのような構造をいうのでしょうか。
① 建物内部の骨組を石で造り、外壁の仕上材に木の板を用いる。
② 建物内部の骨組を木で造り、外壁の仕上材に石を用いる。
③ 建物内部の骨組を鉄骨で造り、外壁の仕上材に石を用いる。
④ 建物内部の骨組と外壁を石で造る。
正解: ② 建物内部の骨組を木で造り、外壁の仕上材に石を用いる。"
R01-Q056,1,第1回,2007-01-28,1級・2級共通,56,,選択,次に示す3つの建物は、設計に工部大学校造家学科（そうか／現、東京大学工学部建築学科の前身）の第一期卒業生が関与しました。A）旧日本郵船小樽支店（色内3丁目、明治39年） B）日本銀行旧小樽支店（色内1丁目、明治45年） C）旧三井銀行小樽支店（色内1丁目、昭和2年）　それぞれの建物とその設計者の組み合わせで、正しいものはどれでしょうか。,A）辰野金吾　B）佐立七次郎　C）片山東熊,A）佐立七次郎　B）辰野金吾　C）曾禰達蔵,A）曾禰達蔵　B）辰野金吾　C）佐立七次郎,A）佐立七次郎　B）曾禰達蔵　C）辰野金吾,②,A）佐立七次郎　B）辰野金吾　C）曾禰達蔵,,,1-問題.pdf / 1_kaitou.pdf,"【第1回 おたる案内人検定 問56】
次に示す3つの建物は、設計に工部大学校造家学科（そうか／現、東京大学工学部建築学科の前身）の第一期卒業生が関与しました。A）旧日本郵船小樽支店（色内3丁目、明治39年） B）日本銀行旧小樽支店（色内1丁目、明治45年） C）旧三井銀行小樽支店（色内1丁目、昭和2年）　それぞれの建物とその設計者の組み合わせで、正しいものはどれでしょうか。
① A）辰野金吾　B）佐立七次郎　C）片山東熊
② A）佐立七次郎　B）辰野金吾　C）曾禰達蔵
③ A）曾禰達蔵　B）辰野金吾　C）佐立七次郎
④ A）佐立七次郎　B）曾禰達蔵　C）辰野金吾
正解: ② A）佐立七次郎　B）辰野金吾　C）曾禰達蔵"
R01-Q057,1,第1回,2007-01-28,1級・2級共通,57,,選択,日本銀行旧小樽支店（色内1丁目、明治45年）は、玄関ホール（客溜）と営業室の境に柱をたてない構造になっています。その理由として最もふさわしいものは、どれでしょうか。,壁に鉄骨を使用している。,小屋組に木を使用している。,小屋組に鉄骨を使用している。,屋根に瓦（かわら）を使用している。,③,小屋組に鉄骨を使用している。,,,1-問題.pdf / 1_kaitou.pdf,"【第1回 おたる案内人検定 問57】
日本銀行旧小樽支店（色内1丁目、明治45年）は、玄関ホール（客溜）と営業室の境に柱をたてない構造になっています。その理由として最もふさわしいものは、どれでしょうか。
① 壁に鉄骨を使用している。
② 小屋組に木を使用している。
③ 小屋組に鉄骨を使用している。
④ 屋根に瓦（かわら）を使用している。
正解: ③ 小屋組に鉄骨を使用している。"
R01-Q058,1,第1回,2007-01-28,1級・2級共通,58,,選択,旧小樽区公会堂（現・市公会堂、花園5丁目、明治44年）は、皇太子を迎えるために和風の建築様式で建てられました。新築工事は、次に示す3人が関わり進められました。A）藤山要吉　B）木子幸三郎（きこうさぶろう）　C）加藤忠五郎　それぞれの名前と工事の関わりの組み合わせで、正しいものはどれでしょうか。,A）寄贈者　B）基本設計を指示した技師　C）工事の請負人,A）寄贈者　B）工事の請負人　C）基本設計を指示した技師,A）工事の請負人　B）敷地を選定した庭師　C）基本設計を指示した技師,A）基本設計を指示した技師　B）敷地を選定した庭師　C）寄贈者,①,A）寄贈者　B）基本設計を指示した技師　C）工事の請負人,,,1-問題.pdf / 1_kaitou.pdf,"【第1回 おたる案内人検定 問58】
旧小樽区公会堂（現・市公会堂、花園5丁目、明治44年）は、皇太子を迎えるために和風の建築様式で建てられました。新築工事は、次に示す3人が関わり進められました。A）藤山要吉　B）木子幸三郎（きこうさぶろう）　C）加藤忠五郎　それぞれの名前と工事の関わりの組み合わせで、正しいものはどれでしょうか。
① A）寄贈者　B）基本設計を指示した技師　C）工事の請負人
② A）寄贈者　B）工事の請負人　C）基本設計を指示した技師
③ A）工事の請負人　B）敷地を選定した庭師　C）基本設計を指示した技師
④ A）基本設計を指示した技師　B）敷地を選定した庭師　C）寄贈者
正解: ① A）寄贈者　B）基本設計を指示した技師　C）工事の請負人"
R01-Q059,1,第1回,2007-01-28,1級・2級共通,59,,選択,大正10年代、旧三菱銀行・旧北海道拓殖銀行・旧第一銀行の各支店は、色内大通と緑山手通の交差点に建てられました。これらの建物の構造は、当時、わが国の主要な建築に採用され始めたものでした。さて、その建築構造は、何と呼ばれているでしょうか。,木骨石造（もっこつせきぞう）,鉄筋コンクリート造,れんが造,石造,②,鉄筋コンクリート造,,,1-問題.pdf / 1_kaitou.pdf,"【第1回 おたる案内人検定 問59】
大正10年代、旧三菱銀行・旧北海道拓殖銀行・旧第一銀行の各支店は、色内大通と緑山手通の交差点に建てられました。これらの建物の構造は、当時、わが国の主要な建築に採用され始めたものでした。さて、その建築構造は、何と呼ばれているでしょうか。
① 木骨石造（もっこつせきぞう）
② 鉄筋コンクリート造
③ れんが造
④ 石造
正解: ② 鉄筋コンクリート造"
R01-Q060,1,第1回,2007-01-28,1級・2級共通,60,,選択,大正末から昭和初期にかけて、小樽市内に建築家が設計した住宅が建てられるようになりました。その一人は、フランク・ロイド・ライト（アメリカの建築家）に師事し、坂邸（見晴町、昭和2年）や坂牛邸（入船、昭和3年）をライト風のデザインで設計しました。その建築家は、誰でしょうか。,加藤忠五郎（かとうちゅうごろう）,田辺淳吉（たなべじゅんきち）,長野宇平治（ながのうへいじ）,田上義也（たのうえよしや）,④,田上義也（たのうえよしや）,,,1-問題.pdf / 1_kaitou.pdf,"【第1回 おたる案内人検定 問60】
大正末から昭和初期にかけて、小樽市内に建築家が設計した住宅が建てられるようになりました。その一人は、フランク・ロイド・ライト（アメリカの建築家）に師事し、坂邸（見晴町、昭和2年）や坂牛邸（入船、昭和3年）をライト風のデザインで設計しました。その建築家は、誰でしょうか。
① 加藤忠五郎（かとうちゅうごろう）
② 田辺淳吉（たなべじゅんきち）
③ 長野宇平治（ながのうへいじ）
④ 田上義也（たのうえよしや）
正解: ④ 田上義也（たのうえよしや）"
R01-Q061,1,第1回,2007-01-28,1級・2級共通,61,,選択,和光荘（潮見台、大正11年）は、酒造会社の社長の住宅として建てられました。そのデザインの基調は、当時、パリを中心にヨーロッパで流行の兆しが見られた幾何学模様を取り入れています。そのデザインは、何と呼ばれるでしょうか。,バロック,アール・ヌーヴォー,インターナショナル・スタイル,アール・デコ,④,アール・デコ,,,1-問題.pdf / 1_kaitou.pdf,"【第1回 おたる案内人検定 問61】
和光荘（潮見台、大正11年）は、酒造会社の社長の住宅として建てられました。そのデザインの基調は、当時、パリを中心にヨーロッパで流行の兆しが見られた幾何学模様を取り入れています。そのデザインは、何と呼ばれるでしょうか。
① バロック
② アール・ヌーヴォー
③ インターナショナル・スタイル
④ アール・デコ
正解: ④ アール・デコ"
R01-Q062,1,第1回,2007-01-28,1級・2級共通,62,,選択,平成4(1992)年に小樽で活躍する職人が「職人業の継承」や「共同研究開発」を目的に設立した組織名は次のどれですか。,小樽職人団,小樽職人組合,小樽職人法人,小樽職人の会,④,小樽職人の会,,,1-問題.pdf / 1_kaitou.pdf,"【第1回 おたる案内人検定 問62】
平成4(1992)年に小樽で活躍する職人が「職人業の継承」や「共同研究開発」を目的に設立した組織名は次のどれですか。
① 小樽職人団
② 小樽職人組合
③ 小樽職人法人
④ 小樽職人の会
正解: ④ 小樽職人の会"
R01-Q063,1,第1回,2007-01-28,1級・2級共通,63,,選択,平成13(2001)年に職人業の継承に十分な指導を行う機関の必要性から設立されたNPO法人は次のどれですか。,北海道職人義塾大學校,小樽職人義塾大學校,北海道職人養成講座,小樽職人養成講座,①,北海道職人義塾大學校,,,1-問題.pdf / 1_kaitou.pdf,"【第1回 おたる案内人検定 問63】
平成13(2001)年に職人業の継承に十分な指導を行う機関の必要性から設立されたNPO法人は次のどれですか。
① 北海道職人義塾大學校
② 小樽職人義塾大學校
③ 北海道職人養成講座
④ 小樽職人養成講座
正解: ① 北海道職人義塾大學校"
R01-Q064,1,第1回,2007-01-28,1級・2級共通,64,,選択,小樽の職人がつくってはいないのは次のどれですか。,帽子,注連縄,和紙,菓子,③,和紙,,,1-問題.pdf / 1_kaitou.pdf,"【第1回 おたる案内人検定 問64】
小樽の職人がつくってはいないのは次のどれですか。
① 帽子
② 注連縄
③ 和紙
④ 菓子
正解: ③ 和紙"
R01-Q065,1,第1回,2007-01-28,1級・2級共通,65,,選択,小樽寿司屋通りの誕生をみる昭和62(1987)年には、妙見川沿いに5店舗くらいしかなかった寿司屋さんが、現在の妙見川沿いにはどのくらいになっていますか。,約10店舗,約20店舗,約50店舗,約100店舗,②,約20店舗,,,1-問題.pdf / 1_kaitou.pdf,"【第1回 おたる案内人検定 問65】
小樽寿司屋通りの誕生をみる昭和62(1987)年には、妙見川沿いに5店舗くらいしかなかった寿司屋さんが、現在の妙見川沿いにはどのくらいになっていますか。
① 約10店舗
② 約20店舗
③ 約50店舗
④ 約100店舗
正解: ② 約20店舗"
R01-Q066,1,第1回,2007-01-28,1級・2級共通,66,,選択,小樽の土産物の代表の一つになっているオルゴールは、なぜ小樽に根付いたのでしょうか。,明治からオルゴール職人が根付いていたから,歴史的環境の豊かな町並みにオルゴールの音色が似合っていたから,「小樽のひとよ」「小樽運河」などの歌謡曲がオルゴールで流行ったから,小樽の地場産業の金属加工業がオルゴールを製造したから,②,歴史的環境の豊かな町並みにオルゴールの音色が似合っていたから,,,1-問題.pdf / 1_kaitou.pdf,"【第1回 おたる案内人検定 問66】
小樽の土産物の代表の一つになっているオルゴールは、なぜ小樽に根付いたのでしょうか。
① 明治からオルゴール職人が根付いていたから
② 歴史的環境の豊かな町並みにオルゴールの音色が似合っていたから
③ 「小樽のひとよ」「小樽運河」などの歌謡曲がオルゴールで流行ったから
④ 小樽の地場産業の金属加工業がオルゴールを製造したから
正解: ② 歴史的環境の豊かな町並みにオルゴールの音色が似合っていたから"
R01-Q067,1,第1回,2007-01-28,1級・2級共通,67,,選択,小樽の土産物の代表の一つになっている硝子製品で、小樽でつくられていないのはどれですか。,トンボ玉,浮き玉,食器,かがみ,④,かがみ,,,1-問題.pdf / 1_kaitou.pdf,"【第1回 おたる案内人検定 問67】
小樽の土産物の代表の一つになっている硝子製品で、小樽でつくられていないのはどれですか。
① トンボ玉
② 浮き玉
③ 食器
④ かがみ
正解: ④ かがみ"
R01-Q068,1,第1回,2007-01-28,1級・2級共通,68,,選択,小樽では札幌とともに黎明期の北海道美術界で重要な美術運動がおこりました。夏休みで帰省していた東京美術学校（現東京芸術大学）在学中の、長谷川昇、小寺健吉、工藤三郎の3人によって設立された明治期の美術団体は、次のどれでしょう。,黒百合会,赤光社,羊蹄画会,エルム画会,③,羊蹄画会,,,1-問題.pdf / 1_kaitou.pdf,"【第1回 おたる案内人検定 問68】
小樽では札幌とともに黎明期の北海道美術界で重要な美術運動がおこりました。夏休みで帰省していた東京美術学校（現東京芸術大学）在学中の、長谷川昇、小寺健吉、工藤三郎の3人によって設立された明治期の美術団体は、次のどれでしょう。
① 黒百合会
② 赤光社
③ 羊蹄画会
④ エルム画会
正解: ③ 羊蹄画会"
R01-Q069,1,第1回,2007-01-28,1級・2級共通,69,,選択,小樽市在住で国際的にも高い評価を受けている版画家、一原有徳は、少年期に小樽に移住し、小樽地方貯金局に勤務しながら、版画制作をはじめました。彼が勤務した小樽地方貯金局は、現在何に使用されていますか。,文学館・美術館,松田ビル,グランドホテルクラシック,小樽商工会議所,①,文学館・美術館,,,1-問題.pdf / 1_kaitou.pdf,"【第1回 おたる案内人検定 問69】
小樽市在住で国際的にも高い評価を受けている版画家、一原有徳は、少年期に小樽に移住し、小樽地方貯金局に勤務しながら、版画制作をはじめました。彼が勤務した小樽地方貯金局は、現在何に使用されていますか。
① 文学館・美術館
② 松田ビル
③ グランドホテルクラシック
④ 小樽商工会議所
正解: ① 文学館・美術館"
R01-Q070,1,第1回,2007-01-28,1級・2級共通,70,,選択,戦前、小樽に重要な版画家が二人かかわっていました。ひとりは棟方志功（むなかたしこう）ですが、もうひとり世界的に著名な版画界の巨匠で、東北から移住し小樽に10年間住み続け、戦後の版画ブームの火付け役となった版画家は次の誰でしょう。,川上澄生,斎藤清,笹島喜平,畦地梅太郎,②,斎藤清,,,1-問題.pdf / 1_kaitou.pdf,"【第1回 おたる案内人検定 問70】
戦前、小樽に重要な版画家が二人かかわっていました。ひとりは棟方志功（むなかたしこう）ですが、もうひとり世界的に著名な版画界の巨匠で、東北から移住し小樽に10年間住み続け、戦後の版画ブームの火付け役となった版画家は次の誰でしょう。
① 川上澄生
② 斎藤清
③ 笹島喜平
④ 畦地梅太郎
正解: ② 斎藤清"
R01-Q071,1,第1回,2007-01-28,1級・2級共通,71,,選択,市立小樽美術館の1階に記念ホールが併設されている美術家は誰でしょう。,中村善策,一原有徳,長谷川昇,三浦鮮治,①,中村善策,,,1-問題.pdf / 1_kaitou.pdf,"【第1回 おたる案内人検定 問71】
市立小樽美術館の1階に記念ホールが併設されている美術家は誰でしょう。
① 中村善策
② 一原有徳
③ 長谷川昇
④ 三浦鮮治
正解: ① 中村善策"
R01-Q072,1,第1回,2007-01-28,1級・2級共通,72,,選択,石川啄木が小樽で勤めた新聞社の名前は。,小樽日報社,小樽新報社,北門新報社,小樽新聞社,①,小樽日報社,,,1-問題.pdf / 1_kaitou.pdf,"【第1回 おたる案内人検定 問72】
石川啄木が小樽で勤めた新聞社の名前は。
① 小樽日報社
② 小樽新報社
③ 北門新報社
④ 小樽新聞社
正解: ① 小樽日報社"
R01-Q073,1,第1回,2007-01-28,1級・2級共通,73,,選択,石川啄木の「かなしきは小樽の町よ／歌ふことなき人々の／声の荒さよ」という短歌が収められた歌集の名前は。,一握の砂,小樽の思い出,北海流離,悲しき玩具,①,一握の砂,,,1-問題.pdf / 1_kaitou.pdf,"【第1回 おたる案内人検定 問73】
石川啄木の「かなしきは小樽の町よ／歌ふことなき人々の／声の荒さよ」という短歌が収められた歌集の名前は。
① 一握の砂
② 小樽の思い出
③ 北海流離
④ 悲しき玩具
正解: ① 一握の砂"
R01-Q074,1,第1回,2007-01-28,1級・2級共通,74,,選択,小林多喜二が小樽高商卒業後勤めたところは。,潮見台小学校,小樽新聞社,合同労働組合,北海道拓殖銀行,④,北海道拓殖銀行,,,1-問題.pdf / 1_kaitou.pdf,"【第1回 おたる案内人検定 問74】
小林多喜二が小樽高商卒業後勤めたところは。
① 潮見台小学校
② 小樽新聞社
③ 合同労働組合
④ 北海道拓殖銀行
正解: ④ 北海道拓殖銀行"
R01-Q075,1,第1回,2007-01-28,1級・2級共通,75,,選択,伊藤整の最初の著書の題名は。,若い詩人の肖像,年々の花,雪明りの路,女性に関する十二章,③,雪明りの路,,,1-問題.pdf / 1_kaitou.pdf,"【第1回 おたる案内人検定 問75】
伊藤整の最初の著書の題名は。
① 若い詩人の肖像
② 年々の花
③ 雪明りの路
④ 女性に関する十二章
正解: ③ 雪明りの路"
R01-Q076,1,第1回,2007-01-28,1級・2級共通,76,,選択,小樽の手宮公園には北海道の美林に指定されている貴重な自然林がありますが、その樹種は何でしょうか。,シラカンバ,桜,栗,ツツジ,③,栗,,,1-問題.pdf / 1_kaitou.pdf,"【第1回 おたる案内人検定 問76】
小樽の手宮公園には北海道の美林に指定されている貴重な自然林がありますが、その樹種は何でしょうか。
① シラカンバ
② 桜
③ 栗
④ ツツジ
正解: ③ 栗"
R01-Q077,1,第1回,2007-01-28,1級・2級共通,77,,選択,小樽は坂のまちともいわれていますが、次の条件に合う坂の名前は何といいますか。「日之出湯からこの坂を仰ぎ見るとまるで覆いかぶさってくるような急坂で道路わきの表示には勾配20%とあります」,船見坂,外人坂,地獄坂,浄応寺の坂,④,浄応寺の坂,,,1-問題.pdf / 1_kaitou.pdf,"【第1回 おたる案内人検定 問77】
小樽は坂のまちともいわれていますが、次の条件に合う坂の名前は何といいますか。「日之出湯からこの坂を仰ぎ見るとまるで覆いかぶさってくるような急坂で道路わきの表示には勾配20%とあります」
① 船見坂
② 外人坂
③ 地獄坂
④ 浄応寺の坂
正解: ④ 浄応寺の坂"
R01-Q078,1,第1回,2007-01-28,1級・2級共通,78,,選択,昭和43年に制定された小樽市の花は何ですか。,ゆり,ツツジ,ライラック,バラ,②,ツツジ,,,1-問題.pdf / 1_kaitou.pdf,"【第1回 おたる案内人検定 問78】
昭和43年に制定された小樽市の花は何ですか。
① ゆり
② ツツジ
③ ライラック
④ バラ
正解: ② ツツジ"
R01-Q079,1,第1回,2007-01-28,1級・2級共通,79,,選択,小樽市の木はシラカンバですが、制定されたのは何年ですか。,昭和39年,昭和42年,昭和43年,昭和45年,③,昭和43年,,,1-問題.pdf / 1_kaitou.pdf,"【第1回 おたる案内人検定 問79】
小樽市の木はシラカンバですが、制定されたのは何年ですか。
① 昭和39年
② 昭和42年
③ 昭和43年
④ 昭和45年
正解: ③ 昭和43年"
R01-Q080,1,第1回,2007-01-28,1級・2級共通,80,,選択,小樽市の鳥はアオバトという鳥ですが、どの地区に生息していますか。,忍路地区,塩谷地区,祝津地区,張碓地区,④,張碓地区,,,1-問題.pdf / 1_kaitou.pdf,"【第1回 おたる案内人検定 問80】
小樽市の鳥はアオバトという鳥ですが、どの地区に生息していますか。
① 忍路地区
② 塩谷地区
③ 祝津地区
④ 張碓地区
正解: ④ 張碓地区"
R01-Q081,1,第1回,2007-01-28,1級・2級共通,81,,選択,小樽は水のおいしいまちですが、そのおいしさには3つの要因があります。一つは豊かな自然と水源環境、二つめはミネラル分を適度にバランスよく含んでいること。もう一つは何でしょうか。,最新の水道施設があるから,山坂が多く東西に長い地形のため人口の割には水道施設が多く、水道施設内に水が止まっている時間が短いから,気温が低いためおいしく感じられるから,水道管を他都市より短いサイクルで交換しているから,②,山坂が多く東西に長い地形のため人口の割には水道施設が多く、水道施設内に水が止まっている時間が短いから,,,1-問題.pdf / 1_kaitou.pdf,"【第1回 おたる案内人検定 問81】
小樽は水のおいしいまちですが、そのおいしさには3つの要因があります。一つは豊かな自然と水源環境、二つめはミネラル分を適度にバランスよく含んでいること。もう一つは何でしょうか。
① 最新の水道施設があるから
② 山坂が多く東西に長い地形のため人口の割には水道施設が多く、水道施設内に水が止まっている時間が短いから
③ 気温が低いためおいしく感じられるから
④ 水道管を他都市より短いサイクルで交換しているから
正解: ② 山坂が多く東西に長い地形のため人口の割には水道施設が多く、水道施設内に水が止まっている時間が短いから"
R01-Q082,1,第1回,2007-01-28,1級・2級共通,82,,選択,小樽市が製造し、「ふるさと小包」としても扱われているボトルドウォーターの名前は何でしょう。,奥沢の水,水源の水,小樽水道水,小樽の水,④,小樽の水,,,1-問題.pdf / 1_kaitou.pdf,"【第1回 おたる案内人検定 問82】
小樽市が製造し、「ふるさと小包」としても扱われているボトルドウォーターの名前は何でしょう。
① 奥沢の水
② 水源の水
③ 小樽水道水
④ 小樽の水
正解: ④ 小樽の水"
R01-Q083,1,第1回,2007-01-28,1級・2級共通,83,,選択,小樽市では魅力あるまちづくりをするために市内をいくつかの地区に分け、それぞれの地区を代表する景観を選び出しました。その名称は何といいますか。,小樽八区八景,小樽八区九景,小樽八区十景,小樽十区十景,①,小樽八区八景,,,1-問題.pdf / 1_kaitou.pdf,"【第1回 おたる案内人検定 問83】
小樽市では魅力あるまちづくりをするために市内をいくつかの地区に分け、それぞれの地区を代表する景観を選び出しました。その名称は何といいますか。
① 小樽八区八景
② 小樽八区九景
③ 小樽八区十景
④ 小樽十区十景
正解: ① 小樽八区八景"
R01-Q084,1,第1回,2007-01-28,1級・2級共通,84,,選択,現在小樽には58の町名がありますが、中には人名に由来する町名があります。自費で道路を作り、後に小樽区長や衆議院議員にもなった人物の名前の町名とは何ですか。,石山町,清水町,山田町,長橋,③,山田町,,,1-問題.pdf / 1_kaitou.pdf,"【第1回 おたる案内人検定 問84】
現在小樽には58の町名がありますが、中には人名に由来する町名があります。自費で道路を作り、後に小樽区長や衆議院議員にもなった人物の名前の町名とは何ですか。
① 石山町
② 清水町
③ 山田町
④ 長橋
正解: ③ 山田町"
R01-Q085,1,第1回,2007-01-28,1級・2級共通,85,,選択,市内には清酒メーカーが次の4社あります。A．北の誉酒造　B．曲イ田中酒造　C．雪の花酒造　D．山二わたなべ　それぞれの酒造メーカーとその銘柄の組み合わせで、正しいものはどれでしょうか。,A宝川　B雪中花　C小樽港　D雄冬,A雄冬　B宝川　C雪中花　D小樽港,A雄冬　B宝川　C小樽港　D雪中花,A雪中花　B雄冬　C宝川　D小樽港,③,A雄冬　B宝川　C小樽港　D雪中花,,,1-問題.pdf / 1_kaitou.pdf,"【第1回 おたる案内人検定 問85】
市内には清酒メーカーが次の4社あります。A．北の誉酒造　B．曲イ田中酒造　C．雪の花酒造　D．山二わたなべ　それぞれの酒造メーカーとその銘柄の組み合わせで、正しいものはどれでしょうか。
① A宝川　B雪中花　C小樽港　D雄冬
② A雄冬　B宝川　C雪中花　D小樽港
③ A雄冬　B宝川　C小樽港　D雪中花
④ A雪中花　B雄冬　C宝川　D小樽港
正解: ③ A雄冬　B宝川　C小樽港　D雪中花"
R01-Q086,1,第1回,2007-01-28,1級・2級共通,86,,選択,小樽市では現在2都市と姉妹都市の提携をしています。一つはニュージーランドのダニーデン市ですがもう一つはどこの都市でしょうか。,北京,ハバロフスク,ウラジオストク,ナホトカ,④,ナホトカ,,,1-問題.pdf / 1_kaitou.pdf,"【第1回 おたる案内人検定 問86】
小樽市では現在2都市と姉妹都市の提携をしています。一つはニュージーランドのダニーデン市ですがもう一つはどこの都市でしょうか。
① 北京
② ハバロフスク
③ ウラジオストク
④ ナホトカ
正解: ④ ナホトカ"
R01-Q087,1,第1回,2007-01-28,1級・2級共通,87,,選択,小樽には国指定重要文化財の歴史的建造物がありますが、次のうち該当する建物はどれですか。,日本銀行旧小樽支店,小樽市鰊御殿（旧田中家住宅）,旧日本郵船（株）小樽支店,岡崎邸能舞台,③,旧日本郵船（株）小樽支店,,,1-問題.pdf / 1_kaitou.pdf,"【第1回 おたる案内人検定 問87】
小樽には国指定重要文化財の歴史的建造物がありますが、次のうち該当する建物はどれですか。
① 日本銀行旧小樽支店
② 小樽市鰊御殿（旧田中家住宅）
③ 旧日本郵船（株）小樽支店
④ 岡崎邸能舞台
正解: ③ 旧日本郵船（株）小樽支店"
R01-Q088,1,第1回,2007-01-28,1級・2級共通,88,,選択,小樽を代表する温泉は朝里川温泉ですが、近年この一帯はある名称で呼ばれ、イベント開催や名所をピーアールしています。何という名称でしょう。,いこいの里,いやしの里,ゆらぎの里,ぬくもりの里,③,ゆらぎの里,,,1-問題.pdf / 1_kaitou.pdf,"【第1回 おたる案内人検定 問88】
小樽を代表する温泉は朝里川温泉ですが、近年この一帯はある名称で呼ばれ、イベント開催や名所をピーアールしています。何という名称でしょう。
① いこいの里
② いやしの里
③ ゆらぎの里
④ ぬくもりの里
正解: ③ ゆらぎの里"
R01-Q089,1,第1回,2007-01-28,1級・2級共通,89,,選択,図は明治34年に制定された小樽の市章ですが、雪を表した六花の中の丸い部分は何を図案化したものでしょう。,小樽の「樽」を図案化したもの,小樽の「小」を図案化したもの,平和を図案化したもの,雪の結晶を図案化したもの,②,小樽の「小」を図案化したもの,images/R01-Q089-stem.png,問題文に市章の図がある。images/R01-Q089-stem.png,1-問題.pdf / 1_kaitou.pdf,"【第1回 おたる案内人検定 問89】
図は明治34年に制定された小樽の市章ですが、雪を表した六花の中の丸い部分は何を図案化したものでしょう。
① 小樽の「樽」を図案化したもの
② 小樽の「小」を図案化したもの
③ 平和を図案化したもの
④ 雪の結晶を図案化したもの
（選択肢は写真です。images/ の画像を参照）
正解: ② 小樽の「小」を図案化したもの"
R01-Q090,1,第1回,2007-01-28,1級・2級共通,90,,選択,小樽には「市場（いちば）」がまだたくさん残っていますが、行商（ぎょうしょう）の人たち（ガンガン部隊）が集まって商店化していった市場といえばどこでしょうか。,入船市場,南樽市場,妙見市場,三角市場,④,三角市場,,,1-問題.pdf / 1_kaitou.pdf,"【第1回 おたる案内人検定 問90】
小樽には「市場（いちば）」がまだたくさん残っていますが、行商（ぎょうしょう）の人たち（ガンガン部隊）が集まって商店化していった市場といえばどこでしょうか。
① 入船市場
② 南樽市場
③ 妙見市場
④ 三角市場
正解: ④ 三角市場"
R01-Q091,1,第1回,2007-01-28,1級・2級共通,91,,選択,思いやり・感謝・おもてなし・癒し・他人への優しさなどを意味する、小樽観光に重要なキーワードはどれですか。,笑顔,サービスマインド,愛情,ホスピタリティ,④,ホスピタリティ,,,1-問題.pdf / 1_kaitou.pdf,"【第1回 おたる案内人検定 問91】
思いやり・感謝・おもてなし・癒し・他人への優しさなどを意味する、小樽観光に重要なキーワードはどれですか。
① 笑顔
② サービスマインド
③ 愛情
④ ホスピタリティ
正解: ④ ホスピタリティ"
R01-Q092,1,第1回,2007-01-28,1級・2級共通,92,,選択,観光従事者として、観光客をご案内するばあい、一人一人の個を尊重する心のあり方としてどんなことに敏感である必要がありますか。,相手の立場や痛み,嗜好や必要性,対応のあり方,感性や品格,①,相手の立場や痛み,,,1-問題.pdf / 1_kaitou.pdf,"【第1回 おたる案内人検定 問92】
観光従事者として、観光客をご案内するばあい、一人一人の個を尊重する心のあり方としてどんなことに敏感である必要がありますか。
① 相手の立場や痛み
② 嗜好や必要性
③ 対応のあり方
④ 感性や品格
正解: ① 相手の立場や痛み"
R01-Q093,1,第1回,2007-01-28,1級・2級共通,93,,選択,観光従事者としてはもちろん、観光産業に直接携わらないとしても、観光客に対し、小樽市民としてどのような意識が必要でしょうか。,優越感,一人一人が観光を形づくる代表選手,名前を印象つけるアピール,収益主義,②,一人一人が観光を形づくる代表選手,,,1-問題.pdf / 1_kaitou.pdf,"【第1回 おたる案内人検定 問93】
観光従事者としてはもちろん、観光産業に直接携わらないとしても、観光客に対し、小樽市民としてどのような意識が必要でしょうか。
① 優越感
② 一人一人が観光を形づくる代表選手
③ 名前を印象つけるアピール
④ 収益主義
正解: ② 一人一人が観光を形づくる代表選手"
R01-Q094,1,第1回,2007-01-28,1級・2級共通,94,,選択,小樽特有の浜言葉や方言、文化などを好印象を持って受け入れられるためには、たとえばどのような対応が必要でしょうか。,服装,笑顔と声がけ,贈り物,あまり話さないようにする,②,笑顔と声がけ,,,1-問題.pdf / 1_kaitou.pdf,"【第1回 おたる案内人検定 問94】
小樽特有の浜言葉や方言、文化などを好印象を持って受け入れられるためには、たとえばどのような対応が必要でしょうか。
① 服装
② 笑顔と声がけ
③ 贈り物
④ あまり話さないようにする
正解: ② 笑顔と声がけ"
R01-Q095,1,第1回,2007-01-28,1級・2級共通,95,,選択,あなたなりのアイディアやエッセンスを加えたガイドはもちろん魅力的ですが、その際には知識のひけらかしや自慢の押し付けにならないよう、何を大切に感じながら行うと良いでしょう。,お客様の反応,場の雰囲気,相手との違い,自分の様子,①,お客様の反応,,,1-問題.pdf / 1_kaitou.pdf,"【第1回 おたる案内人検定 問95】
あなたなりのアイディアやエッセンスを加えたガイドはもちろん魅力的ですが、その際には知識のひけらかしや自慢の押し付けにならないよう、何を大切に感じながら行うと良いでしょう。
① お客様の反応
② 場の雰囲気
③ 相手との違い
④ 自分の様子
正解: ① お客様の反応"
R01-Q096,1,第1回,2007-01-28,1級・2級共通,96,,選択,観光施設使用時には留意点がいろいろありますが、次のうち間違っているものはどれでしょうか。,施設利用の事前連絡,記念撮影は何処でも良い,禁煙,設備の不備はガイド終了後対応,②,記念撮影は何処でも良い,,,1-問題.pdf / 1_kaitou.pdf,"【第1回 おたる案内人検定 問96】
観光施設使用時には留意点がいろいろありますが、次のうち間違っているものはどれでしょうか。
① 施設利用の事前連絡
② 記念撮影は何処でも良い
③ 禁煙
④ 設備の不備はガイド終了後対応
正解: ② 記念撮影は何処でも良い"
R01-Q097,1,第1回,2007-01-28,1級・2級共通,97,,選択,ガイドを依頼されたとき、より良いガイドを実践するためには、地元の情報収集の他、どのようなことをしておくと良いでしょう。,お客様の情報把握,持ち物の新調,服装に凝る,プレゼントの用意,①,お客様の情報把握,,,1-問題.pdf / 1_kaitou.pdf,"【第1回 おたる案内人検定 問97】
ガイドを依頼されたとき、より良いガイドを実践するためには、地元の情報収集の他、どのようなことをしておくと良いでしょう。
① お客様の情報把握
② 持ち物の新調
③ 服装に凝る
④ プレゼントの用意
正解: ① お客様の情報把握"
R01-Q098,1,第1回,2007-01-28,1級・2級共通,98,,選択,ガイド終了時、アンケートを取る事が望ましいですが、その理由に当てはまらないものを一つ選びましょう。,データの蓄積,個人的に連絡を取るため,要望を聞く,不満を聞く,②,個人的に連絡を取るため,,,1-問題.pdf / 1_kaitou.pdf,"【第1回 おたる案内人検定 問98】
ガイド終了時、アンケートを取る事が望ましいですが、その理由に当てはまらないものを一つ選びましょう。
① データの蓄積
② 個人的に連絡を取るため
③ 要望を聞く
④ 不満を聞く
正解: ② 個人的に連絡を取るため"
R01-Q099,1,第1回,2007-01-28,1級・2級共通,99,,選択,バリアフリーが標準化されてきていますが、小樽では当事者の方々にとってはまだまだ十分な設備がいきとどいておりません。このような小樽で、私たちがすぐにバリアを取り除くことができるといえばどのようなものででしょうか。,行政の力,お金の力,アイディアの力,人の力,④,人の力,,,1-問題.pdf / 1_kaitou.pdf,"【第1回 おたる案内人検定 問99】
バリアフリーが標準化されてきていますが、小樽では当事者の方々にとってはまだまだ十分な設備がいきとどいておりません。このような小樽で、私たちがすぐにバリアを取り除くことができるといえばどのようなものででしょうか。
① 行政の力
② お金の力
③ アイディアの力
④ 人の力
正解: ④ 人の力"
R01-Q100,1,第1回,2007-01-28,1級・2級共通,100,,選択,小樽にとって大きな資源である観光を最大に生かすためには、小樽市民全体の観光客に対する接し方で何が一番大切でしょうか。,おもてなし,観光の知識を身につける,無関心,平常心,①,おもてなし,,,1-問題.pdf / 1_kaitou.pdf,"【第1回 おたる案内人検定 問100】
小樽にとって大きな資源である観光を最大に生かすためには、小樽市民全体の観光客に対する接し方で何が一番大切でしょうか。
① おもてなし
② 観光の知識を身につける
③ 無関心
④ 平常心
正解: ① おもてなし"
R02-Q001,2,第2回,,1級・2級共通,1,,記述,江戸時代は単なる場所（漁場）だった小樽が「村並」になったのは元治2(1865)年（初版テキストでは慶応元年の表記）ですが、そのとき名主になったのは誰ですか。性名を書きなさい。,,,,,山田兵蔵やまだへいぞう,,,,2-問題.pdf / 2_kaitou.pdf,"【第2回 おたる案内人検定 問1】
江戸時代は単なる場所（漁場）だった小樽が「村並」になったのは元治2(1865)年（初版テキストでは慶応元年の表記）ですが、そのとき名主になったのは誰ですか。性名を書きなさい。
正解: 山田兵蔵やまだへいぞう"
R02-Q002,2,第2回,,1級・2級共通,2,,記述,明治から昭和の初期にかけて北海道には全国が欲しがる代表的な2つの資源がありました。それは何と何ですか。,,,,,鰊と石炭,,,,2-問題.pdf / 2_kaitou.pdf,"【第2回 おたる案内人検定 問2】
明治から昭和の初期にかけて北海道には全国が欲しがる代表的な2つの資源がありました。それは何と何ですか。
正解: 鰊と石炭"
R02-Q003,2,第2回,,1級・2級共通,3,,記述,手宮〜幌内間の鉄道敷設に最も貢献したお雇い外国人は誰ですか。,,,,,クロフォード,,,,2-問題.pdf / 2_kaitou.pdf,"【第2回 おたる案内人検定 問3】
手宮〜幌内間の鉄道敷設に最も貢献したお雇い外国人は誰ですか。
正解: クロフォード"
R02-Q004,2,第2回,,1級・2級共通,4,,記述,明治の日本は開国して産業革命に追いつくために大量のエネルギーを欲しがりました。そのエネルギーは専ら石炭でしたが、当時は北九州の筑豊炭鉱と北海道のなんという炭鉱でしたか。それは現在の三笠市にありました。,,,,,幌内炭鉱,,,,2-問題.pdf / 2_kaitou.pdf,"【第2回 おたる案内人検定 問4】
明治の日本は開国して産業革命に追いつくために大量のエネルギーを欲しがりました。そのエネルギーは専ら石炭でしたが、当時は北九州の筑豊炭鉱と北海道のなんという炭鉱でしたか。それは現在の三笠市にありました。
正解: 幌内炭鉱"
R02-Q005,2,第2回,,1級・2級共通,5,,選択,上記の炭鉱から鉄道で実際に石炭が小樽に運ばれたのは次のうちどれですか。,明治13年,明治15年,明治22年,明治32年,②,明治15年,,,2-問題.pdf / 2_kaitou.pdf,"【第2回 おたる案内人検定 問5】
上記の炭鉱から鉄道で実際に石炭が小樽に運ばれたのは次のうちどれですか。
① 明治13年
② 明治15年
③ 明治22年
④ 明治32年
正解: ② 明治15年"
R02-Q006,2,第2回,,1級・2級共通,6,,選択,小樽の黄金時代に築かれた歴史的環境の中でも特に銀行建築は偉容を呈しています。旧日本銀行は金融資料館、旧三菱銀行は小樽運河ターミナルとして再利用されていますが、現在小樽バインとして利用されている建物の旧銀行名は何ですか。,旧第一銀行,旧北海道銀行,旧中越銀行,旧北海道拓殖銀行,②,旧北海道銀行,,,2-問題.pdf / 2_kaitou.pdf,"【第2回 おたる案内人検定 問6】
小樽の黄金時代に築かれた歴史的環境の中でも特に銀行建築は偉容を呈しています。旧日本銀行は金融資料館、旧三菱銀行は小樽運河ターミナルとして再利用されていますが、現在小樽バインとして利用されている建物の旧銀行名は何ですか。
① 旧第一銀行
② 旧北海道銀行
③ 旧中越銀行
④ 旧北海道拓殖銀行
正解: ② 旧北海道銀行"
R02-Q007,2,第2回,,1級・2級共通,7,,選択,明治から昭和初期にかけて小樽の黄金時代は形成されましたが、第二次大戦を挟んで、この黄金時代を支えていた全ての要素を失ってしまいました。その原因で間違いはどれですか。,鰊がとれなくなった,石炭が石油に変わった,統制経済で商都機能が札幌に移った,観光客が来なくなった,④,観光客が来なくなった,,,2-問題.pdf / 2_kaitou.pdf,"【第2回 おたる案内人検定 問7】
明治から昭和初期にかけて小樽の黄金時代は形成されましたが、第二次大戦を挟んで、この黄金時代を支えていた全ての要素を失ってしまいました。その原因で間違いはどれですか。
① 鰊がとれなくなった
② 石炭が石油に変わった
③ 統制経済で商都機能が札幌に移った
④ 観光客が来なくなった
正解: ④ 観光客が来なくなった"
R02-Q008,2,第2回,,1級・2級共通,8,,記述,鰊漁期中に白子で海が白くなるという現象がありますが、このことを何といいますか。,,,,,群来（くき）,,,,2-問題.pdf / 2_kaitou.pdf,"【第2回 おたる案内人検定 問8】
鰊漁期中に白子で海が白くなるという現象がありますが、このことを何といいますか。
正解: 群来（くき）"
R02-Q009,2,第2回,,1級・2級共通,9,,選択,祝津の大漁家だった青山家と茨木家の出身県を以下から選んでください。,青森県,秋田県,山形県,岩手県,③,山形県,,,2-問題.pdf / 2_kaitou.pdf,"【第2回 おたる案内人検定 問9】
祝津の大漁家だった青山家と茨木家の出身県を以下から選んでください。
① 青森県
② 秋田県
③ 山形県
④ 岩手県
正解: ③ 山形県"
R02-Q010,2,第2回,,1級・2級共通,10,,記述,漁獲高を表す「石」をキログラムで換算すると約何キログラムとなりますか。（生鰊の場合）,,,,,750㎏,,,,2-問題.pdf / 2_kaitou.pdf,"【第2回 おたる案内人検定 問10】
漁獲高を表す「石」をキログラムで換算すると約何キログラムとなりますか。（生鰊の場合）
正解: 750㎏"
R02-Q011,2,第2回,,1級・2級共通,11,,選択,小樽の鰊漁獲高が最高だった年を以下から選んでください。,明治30年,大正3年,大正14年,昭和8年,③,大正14年,,,2-問題.pdf / 2_kaitou.pdf,"【第2回 おたる案内人検定 問11】
小樽の鰊漁獲高が最高だった年を以下から選んでください。
① 明治30年
② 大正3年
③ 大正14年
④ 昭和8年
正解: ③ 大正14年"
R02-Q012,2,第2回,,1級・2級共通,12,,選択,江戸時代後半から肥料の主体となった搾粕（〆粕）でしたが、その後あらわれたライバル肥料を以下から選んでください。,化学肥料と大豆粕,干イワシと大豆粕,化学肥料と干イワシ,白子と数の子,①,化学肥料と大豆粕,,,2-問題.pdf / 2_kaitou.pdf,"【第2回 おたる案内人検定 問12】
江戸時代後半から肥料の主体となった搾粕（〆粕）でしたが、その後あらわれたライバル肥料を以下から選んでください。
① 化学肥料と大豆粕
② 干イワシと大豆粕
③ 化学肥料と干イワシ
④ 白子と数の子
正解: ① 化学肥料と大豆粕"
R02-Q013,2,第2回,,1級・2級共通,13,,記述,明治20年代、小樽と高島産のものが良質な製品といわれた鰊製品は何でしょうか。,,,,,身欠鰊（みがきにしん）,,,,2-問題.pdf / 2_kaitou.pdf,"【第2回 おたる案内人検定 問13】
明治20年代、小樽と高島産のものが良質な製品といわれた鰊製品は何でしょうか。
正解: 身欠鰊（みがきにしん）"
R02-Q014,2,第2回,,1級・2級共通,14,,選択,江戸時代、他に比べるもののない好漁場と呼ばれた小樽を含む中場所の範囲を以下から選んでください。,歌棄から厚田まで,磯谷から歌棄まで,忍路から高島まで,積丹から厚田まで,④,積丹から厚田まで,,,2-問題.pdf / 2_kaitou.pdf,"【第2回 おたる案内人検定 問14】
江戸時代、他に比べるもののない好漁場と呼ばれた小樽を含む中場所の範囲を以下から選んでください。
① 歌棄から厚田まで
② 磯谷から歌棄まで
③ 忍路から高島まで
④ 積丹から厚田まで
正解: ④ 積丹から厚田まで"
R02-Q015,2,第2回,,1級・2級共通,15,,選択,小樽で漁網を扱っていた板谷商店や新谷商店の出身県を以下から選んでください。,滋賀県,新潟県,秋田県,福井県,②,新潟県,,,2-問題.pdf / 2_kaitou.pdf,"【第2回 おたる案内人検定 問15】
小樽で漁網を扱っていた板谷商店や新谷商店の出身県を以下から選んでください。
① 滋賀県
② 新潟県
③ 秋田県
④ 福井県
正解: ② 新潟県"
R02-Q016,2,第2回,,1級・2級共通,16,,選択,オタルナイ場所とタカシマ場所、タカシマ場所とオショロ場所の境界の組み合わせの正しいものを以下から選んでください。,於古発川（妙見川）と山中,星置と於古発川（妙見川）,有幌町と茅芝岬,平磯岬と手宮,①,於古発川（妙見川）と山中,,,2-問題.pdf / 2_kaitou.pdf,"【第2回 おたる案内人検定 問16】
オタルナイ場所とタカシマ場所、タカシマ場所とオショロ場所の境界の組み合わせの正しいものを以下から選んでください。
① 於古発川（妙見川）と山中
② 星置と於古発川（妙見川）
③ 有幌町と茅芝岬
④ 平磯岬と手宮
正解: ① 於古発川（妙見川）と山中"
R02-Q017,2,第2回,,1級・2級共通,17,,記述,沖揚げ音頭をうたう際の独唱の別称を何といいますか。,,,,,ハオイ,,,,2-問題.pdf / 2_kaitou.pdf,"【第2回 おたる案内人検定 問17】
沖揚げ音頭をうたう際の独唱の別称を何といいますか。
正解: ハオイ"
R02-Q018,2,第2回,,1級・2級共通,18,,記述,小樽観光の特徴である歴史的環境のいしずえとなったのは「北前船」の活躍でした。この船を何と読みますか。,,,,,きたまえぶね,,,,2-問題.pdf / 2_kaitou.pdf,"【第2回 おたる案内人検定 問18】
小樽観光の特徴である歴史的環境のいしずえとなったのは「北前船」の活躍でした。この船を何と読みますか。
正解: きたまえぶね"
R02-Q019,2,第2回,,1級・2級共通,19,,選択,北前船は弁財船の一種で、大阪〜蝦夷間で交易した西海路でしたが、大阪〜江戸間で交易した南海路で活躍した弁財船には樽廻船と何でしたか。,飛騨廻船,檜山廻船,菱垣廻船,千石船,③,菱垣廻船,,,2-問題.pdf / 2_kaitou.pdf,"【第2回 おたる案内人検定 問19】
北前船は弁財船の一種で、大阪〜蝦夷間で交易した西海路でしたが、大阪〜江戸間で交易した南海路で活躍した弁財船には樽廻船と何でしたか。
① 飛騨廻船
② 檜山廻船
③ 菱垣廻船
④ 千石船
正解: ③ 菱垣廻船"
R02-Q020,2,第2回,,1級・2級共通,20,,記述,北前船は近江商法を学んで、単なる「運賃積み」ではなく、寄港地で仕入れ・販売を行うユニークな商法を開発しましたが、この商法を何といいますか。,,,,,買い積み,,,,2-問題.pdf / 2_kaitou.pdf,"【第2回 おたる案内人検定 問20】
北前船は近江商法を学んで、単なる「運賃積み」ではなく、寄港地で仕入れ・販売を行うユニークな商法を開発しましたが、この商法を何といいますか。
正解: 買い積み"
R02-Q021,2,第2回,,1級・2級共通,21,,選択,北前船の上り荷は、当時の北海道の資源でしたが、次の内上り荷として違うのはどれですか。,イリコ,〆粕,昆布,木材,④,木材,,,2-問題.pdf / 2_kaitou.pdf,"【第2回 おたる案内人検定 問21】
北前船の上り荷は、当時の北海道の資源でしたが、次の内上り荷として違うのはどれですか。
① イリコ
② 〆粕
③ 昆布
④ 木材
正解: ④ 木材"
R02-Q022,2,第2回,,1級・2級共通,22,,選択,小樽に倉庫を建てた最初のビジネスは北前船で、積荷を短期間に売り尽くせない場合もあるので、保管を目的に倉庫を建てました。この業務をなんといいましたか。,蔵敷業務,蔵入業務,蔵積業務,蔵前業務,①,蔵敷業務,,,2-問題.pdf / 2_kaitou.pdf,"【第2回 おたる案内人検定 問22】
小樽に倉庫を建てた最初のビジネスは北前船で、積荷を短期間に売り尽くせない場合もあるので、保管を目的に倉庫を建てました。この業務をなんといいましたか。
① 蔵敷業務
② 蔵入業務
③ 蔵積業務
④ 蔵前業務
正解: ① 蔵敷業務"
R02-Q023,2,第2回,,1級・2級共通,23,,選択,小樽の住吉神社の大鳥居を寄附したコンビはどれですか。,西出孫左衛門と西谷庄八,広海二三郎と大家七平,板谷宮吉と高橋直治,右近権左衛門と中村三之丞,②,広海二三郎と大家七平,,,2-問題.pdf / 2_kaitou.pdf,"【第2回 おたる案内人検定 問23】
小樽の住吉神社の大鳥居を寄附したコンビはどれですか。
① 西出孫左衛門と西谷庄八
② 広海二三郎と大家七平
③ 板谷宮吉と高橋直治
④ 右近権左衛門と中村三之丞
正解: ② 広海二三郎と大家七平"
R02-Q024,2,第2回,,1級・2級共通,24,,選択,現在の運河プラザや小樽市総合博物館運河館が入居している旧小樽倉庫を建てた北前船主は誰ですか。,広海二三郎,大家七平,西出孫左衛門と西谷庄八,右近権左衛門と中村三之丞,③,西出孫左衛門と西谷庄八,,,2-問題.pdf / 2_kaitou.pdf,"【第2回 おたる案内人検定 問24】
現在の運河プラザや小樽市総合博物館運河館が入居している旧小樽倉庫を建てた北前船主は誰ですか。
① 広海二三郎
② 大家七平
③ 西出孫左衛門と西谷庄八
④ 右近権左衛門と中村三之丞
正解: ③ 西出孫左衛門と西谷庄八"
R02-Q025,2,第2回,,1級・2級共通,25,,記述,右近倉庫に掲げられている有名な印ですが、その読みはなんといいますか。,,,,,いちぜんばし,,images/R02-Q025-stem.png,問題文に右近倉庫の印の写真があるが、元PDFの埋め込み画像が142x140pxで白黒に潰れており印の細部は判別できない。同じ知識は第1回 問30（選択式）でも問われている。images/R02-Q025-stem.png,2-問題.pdf / 2_kaitou.pdf,"【第2回 おたる案内人検定 問25】
右近倉庫に掲げられている有名な印ですが、その読みはなんといいますか。
（選択肢は写真です。images/ の画像を参照）
正解: いちぜんばし"
R02-Q026,2,第2回,,1級・2級共通,26,,選択,小樽に進出してきた商人群を出身地ごとの特徴で表した俗諺の空白はどれですか。「地均近江　種蒔松前　（　　）　刈取越後」,飼料加越,開拓越中,資本能登,肥料加賀,④,肥料加賀,,,2-問題.pdf / 2_kaitou.pdf,"【第2回 おたる案内人検定 問26】
小樽に進出してきた商人群を出身地ごとの特徴で表した俗諺の空白はどれですか。「地均近江　種蒔松前　（　　）　刈取越後」
① 飼料加越
② 開拓越中
③ 資本能登
④ 肥料加賀
正解: ④ 肥料加賀"
R02-Q027,2,第2回,,1級・2級共通,27,,選択,次のうち近江商人でないのはどれですか。,岡田弥三右衛門,西川伝右衛門,石橋彦三郎,西出孫左衛門,④,西出孫左衛門,,,2-問題.pdf / 2_kaitou.pdf,"【第2回 おたる案内人検定 問27】
次のうち近江商人でないのはどれですか。
① 岡田弥三右衛門
② 西川伝右衛門
③ 石橋彦三郎
④ 西出孫左衛門
正解: ④ 西出孫左衛門"
R02-Q028,2,第2回,,1級・2級共通,28,,記述,明治24(1891)年に主筆に中江兆民を招き小樽で最初の新聞「北門新報」を発行し、明治33(1900)年には30歳で初代の小樽区長になった商人は誰ですか。,,,,,金子元三郎かねこもとさぶろう,,,,2-問題.pdf / 2_kaitou.pdf,"【第2回 おたる案内人検定 問28】
明治24(1891)年に主筆に中江兆民を招き小樽で最初の新聞「北門新報」を発行し、明治33(1900)年には30歳で初代の小樽区長になった商人は誰ですか。
正解: 金子元三郎かねこもとさぶろう"
R02-Q029,2,第2回,,1級・2級共通,29,,記述,信香間の廻船問屋藤山重蔵（山田吉兵衛の親類）の養子となって、明治12(1879)年家督を継ぎ、小樽〜北陸、小樽〜稚内、小樽〜越後の航路を開き、同37(1904)年の日露戦に御用船を提供して財を築き船成金の異名を馳せ、公会堂を寄贈した商人は誰ですか。,,,,,藤山要吉ふじやまようきち,,,,2-問題.pdf / 2_kaitou.pdf,"【第2回 おたる案内人検定 問29】
信香間の廻船問屋藤山重蔵（山田吉兵衛の親類）の養子となって、明治12(1879)年家督を継ぎ、小樽〜北陸、小樽〜稚内、小樽〜越後の航路を開き、同37(1904)年の日露戦に御用船を提供して財を築き船成金の異名を馳せ、公会堂を寄贈した商人は誰ですか。
正解: 藤山要吉ふじやまようきち"
R02-Q030,2,第2回,,1級・2級共通,30,,選択,今日も発展しているスハラ食品(株)の小樽での一歩は、明治14(1881)年に寿原弥平次が有幌町で瀬戸物店を開業したところからはじまりますが、寿原一族の中で、昭和23(1948)年に北洋銀行（現在花園十字街角の無尽ビル）の社長になったのは次のどれですか。,寿原外吉,寿原重太郎,寿原猪之吉,寿原九郎,④,寿原九郎,,,2-問題.pdf / 2_kaitou.pdf,"【第2回 おたる案内人検定 問30】
今日も発展しているスハラ食品(株)の小樽での一歩は、明治14(1881)年に寿原弥平次が有幌町で瀬戸物店を開業したところからはじまりますが、寿原一族の中で、昭和23(1948)年に北洋銀行（現在花園十字街角の無尽ビル）の社長になったのは次のどれですか。
① 寿原外吉
② 寿原重太郎
③ 寿原猪之吉
④ 寿原九郎
正解: ④ 寿原九郎"
R02-Q031,2,第2回,,1級・2級共通,31,,記述,北の誉の創始者野口吉次郎の息子喜一郎の設計で建てられ、天皇・皇后両陛下が昭和29(1954)年8月にご来道の際、小樽での宿所となったこの建物の名称は何ですか。,,,,,和光荘,,,,2-問題.pdf / 2_kaitou.pdf,"【第2回 おたる案内人検定 問31】
北の誉の創始者野口吉次郎の息子喜一郎の設計で建てられ、天皇・皇后両陛下が昭和29(1954)年8月にご来道の際、小樽での宿所となったこの建物の名称は何ですか。
正解: 和光荘"
R02-Q032,2,第2回,,1級・2級共通,32,,選択,大正3(1914)年に勃発した第一次大戦時に小豆を買い占めてロンドンの相場を揺るがしたという商人が小樽に多くの倉庫を建設して豆を選別する女工さんをたくさん雇用していました。この豆成金と呼ばれた商人は誰ですか。,石橋彦三郎,高橋直治,渡辺兵四郎,岡崎謙,②,高橋直治,,,2-問題.pdf / 2_kaitou.pdf,"【第2回 おたる案内人検定 問32】
大正3(1914)年に勃発した第一次大戦時に小豆を買い占めてロンドンの相場を揺るがしたという商人が小樽に多くの倉庫を建設して豆を選別する女工さんをたくさん雇用していました。この豆成金と呼ばれた商人は誰ですか。
① 石橋彦三郎
② 高橋直治
③ 渡辺兵四郎
④ 岡崎謙
正解: ② 高橋直治"
R02-Q033,2,第2回,,1級・2級共通,33,,記述,小林多喜二の「不在地主」という作品のモデルといわれた商人の磯野進が建てたれんが蔵が現在の色内2丁目に残っていますが、今は何という店名で使われているでしょうか。,,,,,海猫屋,,,,2-問題.pdf / 2_kaitou.pdf,"【第2回 おたる案内人検定 問33】
小林多喜二の「不在地主」という作品のモデルといわれた商人の磯野進が建てたれんが蔵が現在の色内2丁目に残っていますが、今は何という店名で使われているでしょうか。
正解: 海猫屋"
R02-Q034,2,第2回,,1級・2級共通,34,,選択,小樽港の防波堤内側の面積は、札幌ドームのおよそ何個分ですか。,40個,60個,80個,100個,②,60個,,,2-問題.pdf / 2_kaitou.pdf,"【第2回 おたる案内人検定 問34】
小樽港の防波堤内側の面積は、札幌ドームのおよそ何個分ですか。
① 40個
② 60個
③ 80個
④ 100個
正解: ② 60個"
R02-Q035,2,第2回,,1級・2級共通,35,,選択,北海道を代表する重要港湾の一つとして、国内外の海上輸送網の拠点となっている小樽港ですが、その特徴で間違っているものはどれでしょうか。,砂浜を深く掘り込んだ日本で初めての港である,埠頭や運河建設のために埋立てが行われた,冬の季節風が強いので防波堤建設が行われた,日本で初めての本格的な外洋防波堤が建設された,①,砂浜を深く掘り込んだ日本で初めての港である,,,2-問題.pdf / 2_kaitou.pdf,"【第2回 おたる案内人検定 問35】
北海道を代表する重要港湾の一つとして、国内外の海上輸送網の拠点となっている小樽港ですが、その特徴で間違っているものはどれでしょうか。
① 砂浜を深く掘り込んだ日本で初めての港である
② 埠頭や運河建設のために埋立てが行われた
③ 冬の季節風が強いので防波堤建設が行われた
④ 日本で初めての本格的な外洋防波堤が建設された
正解: ① 砂浜を深く掘り込んだ日本で初めての港である"
R02-Q036,2,第2回,,1級・2級共通,36,,記述,小樽港が近代的な港湾として整備が始まったのは明治時代の小樽築港第一期工事でした。この時つくられた今も残る大きな構造物とは何ですか。,,,,,北防波堤,,,,2-問題.pdf / 2_kaitou.pdf,"【第2回 おたる案内人検定 問36】
小樽港が近代的な港湾として整備が始まったのは明治時代の小樽築港第一期工事でした。この時つくられた今も残る大きな構造物とは何ですか。
正解: 北防波堤"
R02-Q037,2,第2回,,1級・2級共通,37,,記述,幕末から取り組まれていた海岸の埋立ては明治時代にも継続され海岸沿いに街並みができるようになりました。明治6(1873)年に完成した小樽港ではじめての石造埠頭はどこにつくられたでしょうか。,,,,,色内,,,,2-問題.pdf / 2_kaitou.pdf,"【第2回 おたる案内人検定 問37】
幕末から取り組まれていた海岸の埋立ては明治時代にも継続され海岸沿いに街並みができるようになりました。明治6(1873)年に完成した小樽港ではじめての石造埠頭はどこにつくられたでしょうか。
正解: 色内"
R02-Q038,2,第2回,,1級・2級共通,38,,選択,廣井勇が小樽港北防波堤の建設で導入した技術のうち正しいものはどれですか。,テトラポッドを使った現代的な波消し技術,重量のあるケーソンを基礎に据付けることにより、その重さで外洋の波に打ち勝つ技術,コンクリートブロックを斜めに積み、自重をかけることで安定させ、波の力の一部を分散させる斜め積み,千トンを超える大型のケーソン（函塊）を陸上のヤードで製作し海中に向けて滑り落とすという進水方式,③,コンクリートブロックを斜めに積み、自重をかけることで安定させ、波の力の一部を分散させる斜め積み,,,2-問題.pdf / 2_kaitou.pdf,"【第2回 おたる案内人検定 問38】
廣井勇が小樽港北防波堤の建設で導入した技術のうち正しいものはどれですか。
① テトラポッドを使った現代的な波消し技術
② 重量のあるケーソンを基礎に据付けることにより、その重さで外洋の波に打ち勝つ技術
③ コンクリートブロックを斜めに積み、自重をかけることで安定させ、波の力の一部を分散させる斜め積み
④ 千トンを超える大型のケーソン（函塊）を陸上のヤードで製作し海中に向けて滑り落とすという進水方式
正解: ③ コンクリートブロックを斜めに積み、自重をかけることで安定させ、波の力の一部を分散させる斜め積み"
R02-Q039,2,第2回,,1級・2級共通,39,,選択,廣井勇のあと、小樽築港所長を務めた小樽港の育ての親とも言われる伊藤長右衛門の説明で間違っているものを一つ選んで下さい。,伊藤長右衛門は福井県出身で日露戦争に従軍し勲章をもらっている,伊藤長右衛門は廣井勇の門下生で、東京帝国大学を卒業後北海道庁技師となり、その後小樽築港事務所長になった,伊藤長右衛門は数々の試験と検討の結果、千トンを超える大型のケーソン（函塊）を陸上のヤードで製作し海中に向けて滑り落とすという進水方式を開発した,伊藤長右衛門の功績を讃える胸像は、小樽築港事務所で防波堤を見守るように建っている,④,伊藤長右衛門の功績を讃える胸像は、小樽築港事務所で防波堤を見守るように建っている,,,2-問題.pdf / 2_kaitou.pdf,"【第2回 おたる案内人検定 問39】
廣井勇のあと、小樽築港所長を務めた小樽港の育ての親とも言われる伊藤長右衛門の説明で間違っているものを一つ選んで下さい。
① 伊藤長右衛門は福井県出身で日露戦争に従軍し勲章をもらっている
② 伊藤長右衛門は廣井勇の門下生で、東京帝国大学を卒業後北海道庁技師となり、その後小樽築港事務所長になった
③ 伊藤長右衛門は数々の試験と検討の結果、千トンを超える大型のケーソン（函塊）を陸上のヤードで製作し海中に向けて滑り落とすという進水方式を開発した
④ 伊藤長右衛門の功績を讃える胸像は、小樽築港事務所で防波堤を見守るように建っている
正解: ④ 伊藤長右衛門の功績を讃える胸像は、小樽築港事務所で防波堤を見守るように建っている"
R02-Q040,2,第2回,,1級・2級共通,40,,記述,幌内で発見された石炭が良質であることを見抜き、幌内炭鉱の開発を推進した開拓使物産取調掛は誰だったでしょうか。,,,,,榎本武揚えのもとたけあき,,,,2-問題.pdf / 2_kaitou.pdf,"【第2回 おたる案内人検定 問40】
幌内で発見された石炭が良質であることを見抜き、幌内炭鉱の開発を推進した開拓使物産取調掛は誰だったでしょうか。
正解: 榎本武揚えのもとたけあき"
R02-Q041,2,第2回,,1級・2級共通,41,,選択,当初、幌内からの鉱石輸送は開拓使による水運工事を中心に計画され、オランダから河川工学の専門家ヨハン・G・ゲントを招きます。しかし、クロフォードによる札幌〜小樽間の馬車道の開削成功は鉄道主体の案に大きく変わっていく要因となります。しかし、それ以上に根本的な問題が水運案にはありました。もっとも深刻な問題はどれであったでしょうか。,大量運搬のできる蒸気船の開発,砂がたまりやすい石狩川河口での港の浚渫,石狩川でのサケ漁民の反対,融雪期の洪水など治水対策,④,融雪期の洪水など治水対策,,,2-問題.pdf / 2_kaitou.pdf,"【第2回 おたる案内人検定 問41】
当初、幌内からの鉱石輸送は開拓使による水運工事を中心に計画され、オランダから河川工学の専門家ヨハン・G・ゲントを招きます。しかし、クロフォードによる札幌〜小樽間の馬車道の開削成功は鉄道主体の案に大きく変わっていく要因となります。しかし、それ以上に根本的な問題が水運案にはありました。もっとも深刻な問題はどれであったでしょうか。
① 大量運搬のできる蒸気船の開発
② 砂がたまりやすい石狩川河口での港の浚渫
③ 石狩川でのサケ漁民の反対
④ 融雪期の洪水など治水対策
正解: ④ 融雪期の洪水など治水対策"
R02-Q042,2,第2回,,1級・2級共通,42,,記述,明治12(1879)年、開拓使はクロフォードに札樽間道路の建設を命じます。クロフォードはこの工事を驚異的な日程で完成させます。それは何ヶ月だったでしょうか。,,,,,5ヶ月,,,,2-問題.pdf / 2_kaitou.pdf,"【第2回 おたる案内人検定 問42】
明治12(1879)年、開拓使はクロフォードに札樽間道路の建設を命じます。クロフォードはこの工事を驚異的な日程で完成させます。それは何ヶ月だったでしょうか。
正解: 5ヶ月"
R02-Q043,2,第2回,,1級・2級共通,43,,選択,明治12(1879)年12月、開拓使は石炭運搬の鉄道を幌内〜小樽間に敷設することを決定します。この時、小樽までの延伸で生まれる副次的な効果が『開拓使報文』に掲載されています。幌内鉄道のその後を決定付けたその副次的な効果とは何でしょうか。,ロシアに対して北海道開発の実績を示すことになる。,当時一番の産業であったニシンの運搬が可能になる。,鉄道開発による森林伐採でクマやオオカミが減少する。,旅客・貨物から生じる利益が石炭運搬費の補助となる。,④,旅客・貨物から生じる利益が石炭運搬費の補助となる。,,,2-問題.pdf / 2_kaitou.pdf,"【第2回 おたる案内人検定 問43】
明治12(1879)年12月、開拓使は石炭運搬の鉄道を幌内〜小樽間に敷設することを決定します。この時、小樽までの延伸で生まれる副次的な効果が『開拓使報文』に掲載されています。幌内鉄道のその後を決定付けたその副次的な効果とは何でしょうか。
① ロシアに対して北海道開発の実績を示すことになる。
② 当時一番の産業であったニシンの運搬が可能になる。
③ 鉄道開発による森林伐採でクマやオオカミが減少する。
④ 旅客・貨物から生じる利益が石炭運搬費の補助となる。
正解: ④ 旅客・貨物から生じる利益が石炭運搬費の補助となる。"
R02-Q044,2,第2回,,1級・2級共通,44,,記述,幌内鉄道が手宮〜札幌間で開通した明治13(1880)年、手宮から札幌までの汽車の所要時間は約何時間だったでしょうか。,,,,,3時間,,,,2-問題.pdf / 2_kaitou.pdf,"【第2回 おたる案内人検定 問44】
幌内鉄道が手宮〜札幌間で開通した明治13(1880)年、手宮から札幌までの汽車の所要時間は約何時間だったでしょうか。
正解: 3時間"
R02-Q045,2,第2回,,1級・2級共通,45,,選択,函館〜小樽間の鉄道建設は道庁が当初計画し、平井晴二郎などによる測量が行われました。この段階では岩内〜寿都の海岸線を通るルートでしたが、後年実際の建設時では倶知安周りのルートに変更されます。その主な原因は何でしょうか。,ニシン漁家の反対,北前船以来の伝統を持つ水運業者の反対,羊蹄山周辺の観光開発計画があったから,軍艦から攻撃されやすく、それを避けるための軍事上の理由から,④,軍艦から攻撃されやすく、それを避けるための軍事上の理由から,,,2-問題.pdf / 2_kaitou.pdf,"【第2回 おたる案内人検定 問45】
函館〜小樽間の鉄道建設は道庁が当初計画し、平井晴二郎などによる測量が行われました。この段階では岩内〜寿都の海岸線を通るルートでしたが、後年実際の建設時では倶知安周りのルートに変更されます。その主な原因は何でしょうか。
① ニシン漁家の反対
② 北前船以来の伝統を持つ水運業者の反対
③ 羊蹄山周辺の観光開発計画があったから
④ 軍艦から攻撃されやすく、それを避けるための軍事上の理由から
正解: ④ 軍艦から攻撃されやすく、それを避けるための軍事上の理由から"
R02-Q046,2,第2回,,1級・2級共通,46,,記述,明治の時代に港の整備方法をめぐって大論争があったときに「艀を利用した運河式の方が便利である」と指摘し、その後の検討に大きな影響を与えた人は誰でしょうか。,,,,,廣井勇ひろいいさみ,,,,2-問題.pdf / 2_kaitou.pdf,"【第2回 おたる案内人検定 問46】
明治の時代に港の整備方法をめぐって大論争があったときに「艀を利用した運河式の方が便利である」と指摘し、その後の検討に大きな影響を与えた人は誰でしょうか。
正解: 廣井勇ひろいいさみ"
R02-Q047,2,第2回,,1級・2級共通,47,,選択,運河を埋め立てて幹線道路をつくる計画が決まったのはいつのことでしょうか。,大正12(1923)年,昭和27(1952)年,昭和41(1966)年,昭和55(1980)年,③,昭和41(1966)年,,,2-問題.pdf / 2_kaitou.pdf,"【第2回 おたる案内人検定 問47】
運河を埋め立てて幹線道路をつくる計画が決まったのはいつのことでしょうか。
① 大正12(1923)年
② 昭和27(1952)年
③ 昭和41(1966)年
④ 昭和55(1980)年
正解: ③ 昭和41(1966)年"
R02-Q048,2,第2回,,1級・2級共通,48,,選択,幹線道路建設で石造倉庫の街並みが取り壊されたのが、小樽運河保存運動が立ち上がるきっかけとなったと言われますが、その石造倉庫群はどこにあったのでしょうか。,手宮地区,有幌地区,色内地区,勝納地区,②,有幌地区,,,2-問題.pdf / 2_kaitou.pdf,"【第2回 おたる案内人検定 問48】
幹線道路建設で石造倉庫の街並みが取り壊されたのが、小樽運河保存運動が立ち上がるきっかけとなったと言われますが、その石造倉庫群はどこにあったのでしょうか。
① 手宮地区
② 有幌地区
③ 色内地区
④ 勝納地区
正解: ② 有幌地区"
R02-Q049,2,第2回,,1級・2級共通,49,,選択,昭和45(1970)年に日本建築学会の明治建築調査小委員会が公表した保存したい明治建築のリストに、町並みとして取り上げられたのは、小樽運河周辺の歴史的町並みと、グラバー邸を核とする長崎の南山手地区の他、あと1カ所はどこでしょうか。,大阪中之島界わいの公共建築群,東京丸の内のオフィス建築群,函館のレンガ倉庫街,神戸の山本通の異人館街,④,神戸の山本通の異人館街,,,2-問題.pdf / 2_kaitou.pdf,"【第2回 おたる案内人検定 問49】
昭和45(1970)年に日本建築学会の明治建築調査小委員会が公表した保存したい明治建築のリストに、町並みとして取り上げられたのは、小樽運河周辺の歴史的町並みと、グラバー邸を核とする長崎の南山手地区の他、あと1カ所はどこでしょうか。
① 大阪中之島界わいの公共建築群
② 東京丸の内のオフィス建築群
③ 函館のレンガ倉庫街
④ 神戸の山本通の異人館街
正解: ④ 神戸の山本通の異人館街"
R02-Q050,2,第2回,,1級・2級共通,50,,記述,昭和53(1978)年7月に、小樽の若者を中心に運河とその周辺の石造倉庫を舞台にした市民手づくりの祭りが行われ、小樽運河に市民の大きな関心を集めるきっかけとなりました。このお祭りの名前は何といいますか。,,,,,ポートフェスティバル,,,,2-問題.pdf / 2_kaitou.pdf,"【第2回 おたる案内人検定 問50】
昭和53(1978)年7月に、小樽の若者を中心に運河とその周辺の石造倉庫を舞台にした市民手づくりの祭りが行われ、小樽運河に市民の大きな関心を集めるきっかけとなりました。このお祭りの名前は何といいますか。
正解: ポートフェスティバル"
R02-Q051,2,第2回,,1級・2級共通,51,,選択,運河をつうじて小樽のまちを見つめ直す機会を得た多くの人々のエネルギーは、その後のまちづくりに脈々と生き続けていると言えます。そのひとつとして平成16年度の国土交通省大臣表彰「手づくり郷土賞」を受賞したのは次のどれですか。,小樽雪あかりの路,グラスフェスタ,小樽味覚祭り,小樽歴史の祭典,①,小樽雪あかりの路,,,2-問題.pdf / 2_kaitou.pdf,"【第2回 おたる案内人検定 問51】
運河をつうじて小樽のまちを見つめ直す機会を得た多くの人々のエネルギーは、その後のまちづくりに脈々と生き続けていると言えます。そのひとつとして平成16年度の国土交通省大臣表彰「手づくり郷土賞」を受賞したのは次のどれですか。
① 小樽雪あかりの路
② グラスフェスタ
③ 小樽味覚祭り
④ 小樽歴史の祭典
正解: ① 小樽雪あかりの路"
R02-Q052,2,第2回,,1級・2級共通,52,,選択,江戸末期から明治10年代にかけて小樽で多くの人々が暮らしていた場所は、今の所在地でいうと、どの辺りになるでしょうか。,勝納川河口の信香町付近,入船川河口の入船1丁目付近,於古発川河口の堺町付近,色内川河口の色内2丁目付近,①,勝納川河口の信香町付近,,,2-問題.pdf / 2_kaitou.pdf,"【第2回 おたる案内人検定 問52】
江戸末期から明治10年代にかけて小樽で多くの人々が暮らしていた場所は、今の所在地でいうと、どの辺りになるでしょうか。
① 勝納川河口の信香町付近
② 入船川河口の入船1丁目付近
③ 於古発川河口の堺町付近
④ 色内川河口の色内2丁目付近
正解: ① 勝納川河口の信香町付近"
R02-Q053,2,第2回,,1級・2級共通,53,,記述,明治37年、現在の稲穂2丁目から出火した火の手は手宮まで及ぶ大火になりました。それを契機に市街地の主要な建物の構造は、防火の工夫を施すものに変わりました。今、この構造の建物は小樽固有の歴史的まちなみを形成する一つの要素になっています。さて、この建物の構造は、何と呼ばれているでしょうか。,,,,,もっこつせきぞう木骨石造,,,,2-問題.pdf / 2_kaitou.pdf,"【第2回 おたる案内人検定 問53】
明治37年、現在の稲穂2丁目から出火した火の手は手宮まで及ぶ大火になりました。それを契機に市街地の主要な建物の構造は、防火の工夫を施すものに変わりました。今、この構造の建物は小樽固有の歴史的まちなみを形成する一つの要素になっています。さて、この建物の構造は、何と呼ばれているでしょうか。
正解: もっこつせきぞう木骨石造"
R02-Q054,2,第2回,,1級・2級共通,54,,記述,旧手宮機関車庫（手宮、明治18年）は、わが国最古のれんが造の機関車庫です。この建物を設計した中心人物は、後に北海道庁本庁舎（赤れんが庁舎、札幌市中央区、明治21年）も設計しました。さて、この設計者は、誰でしょうか。,,,,,ひらいせいじろう平井晴二郎,,,,2-問題.pdf / 2_kaitou.pdf,"【第2回 おたる案内人検定 問54】
旧手宮機関車庫（手宮、明治18年）は、わが国最古のれんが造の機関車庫です。この建物を設計した中心人物は、後に北海道庁本庁舎（赤れんが庁舎、札幌市中央区、明治21年）も設計しました。さて、この設計者は、誰でしょうか。
正解: ひらいせいじろう平井晴二郎"
R02-Q055,2,第2回,,1級・2級共通,55,,選択,次に示す3つの建物は小樽を代表する洋風建築ですが、それぞれ構造が異なります。1）旧日本郵船小樽支店（色内3丁目、明治39年） 2）日本銀行旧小樽支店（色内1丁目、明治45年） 3）旧三井銀行小樽支店（色内1丁目、昭和2年）　さて、各建物とその構造の組み合わせで、正しいものはどれでしょうか。,1）石造　2）れんが造　3）鉄骨鉄筋コンクリート造,1）鉄骨鉄筋コンクリート造　2）石造　3）鉄筋コンクリート造,1）れんが造　2）石造　3）鉄骨鉄筋コンクリート造,1）石造　2）れんが造　3）鉄筋コンクリート造,①,1）石造　2）れんが造　3）鉄骨鉄筋コンクリート造,,,2-問題.pdf / 2_kaitou.pdf,"【第2回 おたる案内人検定 問55】
次に示す3つの建物は小樽を代表する洋風建築ですが、それぞれ構造が異なります。1）旧日本郵船小樽支店（色内3丁目、明治39年） 2）日本銀行旧小樽支店（色内1丁目、明治45年） 3）旧三井銀行小樽支店（色内1丁目、昭和2年）　さて、各建物とその構造の組み合わせで、正しいものはどれでしょうか。
① 1）石造　2）れんが造　3）鉄骨鉄筋コンクリート造
② 1）鉄骨鉄筋コンクリート造　2）石造　3）鉄筋コンクリート造
③ 1）れんが造　2）石造　3）鉄骨鉄筋コンクリート造
④ 1）石造　2）れんが造　3）鉄筋コンクリート造
正解: ① 1）石造　2）れんが造　3）鉄骨鉄筋コンクリート造"
R02-Q056,2,第2回,,1級・2級共通,56,,選択,日本銀行旧小樽支店（色内1丁目、明治45年）は、玄関ホール（客溜）と営業室の境に柱をたてない構造になっています。その理由として最もふさわしいものは、どれでしょうか。,壁に鉄骨を使用している。,小屋組に木を使用している。,小屋組に鉄骨を使用している。,屋根に瓦を使用している。,③,小屋組に鉄骨を使用している。,,,2-問題.pdf / 2_kaitou.pdf,"【第2回 おたる案内人検定 問56】
日本銀行旧小樽支店（色内1丁目、明治45年）は、玄関ホール（客溜）と営業室の境に柱をたてない構造になっています。その理由として最もふさわしいものは、どれでしょうか。
① 壁に鉄骨を使用している。
② 小屋組に木を使用している。
③ 小屋組に鉄骨を使用している。
④ 屋根に瓦を使用している。
正解: ③ 小屋組に鉄骨を使用している。"
R02-Q057,2,第2回,,1級・2級共通,57,,選択,旧小樽区公会堂（現・市公会堂、花園5丁目、明治44年）は、皇太子を迎えるために和風の建築様式で建てられました。新築工事は、次に示す3人が関わり進められました。1）藤山要吉（ふじやまようきち） 2）木子幸三郎（きこうさぶろう） 3）加藤忠五郎（かとうちゅうごろう）　それぞれの名前と工事の関わりの組み合わせで、正しいものはどれでしょうか。,1）寄贈者　2）基本設計を指示した技師　3）工事の請負人,1）寄贈者　2）工事の請負人　3）基本設計を指示した技師,1）工事の請負人　2）敷地を選定した庭師　3）基本設計を指示した技師,1）基本設計を指示した技師　2）敷地を選定した庭師　3）寄贈者,①,1）寄贈者　2）基本設計を指示した技師　3）工事の請負人,,,2-問題.pdf / 2_kaitou.pdf,"【第2回 おたる案内人検定 問57】
旧小樽区公会堂（現・市公会堂、花園5丁目、明治44年）は、皇太子を迎えるために和風の建築様式で建てられました。新築工事は、次に示す3人が関わり進められました。1）藤山要吉（ふじやまようきち） 2）木子幸三郎（きこうさぶろう） 3）加藤忠五郎（かとうちゅうごろう）　それぞれの名前と工事の関わりの組み合わせで、正しいものはどれでしょうか。
① 1）寄贈者　2）基本設計を指示した技師　3）工事の請負人
② 1）寄贈者　2）工事の請負人　3）基本設計を指示した技師
③ 1）工事の請負人　2）敷地を選定した庭師　3）基本設計を指示した技師
④ 1）基本設計を指示した技師　2）敷地を選定した庭師　3）寄贈者
正解: ① 1）寄贈者　2）基本設計を指示した技師　3）工事の請負人"
R02-Q058,2,第2回,,1級・2級共通,58,,選択,旧岡崎家能舞台（花園5丁目）は、小樽市内で唯一の能舞台であり、かつまた全国の能舞台の中でも貴重な建物といわれています。その理由として、間違っているのはどれでしょうか。,明治期に建てられた。,狩野派の絵師によって鏡板の絵が描かれた。,創建時は、個人の住宅の中庭に建てられた。,佐渡や九州の木材が使われた。,①,明治期に建てられた。,,,2-問題.pdf / 2_kaitou.pdf,"【第2回 おたる案内人検定 問58】
旧岡崎家能舞台（花園5丁目）は、小樽市内で唯一の能舞台であり、かつまた全国の能舞台の中でも貴重な建物といわれています。その理由として、間違っているのはどれでしょうか。
① 明治期に建てられた。
② 狩野派の絵師によって鏡板の絵が描かれた。
③ 創建時は、個人の住宅の中庭に建てられた。
④ 佐渡や九州の木材が使われた。
正解: ① 明治期に建てられた。"
R02-Q059,2,第2回,,1級・2級共通,59,,記述,大正10年代、旧三菱銀行・旧北海道拓殖銀行・旧第一銀行の各支店は、色内大通と緑山手通の交差点に建てられました。これらの建物の構造は、当時、わが国の主要な建築に採用され始めたものでした。さて、その建築構造は、何と呼ばれているでしょうか。,,,,,鉄筋コンクリート造,,,,2-問題.pdf / 2_kaitou.pdf,"【第2回 おたる案内人検定 問59】
大正10年代、旧三菱銀行・旧北海道拓殖銀行・旧第一銀行の各支店は、色内大通と緑山手通の交差点に建てられました。これらの建物の構造は、当時、わが国の主要な建築に採用され始めたものでした。さて、その建築構造は、何と呼ばれているでしょうか。
正解: 鉄筋コンクリート造"
R02-Q060,2,第2回,,1級・2級共通,60,,選択,昭和初期に小樽の公共建築は、コンクリートを用いて建てられました。小樽駅（稲穂2丁目、昭和9年）と小樽市庁舎（花園2丁目、昭和8年）は、その代表例です。この2つの建物の共通点は、何でしょうか。,設計者が同じである。,ステンド・グラス（着色ガラス）をホールに使っている。,正面の外観が左右相称になっている。,建築工事を担当した施工者が同じである。,③,正面の外観が左右相称になっている。,,,2-問題.pdf / 2_kaitou.pdf,"【第2回 おたる案内人検定 問60】
昭和初期に小樽の公共建築は、コンクリートを用いて建てられました。小樽駅（稲穂2丁目、昭和9年）と小樽市庁舎（花園2丁目、昭和8年）は、その代表例です。この2つの建物の共通点は、何でしょうか。
① 設計者が同じである。
② ステンド・グラス（着色ガラス）をホールに使っている。
③ 正面の外観が左右相称になっている。
④ 建築工事を担当した施工者が同じである。
正解: ③ 正面の外観が左右相称になっている。"
R02-Q061,2,第2回,,1級・2級共通,61,,選択,鰊の漁家や番屋の建物は、後志管内の海岸沿いに数多く建てられました。現在、小樽市内に各地からも移築した建物が用途をかえて使われています。さて、明治30年に現在の泊村に建てられましたが、昭和33年に祝津へ移築され、昭和35年には北海道有形文化財になった建物はどれでしょうか。,旧猪俣邸（現・銀鱗荘）,旧田中家住宅（現・鰊漁場建築）,旧青山本邸,旧白鳥永作番屋（現・群来陣）,②,旧田中家住宅（現・鰊漁場建築）,,,2-問題.pdf / 2_kaitou.pdf,"【第2回 おたる案内人検定 問61】
鰊の漁家や番屋の建物は、後志管内の海岸沿いに数多く建てられました。現在、小樽市内に各地からも移築した建物が用途をかえて使われています。さて、明治30年に現在の泊村に建てられましたが、昭和33年に祝津へ移築され、昭和35年には北海道有形文化財になった建物はどれでしょうか。
① 旧猪俣邸（現・銀鱗荘）
② 旧田中家住宅（現・鰊漁場建築）
③ 旧青山本邸
④ 旧白鳥永作番屋（現・群来陣）
正解: ② 旧田中家住宅（現・鰊漁場建築）"
R02-Q062,2,第2回,,1級・2級共通,62,,記述,平成4(1992)年に小樽で活躍する職人が「職人業の継承」や「共同研究開発」を目的に設立した組織名はなんですか。,,,,,小樽職人の会,,,,2-問題.pdf / 2_kaitou.pdf,"【第2回 おたる案内人検定 問62】
平成4(1992)年に小樽で活躍する職人が「職人業の継承」や「共同研究開発」を目的に設立した組織名はなんですか。
正解: 小樽職人の会"
R02-Q063,2,第2回,,1級・2級共通,63,,選択,平成13(2001)年に職人業の継承には充分な指導を行う機関が必要で、設立したNPO法人は何という名称でしょうか。,北海道職人義塾大學校,小樽職人義塾大學校,北海道職人養成講座,小樽職人養成講座,①,北海道職人義塾大學校,,,2-問題.pdf / 2_kaitou.pdf,"【第2回 おたる案内人検定 問63】
平成13(2001)年に職人業の継承には充分な指導を行う機関が必要で、設立したNPO法人は何という名称でしょうか。
① 北海道職人義塾大學校
② 小樽職人義塾大學校
③ 北海道職人養成講座
④ 小樽職人養成講座
正解: ① 北海道職人義塾大學校"
R02-Q064,2,第2回,,1級・2級共通,64,,選択,小樽の職人は様々な歴史的背景により生まれてきました。明治13年、手宮〜札幌間に鉄道が敷設されましたが、その土木・建設・金属加工技術に派生したおもな職人はどれでしょうか。,漁網、漁具、旗,注連縄、仏壇、御輿,木型、金型、鋳物,造船、錨、硝子,③,木型、金型、鋳物,,,2-問題.pdf / 2_kaitou.pdf,"【第2回 おたる案内人検定 問64】
小樽の職人は様々な歴史的背景により生まれてきました。明治13年、手宮〜札幌間に鉄道が敷設されましたが、その土木・建設・金属加工技術に派生したおもな職人はどれでしょうか。
① 漁網、漁具、旗
② 注連縄、仏壇、御輿
③ 木型、金型、鋳物
④ 造船、錨、硝子
正解: ③ 木型、金型、鋳物"
R02-Q065,2,第2回,,1級・2級共通,65,,選択,かつてオタモイ海岸の断崖絶壁に龍宮閣を建てたのは、小樽の寿司店の加藤秋太郎でした。その寿司店は何という名前だったでしょうか。,虎の目寿司,蛇の目寿司,会津屋,加賀屋,②,蛇の目寿司,,,2-問題.pdf / 2_kaitou.pdf,"【第2回 おたる案内人検定 問65】
かつてオタモイ海岸の断崖絶壁に龍宮閣を建てたのは、小樽の寿司店の加藤秋太郎でした。その寿司店は何という名前だったでしょうか。
① 虎の目寿司
② 蛇の目寿司
③ 会津屋
④ 加賀屋
正解: ② 蛇の目寿司"
R02-Q066,2,第2回,,1級・2級共通,66,,選択,小樽の土産物の一つになっているオルゴールですが、語源はオランダ語のオルゲルから転化したものといわれています。オルゴールが日本に入ってきた当時、オルゴールに何という日本字をあてていたでしょうか。,自鳴弦,自奏盤,自鳴琴,自鳴盤,③,自鳴琴,,,2-問題.pdf / 2_kaitou.pdf,"【第2回 おたる案内人検定 問66】
小樽の土産物の一つになっているオルゴールですが、語源はオランダ語のオルゲルから転化したものといわれています。オルゴールが日本に入ってきた当時、オルゴールに何という日本字をあてていたでしょうか。
① 自鳴弦
② 自奏盤
③ 自鳴琴
④ 自鳴盤
正解: ③ 自鳴琴"
R02-Q067,2,第2回,,1級・2級共通,67,,記述,明治33年に設立され、道内の硝子器製造業界の草分けで漁業用浮玉工場として、また雪あかりの路に使われた浮玉を製造したのは何という会社だったでしょうか。「＜　　＞硝子製造所」,,,,,浅原硝子製造所,,,,2-問題.pdf / 2_kaitou.pdf,"【第2回 おたる案内人検定 問67】
明治33年に設立され、道内の硝子器製造業界の草分けで漁業用浮玉工場として、また雪あかりの路に使われた浮玉を製造したのは何という会社だったでしょうか。「＜　　＞硝子製造所」
正解: 浅原硝子製造所"
R02-Q068,2,第2回,,1級・2級共通,68,,記述,1917(大正6)年に小樽ではじめて油絵を学ぶ研究所が誕生します。その「小樽洋画研究所」を設立した人物は誰でしょうか。,,,,,三浦鮮冶みうらせんじ,,,,2-問題.pdf / 2_kaitou.pdf,"【第2回 おたる案内人検定 問68】
1917(大正6)年に小樽ではじめて油絵を学ぶ研究所が誕生します。その「小樽洋画研究所」を設立した人物は誰でしょうか。
正解: 三浦鮮冶みうらせんじ"
R02-Q069,2,第2回,,1級・2級共通,69,,選択,風景画家、中村善策が所属し、その弟子、後輩の多くが目指した中央の写実を信条とする美術団体はどれでしょうか。,国画会,光風会,春陽会,一水会,④,一水会,,,2-問題.pdf / 2_kaitou.pdf,"【第2回 おたる案内人検定 問69】
風景画家、中村善策が所属し、その弟子、後輩の多くが目指した中央の写実を信条とする美術団体はどれでしょうか。
① 国画会
② 光風会
③ 春陽会
④ 一水会
正解: ④ 一水会"
R02-Q070,2,第2回,,1級・2級共通,70,,選択,版画家　一原有徳が偶然修得した技法で、その作風を特徴づける独特の技法とは次のどれでしょうか。,シルクスクリーン,モノタイプ,リトグラフ,アクアチント,②,モノタイプ,,,2-問題.pdf / 2_kaitou.pdf,"【第2回 おたる案内人検定 問70】
版画家　一原有徳が偶然修得した技法で、その作風を特徴づける独特の技法とは次のどれでしょうか。
① シルクスクリーン
② モノタイプ
③ リトグラフ
④ アクアチント
正解: ② モノタイプ"
R02-Q071,2,第2回,,1級・2級共通,71,,選択,木版画家　河野薫が生涯をつらぬくモチーフとして表現した人物像のモデルとなったのは、家族のうち次の誰を描いたものだったでしょうか。,妻,娘,息子,母親,②,娘,,,2-問題.pdf / 2_kaitou.pdf,"【第2回 おたる案内人検定 問71】
木版画家　河野薫が生涯をつらぬくモチーフとして表現した人物像のモデルとなったのは、家族のうち次の誰を描いたものだったでしょうか。
① 妻
② 娘
③ 息子
④ 母親
正解: ② 娘"
R02-Q072,2,第2回,,1級・2級共通,72,,記述,石川啄木が小樽で勤めた新聞社の名前は何といいますか。,,,,,小樽日報社,,,,2-問題.pdf / 2_kaitou.pdf,"【第2回 おたる案内人検定 問72】
石川啄木が小樽で勤めた新聞社の名前は何といいますか。
正解: 小樽日報社"
R02-Q073,2,第2回,,1級・2級共通,73,,選択,大正8年、小樽高商俳句会緑丘吟社のあるメンバーの父親が小樽を訪問、青年たちを感激させました。その人物は誰ですか。,夏目漱石,中江兆民,幸田露伴,高浜虚子,④,高浜虚子,,,2-問題.pdf / 2_kaitou.pdf,"【第2回 おたる案内人検定 問73】
大正8年、小樽高商俳句会緑丘吟社のあるメンバーの父親が小樽を訪問、青年たちを感激させました。その人物は誰ですか。
① 夏目漱石
② 中江兆民
③ 幸田露伴
④ 高浜虚子
正解: ④ 高浜虚子"
R02-Q074,2,第2回,,1級・2級共通,74,,選択,昭和12年、伊藤整は小樽を舞台にした小説を発表し、高く評価されました。その題名は何といいますか。,幽鬼の街,若い詩人の肖像,チャタレイ夫人の恋人,転形期の人々,①,幽鬼の街,,,2-問題.pdf / 2_kaitou.pdf,"【第2回 おたる案内人検定 問74】
昭和12年、伊藤整は小樽を舞台にした小説を発表し、高く評価されました。その題名は何といいますか。
① 幽鬼の街
② 若い詩人の肖像
③ チャタレイ夫人の恋人
④ 転形期の人々
正解: ① 幽鬼の街"
R02-Q075,2,第2回,,1級・2級共通,75,,選択,旭展望台に建つ小林多喜二文学碑の全体の形は、あるものをかたどっています。それは何でしょうか。,本,新聞紙,監獄,北斗七星,①,本,,,2-問題.pdf / 2_kaitou.pdf,"【第2回 おたる案内人検定 問75】
旭展望台に建つ小林多喜二文学碑の全体の形は、あるものをかたどっています。それは何でしょうか。
① 本
② 新聞紙
③ 監獄
④ 北斗七星
正解: ① 本"
R02-Q076,2,第2回,,1級・2級共通,76,,選択,小樽にはユニークな名称の自然現象が発生することがあります。1846年、探検家・松浦武四郎が小樽沖で見たこの蜃気楼の名称は何でしょうか。,祝津おばけ,高島おばけ,石狩ゆうれい,銭函ゆうれい,②,高島おばけ,,,2-問題.pdf / 2_kaitou.pdf,"【第2回 おたる案内人検定 問76】
小樽にはユニークな名称の自然現象が発生することがあります。1846年、探検家・松浦武四郎が小樽沖で見たこの蜃気楼の名称は何でしょうか。
① 祝津おばけ
② 高島おばけ
③ 石狩ゆうれい
④ 銭函ゆうれい
正解: ② 高島おばけ"
R02-Q077,2,第2回,,1級・2級共通,77,,記述,手宮公園には北海道の美林に指定されている貴重な自然林がありますが、その樹種とは何でしょうか。,,,,,栗,,,,2-問題.pdf / 2_kaitou.pdf,"【第2回 おたる案内人検定 問77】
手宮公園には北海道の美林に指定されている貴重な自然林がありますが、その樹種とは何でしょうか。
正解: 栗"
R02-Q078,2,第2回,,1級・2級共通,78,,記述,小樽は坂のまちともいわれていますが、次の条件に合う坂の名前は何といいますか。「港が見えるこの坂は昭和29年まで木材貿易商を営むドイツ出身のカール・コッフ氏が坂の途中に住んでいたことに由来し名づけられました」,,,,,外人坂,,,,2-問題.pdf / 2_kaitou.pdf,"【第2回 おたる案内人検定 問78】
小樽は坂のまちともいわれていますが、次の条件に合う坂の名前は何といいますか。「港が見えるこの坂は昭和29年まで木材貿易商を営むドイツ出身のカール・コッフ氏が坂の途中に住んでいたことに由来し名づけられました」
正解: 外人坂"
R02-Q079,2,第2回,,1級・2級共通,79,,記述,小樽のこの通りは、かつてこの稲穂町一帯を所有していた榎本武揚の雅号が由来しているといわれています。この通り名は何といいますか。,,,,,梁川通り,,,,2-問題.pdf / 2_kaitou.pdf,"【第2回 おたる案内人検定 問79】
小樽のこの通りは、かつてこの稲穂町一帯を所有していた榎本武揚の雅号が由来しているといわれています。この通り名は何といいますか。
正解: 梁川通り"
R02-Q080,2,第2回,,1級・2級共通,80,,選択,通称名を「セピア通り」と呼ばれている通りがあります。その通りは次のどれですか。,浅草通り,中央通り,静屋通り,龍宮通り,②,中央通り,,,2-問題.pdf / 2_kaitou.pdf,"【第2回 おたる案内人検定 問80】
通称名を「セピア通り」と呼ばれている通りがあります。その通りは次のどれですか。
① 浅草通り
② 中央通り
③ 静屋通り
④ 龍宮通り
正解: ② 中央通り"
R02-Q081,2,第2回,,1級・2級共通,81,,選択,小樽は水のおいしいまちですが、そのおいしさには3つの要因があります。一つは豊かな自然と水源環境、二つめはミネラル分を適度にバランスよく含んでいること。もう一つは何でしょうか。,最新の水道施設があるから,山坂が多く東西に長い地形のため人口の割には水道施設が多く、水道施設内に水が留まっている時間が短いから,気温が低いためおいしく感じるから,水道管を他都市より短いサイクルで交換しているから,②,山坂が多く東西に長い地形のため人口の割には水道施設が多く、水道施設内に水が留まっている時間が短いから,,,2-問題.pdf / 2_kaitou.pdf,"【第2回 おたる案内人検定 問81】
小樽は水のおいしいまちですが、そのおいしさには3つの要因があります。一つは豊かな自然と水源環境、二つめはミネラル分を適度にバランスよく含んでいること。もう一つは何でしょうか。
① 最新の水道施設があるから
② 山坂が多く東西に長い地形のため人口の割には水道施設が多く、水道施設内に水が留まっている時間が短いから
③ 気温が低いためおいしく感じるから
④ 水道管を他都市より短いサイクルで交換しているから
正解: ② 山坂が多く東西に長い地形のため人口の割には水道施設が多く、水道施設内に水が留まっている時間が短いから"
R02-Q082,2,第2回,,1級・2級共通,82,,記述,小樽市が水道敷設90周年を記念して平成11年より製造しているボトルドウォーターの名前は何でしょうか。,,,,,小樽の水,,,,2-問題.pdf / 2_kaitou.pdf,"【第2回 おたる案内人検定 問82】
小樽市が水道敷設90周年を記念して平成11年より製造しているボトルドウォーターの名前は何でしょうか。
正解: 小樽の水"
R02-Q083,2,第2回,,1級・2級共通,83,,記述,小樽市では魅力あるまちづくりをするために市内をいくつかの地区に分け、それぞれの地区を代表する景観を選び出しました。その名称は何といいますか。,,,,,小樽八区八景,,,,2-問題.pdf / 2_kaitou.pdf,"【第2回 おたる案内人検定 問83】
小樽市では魅力あるまちづくりをするために市内をいくつかの地区に分け、それぞれの地区を代表する景観を選び出しました。その名称は何といいますか。
正解: 小樽八区八景"
R02-Q084,2,第2回,,1級・2級共通,84,,選択,小樽の歴史と風土に調和した都市景観をつくり出している建築物や活動などを表彰することにより、都市環境の向上と市民のまちづくりへの理解を深めることを目的とした賞の名称は何ですか。,小樽市都市計画賞,小樽市都市建築賞,小樽市都市景観賞,小樽市都市再生賞,③,小樽市都市景観賞,,,2-問題.pdf / 2_kaitou.pdf,"【第2回 おたる案内人検定 問84】
小樽の歴史と風土に調和した都市景観をつくり出している建築物や活動などを表彰することにより、都市環境の向上と市民のまちづくりへの理解を深めることを目的とした賞の名称は何ですか。
① 小樽市都市計画賞
② 小樽市都市建築賞
③ 小樽市都市景観賞
④ 小樽市都市再生賞
正解: ③ 小樽市都市景観賞"
R02-Q085,2,第2回,,1級・2級共通,85,,選択,前問の賞を受賞していないイベントは次のどれでしょうか。,おたる潮まつり,ポートフェスティバル・イン・オタル,小樽雪あかりの路,小樽ロングクリスマス,④,小樽ロングクリスマス,,,2-問題.pdf / 2_kaitou.pdf,"【第2回 おたる案内人検定 問85】
前問の賞を受賞していないイベントは次のどれでしょうか。
① おたる潮まつり
② ポートフェスティバル・イン・オタル
③ 小樽雪あかりの路
④ 小樽ロングクリスマス
正解: ④ 小樽ロングクリスマス"
R02-Q086,2,第2回,,1級・2級共通,86,,選択,現在小樽には58の町名がありますが、町名の由来に①豊漁説　②運上金説　③海岸の潮流説、この3つの説があるといわれている町名は次のどれですか。,船浜町,銭函,錦町,祝津,②,銭函,,,2-問題.pdf / 2_kaitou.pdf,"【第2回 おたる案内人検定 問86】
現在小樽には58の町名がありますが、町名の由来に①豊漁説　②運上金説　③海岸の潮流説、この3つの説があるといわれている町名は次のどれですか。
① 船浜町
② 銭函
③ 錦町
④ 祝津
正解: ② 銭函"
R02-Q087,2,第2回,,1級・2級共通,87,,選択,市内には酒造会社が4社あります。それぞれの酒造会社とその銘柄の組み合わせで正しいものはどれですか。A．北の誉酒造　B．曲イ田中酒造　C．雪の花酒造　D．山二わたなべ,A宝川　B雪中花　C小樽港　D雄冬,A雪中花　B雄冬　C宝川　D小樽港,A雄冬　B宝川　C雪中花　D小樽港,A雄冬　B宝川　C小樽港　D雪中花,④,A雄冬　B宝川　C小樽港　D雪中花,,,2-問題.pdf / 2_kaitou.pdf,"【第2回 おたる案内人検定 問87】
市内には酒造会社が4社あります。それぞれの酒造会社とその銘柄の組み合わせで正しいものはどれですか。A．北の誉酒造　B．曲イ田中酒造　C．雪の花酒造　D．山二わたなべ
① A宝川　B雪中花　C小樽港　D雄冬
② A雪中花　B雄冬　C宝川　D小樽港
③ A雄冬　B宝川　C雪中花　D小樽港
④ A雄冬　B宝川　C小樽港　D雪中花
正解: ④ A雄冬　B宝川　C小樽港　D雪中花"
R02-Q088,2,第2回,,1級・2級共通,88,,選択,潮見台にあるモダンな豪邸「和光荘」に関連する酒造会社は次のどれですか。,雪の花酒造,山二わたなべ,曲イ田中酒造,北の誉酒造,④,北の誉酒造,,,2-問題.pdf / 2_kaitou.pdf,"【第2回 おたる案内人検定 問88】
潮見台にあるモダンな豪邸「和光荘」に関連する酒造会社は次のどれですか。
① 雪の花酒造
② 山二わたなべ
③ 曲イ田中酒造
④ 北の誉酒造
正解: ④ 北の誉酒造"
R02-Q089,2,第2回,,1級・2級共通,89,,選択,小樽には国指定重要文化財があります。一つは旧日本郵船(株)小樽支店ですが、もう一つは次のうちどれですか。,日本銀行旧小樽支店,小樽市鰊御殿（旧田中家住宅）,旧手宮鉄道施設,木造五百羅漢像,③,旧手宮鉄道施設,,,2-問題.pdf / 2_kaitou.pdf,"【第2回 おたる案内人検定 問89】
小樽には国指定重要文化財があります。一つは旧日本郵船(株)小樽支店ですが、もう一つは次のうちどれですか。
① 日本銀行旧小樽支店
② 小樽市鰊御殿（旧田中家住宅）
③ 旧手宮鉄道施設
④ 木造五百羅漢像
正解: ③ 旧手宮鉄道施設"
R02-Q090,2,第2回,,1級・2級共通,90,,選択,小樽は昔から餅店や菓子店が多い町といわれています。明治18年創業という小樽で最も古い公園通りの菓子店といえば次のどれですか。（現在は営業しておりません）,花乃屋,澤乃屋,吉乃屋,月乃屋,③,吉乃屋,,,2-問題.pdf / 2_kaitou.pdf,"【第2回 おたる案内人検定 問90】
小樽は昔から餅店や菓子店が多い町といわれています。明治18年創業という小樽で最も古い公園通りの菓子店といえば次のどれですか。（現在は営業しておりません）
① 花乃屋
② 澤乃屋
③ 吉乃屋
④ 月乃屋
正解: ③ 吉乃屋"
R02-Q091,2,第2回,,1級・2級共通,91,,記述,小樽の素晴らしい観光という資源を十分に提供・堪能してもらうには、ビジネススケールではない対照的な観念が求められますが、それはどのような言葉ですか。,,,,,ヒューマンスケール,,,,2-問題.pdf / 2_kaitou.pdf,"【第2回 おたる案内人検定 問91】
小樽の素晴らしい観光という資源を十分に提供・堪能してもらうには、ビジネススケールではない対照的な観念が求められますが、それはどのような言葉ですか。
正解: ヒューマンスケール"
R02-Q092,2,第2回,,1級・2級共通,92,,記述,思いやり・感謝・おもてなし・癒し・他人への優しさなどを意味する、小樽観光に重要なキーワードを何というでしょうか。,,,,,ホスピタリティ,,,,2-問題.pdf / 2_kaitou.pdf,"【第2回 おたる案内人検定 問92】
思いやり・感謝・おもてなし・癒し・他人への優しさなどを意味する、小樽観光に重要なキーワードを何というでしょうか。
正解: ホスピタリティ"
R02-Q093,2,第2回,,1級・2級共通,93,,選択,観光従事者としてはもちろん、観光産業に直接携わらないとしても、小樽市民としてどのような意識が必要でしょうか。,優越感,観光を形作る代表選手,名前を印象つけるアピール,収益主義,②,観光を形作る代表選手,,,2-問題.pdf / 2_kaitou.pdf,"【第2回 おたる案内人検定 問93】
観光従事者としてはもちろん、観光産業に直接携わらないとしても、小樽市民としてどのような意識が必要でしょうか。
① 優越感
② 観光を形作る代表選手
③ 名前を印象つけるアピール
④ 収益主義
正解: ② 観光を形作る代表選手"
R02-Q094,2,第2回,,1級・2級共通,94,,選択,小樽観光のネックとなっている問題がしばしば取り上げられますが、即座に改善すべき点としてひとつあげるとしたらどのようなものがありますか。,おみやげの内容,案内,交通,ぶっきらぼうな態度,④,ぶっきらぼうな態度,,,2-問題.pdf / 2_kaitou.pdf,"【第2回 おたる案内人検定 問94】
小樽観光のネックとなっている問題がしばしば取り上げられますが、即座に改善すべき点としてひとつあげるとしたらどのようなものがありますか。
① おみやげの内容
② 案内
③ 交通
④ ぶっきらぼうな態度
正解: ④ ぶっきらぼうな態度"
R02-Q095,2,第2回,,1級・2級共通,95,,選択,小樽にとって大きな資源である観光を最大に生かすためには、小樽市民全体の観光客に対するどのような捉え方が必要でしょうか。,おもてなし,思いやり,無関心,冷ややか,①,おもてなし,,,2-問題.pdf / 2_kaitou.pdf,"【第2回 おたる案内人検定 問95】
小樽にとって大きな資源である観光を最大に生かすためには、小樽市民全体の観光客に対するどのような捉え方が必要でしょうか。
① おもてなし
② 思いやり
③ 無関心
④ 冷ややか
正解: ① おもてなし"
R02-Q096,2,第2回,,1級・2級共通,96,,選択,スムーズなガイドや個性溢れるガイドのためには、事前にシミュレートしそれらを体系化することが必要ですが、どうしておくことが最良でしょうか。,保管,ファイリング,マニュアル化,システム化,③,マニュアル化,,,2-問題.pdf / 2_kaitou.pdf,"【第2回 おたる案内人検定 問96】
スムーズなガイドや個性溢れるガイドのためには、事前にシミュレートしそれらを体系化することが必要ですが、どうしておくことが最良でしょうか。
① 保管
② ファイリング
③ マニュアル化
④ システム化
正解: ③ マニュアル化"
R02-Q097,2,第2回,,1級・2級共通,97,,記述,つくる側の主張であり、供給する側の成果をなんと言うでしょうか。,,,,,ブランディング,,,,2-問題.pdf / 2_kaitou.pdf,"【第2回 おたる案内人検定 問97】
つくる側の主張であり、供給する側の成果をなんと言うでしょうか。
正解: ブランディング"
R02-Q098,2,第2回,,1級・2級共通,98,,選択,買う側の主張であり、需要する側の要望をなんと言うでしょうか。,ブランディング,マーケティング,ショッピング,リラクシング,②,マーケティング,,,2-問題.pdf / 2_kaitou.pdf,"【第2回 おたる案内人検定 問98】
買う側の主張であり、需要する側の要望をなんと言うでしょうか。
① ブランディング
② マーケティング
③ ショッピング
④ リラクシング
正解: ② マーケティング"
R02-Q099,2,第2回,,1級・2級共通,99,,選択,ガイドを依頼されたとき、より良いガイドを実践するためには、地元の情報収集の他、どのようなことをしておくと良いでしょうか。,お客様の情報把握,持ち物の新調,服装に凝る,プレゼントの用意,①,お客様の情報把握,,,2-問題.pdf / 2_kaitou.pdf,"【第2回 おたる案内人検定 問99】
ガイドを依頼されたとき、より良いガイドを実践するためには、地元の情報収集の他、どのようなことをしておくと良いでしょうか。
① お客様の情報把握
② 持ち物の新調
③ 服装に凝る
④ プレゼントの用意
正解: ① お客様の情報把握"
R02-Q100,2,第2回,,1級・2級共通,100,,記述,バリアフリーが標準化されてきていますが、当事者の方々にとってはまだまだ十分な設備ではありません。バリアフリーに一番大切で有効な力とはどのようなものでしょうか。,,,,,人の力,,,,2-問題.pdf / 2_kaitou.pdf,"【第2回 おたる案内人検定 問100】
バリアフリーが標準化されてきていますが、当事者の方々にとってはまだまだ十分な設備ではありません。バリアフリーに一番大切で有効な力とはどのようなものでしょうか。
正解: 人の力"
R03-Q001,3,第3回,,1級・2級共通,1,,選択,小樽が「村並」になったのは元治2(1865)年（初版テキストでは慶応元年の表記）ですが、このときの小樽の人口は次のどれですか。,143人,"1,143人","11,430人","114,300人",②,"1,143人",,,3-問題.pdf / 3_kaitou.pdf,"【第3回 おたる案内人検定 問1】
小樽が「村並」になったのは元治2(1865)年（初版テキストでは慶応元年の表記）ですが、このときの小樽の人口は次のどれですか。
① 143人
② 1,143人
③ 11,430人
④ 114,300人
正解: ② 1,143人"
R03-Q002,3,第3回,,1級・2級共通,2,,記述,明治から昭和の初期にかけて北海道には全国が欲しがる代表的な2つの資源がありました。ひとつは石炭ですが、もうひとつは何ですか。,,,,,鰊,,,,3-問題.pdf / 3_kaitou.pdf,"【第3回 おたる案内人検定 問2】
明治から昭和の初期にかけて北海道には全国が欲しがる代表的な2つの資源がありました。ひとつは石炭ですが、もうひとつは何ですか。
正解: 鰊"
R03-Q003,3,第3回,,1級・2級共通,3,,選択,幌内の石炭を輸送するため、鉄道が敷設されます。手宮〜幌内間が開通したのはいつですか。,明治3年,明治11年,明治13年,明治15年,④,明治15年,,,3-問題.pdf / 3_kaitou.pdf,"【第3回 おたる案内人検定 問3】
幌内の石炭を輸送するため、鉄道が敷設されます。手宮〜幌内間が開通したのはいつですか。
① 明治3年
② 明治11年
③ 明治13年
④ 明治15年
正解: ④ 明治15年"
R03-Q004,3,第3回,,1級・2級共通,4,,記述,明治から大正時代にかけて、小樽には財力のある商人が数々登場し、公共事業や寄付で小樽に貢献します。その中で板谷宮吉とゆかりのある小樽市内の中学校の現在の名称は何といいますか。,,,,,長橋中学校,,,,3-問題.pdf / 3_kaitou.pdf,"【第3回 おたる案内人検定 問4】
明治から大正時代にかけて、小樽には財力のある商人が数々登場し、公共事業や寄付で小樽に貢献します。その中で板谷宮吉とゆかりのある小樽市内の中学校の現在の名称は何といいますか。
正解: 長橋中学校"
R03-Q005,3,第3回,,1級・2級共通,5,,選択,鰊漁期中に白子で海が白くなる「くき」という現象がありますが、どのような文字で表しますか。次から選びなさい。,郡来,郡帰,群来,群寄,③,群来,,,3-問題.pdf / 3_kaitou.pdf,"【第3回 おたる案内人検定 問5】
鰊漁期中に白子で海が白くなる「くき」という現象がありますが、どのような文字で表しますか。次から選びなさい。
① 郡来
② 郡帰
③ 群来
④ 群寄
正解: ③ 群来"
R03-Q006,3,第3回,,1級・2級共通,6,,選択,鰊漁の小樽での最高漁獲高は大正14年に記録されます。この年の漁獲高は次のどれですか。,"6万5,000石","7万5,000石","8万5,000石","9万5,000石",②,"7万5,000石",,,3-問題.pdf / 3_kaitou.pdf,"【第3回 おたる案内人検定 問6】
鰊漁の小樽での最高漁獲高は大正14年に記録されます。この年の漁獲高は次のどれですか。
① 6万5,000石
② 7万5,000石
③ 8万5,000石
④ 9万5,000石
正解: ② 7万5,000石"
R03-Q007,3,第3回,,1級・2級共通,7,,記述,高島や祝津地区の鰊漁は江戸時代から盛んでしたが、代表する3代漁家といえば青山家、茨木家ともうひとつの漁家は何家ですか。,,,,,白鳥家,,,,3-問題.pdf / 3_kaitou.pdf,"【第3回 おたる案内人検定 問7】
高島や祝津地区の鰊漁は江戸時代から盛んでしたが、代表する3代漁家といえば青山家、茨木家ともうひとつの漁家は何家ですか。
正解: 白鳥家"
R03-Q008,3,第3回,,1級・2級共通,8,,選択,小樽の鰊漁家が遠隔地にも漁場を経営できた理由の正しい組み合わせを以下から選んでください。,安定した漁獲と消費地に近かったこと,魚肥の高い需要と運河の存在,安定した漁獲と造船技術,安定した漁獲と魚肥の高い需要,④,安定した漁獲と魚肥の高い需要,,,3-問題.pdf / 3_kaitou.pdf,"【第3回 おたる案内人検定 問8】
小樽の鰊漁家が遠隔地にも漁場を経営できた理由の正しい組み合わせを以下から選んでください。
① 安定した漁獲と消費地に近かったこと
② 魚肥の高い需要と運河の存在
③ 安定した漁獲と造船技術
④ 安定した漁獲と魚肥の高い需要
正解: ④ 安定した漁獲と魚肥の高い需要"
R03-Q009,3,第3回,,1級・2級共通,9,,記述,高島岬中腹に建つ「鰊御殿」は漁家の田中家住宅を昭和33年に移築したものです。この建物が元々あった所は何という村ですか。,,,,,泊村,,,,3-問題.pdf / 3_kaitou.pdf,"【第3回 おたる案内人検定 問9】
高島岬中腹に建つ「鰊御殿」は漁家の田中家住宅を昭和33年に移築したものです。この建物が元々あった所は何という村ですか。
正解: 泊村"
R03-Q010,3,第3回,,1級・2級共通,10,,記述,平磯岬にある銀鱗荘はかつて余市町にありました。所有者であった大漁家名は何といいますか。,,,,,猪俣家,,,,3-問題.pdf / 3_kaitou.pdf,"【第3回 おたる案内人検定 問10】
平磯岬にある銀鱗荘はかつて余市町にありました。所有者であった大漁家名は何といいますか。
正解: 猪俣家"
R03-Q011,3,第3回,,1級・2級共通,11,,記述,オタルナイ場所とタカシマ場所の境界となった川の名前は何といいますか。,,,,,於古発川・妙見川,,,,3-問題.pdf / 3_kaitou.pdf,"【第3回 おたる案内人検定 問11】
オタルナイ場所とタカシマ場所の境界となった川の名前は何といいますか。
正解: 於古発川・妙見川"
R03-Q012,3,第3回,,1級・2級共通,12,,選択,明治21(1888)年の小樽では鰊漁の漁夫を雇っていましたが、そのおおよその人数は次から選びなさい。,6万人,6千人,1600人,650人,②,6千人,,,3-問題.pdf / 3_kaitou.pdf,"【第3回 おたる案内人検定 問12】
明治21(1888)年の小樽では鰊漁の漁夫を雇っていましたが、そのおおよその人数は次から選びなさい。
① 6万人
② 6千人
③ 1600人
④ 650人
正解: ② 6千人"
R03-Q013,3,第3回,,1級・2級共通,13,,選択,沖揚げ音頭をうたう際の斉唱の別称を以下から選んでください。,キヤリ,キリ声,ハオイ,シタゴエ,④,シタゴエ,,,3-問題.pdf / 3_kaitou.pdf,"【第3回 おたる案内人検定 問13】
沖揚げ音頭をうたう際の斉唱の別称を以下から選んでください。
① キヤリ
② キリ声
③ ハオイ
④ シタゴエ
正解: ④ シタゴエ"
R03-Q014,3,第3回,,1級・2級共通,14,,選択,鰊は食用以外に肥料にも加工されました。搾粕（〆粕）が流通する前に肥料として使われた魚体の部位の組み合わせを以下から選んでください。,身欠、粒、背骨,背骨、エラ、数の子,頭、背骨、ウロコ,背骨、エラ、白子,④,背骨、エラ、白子,,,3-問題.pdf / 3_kaitou.pdf,"【第3回 おたる案内人検定 問14】
鰊は食用以外に肥料にも加工されました。搾粕（〆粕）が流通する前に肥料として使われた魚体の部位の組み合わせを以下から選んでください。
① 身欠、粒、背骨
② 背骨、エラ、数の子
③ 頭、背骨、ウロコ
④ 背骨、エラ、白子
正解: ④ 背骨、エラ、白子"
R03-Q015,3,第3回,,1級・2級共通,15,,記述,鰊の加工品で「1本取り」「2本取り」と呼ばれたものは何といいますか。,,,,,身欠き鰊・身欠き,,,,3-問題.pdf / 3_kaitou.pdf,"【第3回 おたる案内人検定 問15】
鰊の加工品で「1本取り」「2本取り」と呼ばれたものは何といいますか。
正解: 身欠き鰊・身欠き"
R03-Q016,3,第3回,,1級・2級共通,16,,記述,小樽で漁網を扱っていた板谷商店や新谷商店の出身県はどこですか。,,,,,新潟県・越後,,,,3-問題.pdf / 3_kaitou.pdf,"【第3回 おたる案内人検定 問16】
小樽で漁網を扱っていた板谷商店や新谷商店の出身県はどこですか。
正解: 新潟県・越後"
R03-Q017,3,第3回,,1級・2級共通,17,,選択,北前船の航路として正しいのは次のどれですか。,江戸〜大坂,瀬戸内〜大坂,東北・蝦夷〜江戸,蝦夷〜大坂,④,蝦夷〜大坂,,,3-問題.pdf / 3_kaitou.pdf,"【第3回 おたる案内人検定 問17】
北前船の航路として正しいのは次のどれですか。
① 江戸〜大坂
② 瀬戸内〜大坂
③ 東北・蝦夷〜江戸
④ 蝦夷〜大坂
正解: ④ 蝦夷〜大坂"
R03-Q018,3,第3回,,1級・2級共通,18,,選択,北前船主が蝦夷地で仕入れた主な産品は何ですか。,木材,鮭,鰊,毛皮,③,鰊,,,3-問題.pdf / 3_kaitou.pdf,"【第3回 おたる案内人検定 問18】
北前船主が蝦夷地で仕入れた主な産品は何ですか。
① 木材
② 鮭
③ 鰊
④ 毛皮
正解: ③ 鰊"
R03-Q019,3,第3回,,1級・2級共通,19,,選択,北前船の積荷で、下り荷として違うのは次のどれですか。,酒,衣類,塩,アワビ,④,アワビ,,,3-問題.pdf / 3_kaitou.pdf,"【第3回 おたる案内人検定 問19】
北前船の積荷で、下り荷として違うのは次のどれですか。
① 酒
② 衣類
③ 塩
④ アワビ
正解: ④ アワビ"
R03-Q020,3,第3回,,1級・2級共通,20,,選択,北前船主は積荷を短期間に売り尽くせない場合もあるので、小樽に倉庫を建て荷を保管しました。この業務をなんといいましたか。,蔵敷業務,蔵入業務,蔵積業務,蔵前業務,①,蔵敷業務,,,3-問題.pdf / 3_kaitou.pdf,"【第3回 おたる案内人検定 問20】
北前船主は積荷を短期間に売り尽くせない場合もあるので、小樽に倉庫を建て荷を保管しました。この業務をなんといいましたか。
① 蔵敷業務
② 蔵入業務
③ 蔵積業務
④ 蔵前業務
正解: ① 蔵敷業務"
R03-Q021,3,第3回,,1級・2級共通,21,,記述,小樽には「小樽商人」とか「樽僑」と称される巨万の富を築いた商人が数多くいます。その彼らの出身地によりこんな俗諺があります。空欄に語句を入れなさい。「＊地均近江　種蒔（　　）　肥料加賀　刈取越後」,,,,,松前,,,,3-問題.pdf / 3_kaitou.pdf,"【第3回 おたる案内人検定 問21】
小樽には「小樽商人」とか「樽僑」と称される巨万の富を築いた商人が数多くいます。その彼らの出身地によりこんな俗諺があります。空欄に語句を入れなさい。「＊地均近江　種蒔（　　）　肥料加賀　刈取越後」
正解: 松前"
R03-Q022,3,第3回,,1級・2級共通,22,,記述,現在の運河プラザや博物館運河館などが入っている小樽倉庫を建てたのは加賀商人、西出孫左衛門ともうひとりは誰ですか。,,,,,西谷庄八,,,,3-問題.pdf / 3_kaitou.pdf,"【第3回 おたる案内人検定 問22】
現在の運河プラザや博物館運河館などが入っている小樽倉庫を建てたのは加賀商人、西出孫左衛門ともうひとりは誰ですか。
正解: 西谷庄八"
R03-Q023,3,第3回,,1級・2級共通,23,,選択,広海二三郎と大家七平は小樽市内の神社に鳥居を寄附しています。その神社の名前は何といいますか。,龍宮神社,住吉神社,水天宮,小樽稲荷神社,②,住吉神社,,,3-問題.pdf / 3_kaitou.pdf,"【第3回 おたる案内人検定 問23】
広海二三郎と大家七平は小樽市内の神社に鳥居を寄附しています。その神社の名前は何といいますか。
① 龍宮神社
② 住吉神社
③ 水天宮
④ 小樽稲荷神社
正解: ② 住吉神社"
R03-Q024,3,第3回,,1級・2級共通,24,,写真選択,石造倉庫は北前船主が建てたことがはじまりといわれています。次の写真で「大家倉庫」はどれですか。,［写真1］,［写真2］,［写真3］,［写真4］,②,［写真2］,images/R03-Q024-1.png images/R03-Q024-2.png images/R03-Q024-3.png images/R03-Q024-4.png,選択肢は4枚の写真。誌面は上段に1・3・4、下段に2の変則配置。images/R03-Q024-1〜4.png と対応,3-問題.pdf / 3_kaitou.pdf,"【第3回 おたる案内人検定 問24】
石造倉庫は北前船主が建てたことがはじまりといわれています。次の写真で「大家倉庫」はどれですか。
① ［写真1］
② ［写真2］
③ ［写真3］
④ ［写真4］
（選択肢は写真です。images/ の画像を参照）
正解: ② ［写真2］"
R03-Q025,3,第3回,,1級・2級共通,25,,選択,北前船ビジネスでは、前もって積荷を宣伝するために今日のような大阪でいう「ちらし」を寄港予定地にばらまきました。この媒体の別名で江戸ではなんといっていましたか。,引札,棟札,貼札,荷札,①,引札,,,3-問題.pdf / 3_kaitou.pdf,"【第3回 おたる案内人検定 問25】
北前船ビジネスでは、前もって積荷を宣伝するために今日のような大阪でいう「ちらし」を寄港予定地にばらまきました。この媒体の別名で江戸ではなんといっていましたか。
① 引札
② 棟札
③ 貼札
④ 荷札
正解: ① 引札"
R03-Q026,3,第3回,,1級・2級共通,26,,記述,江戸時代中期から二人の近江商人が鰊を資源とした商いをしていました。オタルナイ場所の岡田弥三右衛門ともう一人オショロ、タカシマ場所を請け負っていたのは誰ですか。,,,,,西川伝右衛門,,,,3-問題.pdf / 3_kaitou.pdf,"【第3回 おたる案内人検定 問26】
江戸時代中期から二人の近江商人が鰊を資源とした商いをしていました。オタルナイ場所の岡田弥三右衛門ともう一人オショロ、タカシマ場所を請け負っていたのは誰ですか。
正解: 西川伝右衛門"
R03-Q027,3,第3回,,1級・2級共通,27,,記述,金子元三郎は明治24(1891)年に主筆に中江兆民を招き小樽で最初の新聞を発行しました。その新聞名は何といいますか。,,,,,北門新報,,,,3-問題.pdf / 3_kaitou.pdf,"【第3回 おたる案内人検定 問27】
金子元三郎は明治24(1891)年に主筆に中江兆民を招き小樽で最初の新聞を発行しました。その新聞名は何といいますか。
正解: 北門新報"
R03-Q028,3,第3回,,1級・2級共通,28,,選択,通称「加越能商人」と呼ばれる小樽商人がいました。出身地を指す呼び方ですが、現在の何県ですか。,福井県、新潟県、山形県,石川県、新潟県、山形県,石川県、福井県、富山県,鳥取県、福井県、石川県,③,石川県、福井県、富山県,,,3-問題.pdf / 3_kaitou.pdf,"【第3回 おたる案内人検定 問28】
通称「加越能商人」と呼ばれる小樽商人がいました。出身地を指す呼び方ですが、現在の何県ですか。
① 福井県、新潟県、山形県
② 石川県、新潟県、山形県
③ 石川県、福井県、富山県
④ 鳥取県、福井県、石川県
正解: ③ 石川県、福井県、富山県"
R03-Q029,3,第3回,,1級・2級共通,29,,選択,加越能資本による銀行が小樽にもありました。メルヘン交差点の一角にある「銀の鐘」は元、何という銀行名ですか。,十二銀行,四十七銀行,中越銀行,第一銀行,③,中越銀行,,,3-問題.pdf / 3_kaitou.pdf,"【第3回 おたる案内人検定 問29】
加越能資本による銀行が小樽にもありました。メルヘン交差点の一角にある「銀の鐘」は元、何という銀行名ですか。
① 十二銀行
② 四十七銀行
③ 中越銀行
④ 第一銀行
正解: ③ 中越銀行"
R03-Q030,3,第3回,,1級・2級共通,30,,選択,明治の北海道では稲作の様々な試みはありましたが、米を安定供給できるような時代ではありませんでした。商業で発達した小樽でしたが、玄米で内地から運んで小樽で精米して全道に卸す精米業の共成（株）が発展しました。それは現在のオルゴール堂の建物を明治45年に建てた会社ですが、その創始者は誰ですか。雨竜郡のある地名にもなっています。,藤山要吉,木村円吉,沼田喜三郎,倉橋大介,③,沼田喜三郎,,,3-問題.pdf / 3_kaitou.pdf,"【第3回 おたる案内人検定 問30】
明治の北海道では稲作の様々な試みはありましたが、米を安定供給できるような時代ではありませんでした。商業で発達した小樽でしたが、玄米で内地から運んで小樽で精米して全道に卸す精米業の共成（株）が発展しました。それは現在のオルゴール堂の建物を明治45年に建てた会社ですが、その創始者は誰ですか。雨竜郡のある地名にもなっています。
① 藤山要吉
② 木村円吉
③ 沼田喜三郎
④ 倉橋大介
正解: ③ 沼田喜三郎"
R03-Q031,3,第3回,,1級・2級共通,31,,記述,大正3年に勃発した第一次大戦時に小豆を買い占めてロンドンの相場を揺るがしたという商人が小樽に多くの倉庫を建設して豆を選別する女工さんをたくさん雇用していました。その倉庫は今でも運河沿いにあり、「海鳴楼」として使われています。この豆成金と呼ばれた商人は誰ですか。,,,,,高橋直治,,,,3-問題.pdf / 3_kaitou.pdf,"【第3回 おたる案内人検定 問31】
大正3年に勃発した第一次大戦時に小豆を買い占めてロンドンの相場を揺るがしたという商人が小樽に多くの倉庫を建設して豆を選別する女工さんをたくさん雇用していました。その倉庫は今でも運河沿いにあり、「海鳴楼」として使われています。この豆成金と呼ばれた商人は誰ですか。
正解: 高橋直治"
R03-Q032,3,第3回,,1級・2級共通,32,,記述,小樽商人達はたくさん働いてたくさん遊びもしましたが、旦那衆文化なる粋な文化も残しています。なかでも日本伝統芸能の「能」に精通して、自ら能舞台を自宅に設けて楽しみ、それを市に寄附した商人は誰ですか。,,,,,岡崎謙,,,,3-問題.pdf / 3_kaitou.pdf,"【第3回 おたる案内人検定 問32】
小樽商人達はたくさん働いてたくさん遊びもしましたが、旦那衆文化なる粋な文化も残しています。なかでも日本伝統芸能の「能」に精通して、自ら能舞台を自宅に設けて楽しみ、それを市に寄附した商人は誰ですか。
正解: 岡崎謙"
R03-Q033,3,第3回,,1級・2級共通,33,,選択,大正9年調査の小樽区土地台帳において所有面積のトップに立った商人は次のどれですか。,板谷宮吉,藤山要吉,能島正次郎,木村圓吉,④,木村圓吉,,,3-問題.pdf / 3_kaitou.pdf,"【第3回 おたる案内人検定 問33】
大正9年調査の小樽区土地台帳において所有面積のトップに立った商人は次のどれですか。
① 板谷宮吉
② 藤山要吉
③ 能島正次郎
④ 木村圓吉
正解: ④ 木村圓吉"
R03-Q034,3,第3回,,1級・2級共通,34,,記述,小樽港の境界線は防波堤の内側をイメージしますが、実際は2つの岬を結んだ直線の内側をいいます。ひとつは平磯岬ですが、もう一方は高島の何という岬ですか。,,,,,茅柴岬,,,,3-問題.pdf / 3_kaitou.pdf,"【第3回 おたる案内人検定 問34】
小樽港の境界線は防波堤の内側をイメージしますが、実際は2つの岬を結んだ直線の内側をいいます。ひとつは平磯岬ですが、もう一方は高島の何という岬ですか。
正解: 茅柴岬"
R03-Q035,3,第3回,,1級・2級共通,35,,選択,小樽港が外国貿易港（開港）となり、世界各国と貿易ができるようになったのはいつですか。,明治14年,明治22年,明治32年,明治34年,③,明治32年,,,3-問題.pdf / 3_kaitou.pdf,"【第3回 おたる案内人検定 問35】
小樽港が外国貿易港（開港）となり、世界各国と貿易ができるようになったのはいつですか。
① 明治14年
② 明治22年
③ 明治32年
④ 明治34年
正解: ③ 明治32年"
R03-Q036,3,第3回,,1級・2級共通,36,,選択,埋め立て地を造成してつくられた小樽運河の岸壁には百トン積みのはしけが同時に40隻係留できたといいます。完成当時の小樽運河の長さと幅の組み合わせで正しいものはどれですか。,長さ645m、幅40m,長さ645m、幅20m,"長さ1,324m、幅40m","長さ1,324m、幅20m",③,"長さ1,324m、幅40m",,,3-問題.pdf / 3_kaitou.pdf,"【第3回 おたる案内人検定 問36】
埋め立て地を造成してつくられた小樽運河の岸壁には百トン積みのはしけが同時に40隻係留できたといいます。完成当時の小樽運河の長さと幅の組み合わせで正しいものはどれですか。
① 長さ645m、幅40m
② 長さ645m、幅20m
③ 長さ1,324m、幅40m
④ 長さ1,324m、幅20m
正解: ③ 長さ1,324m、幅40m"
R03-Q037,3,第3回,,1級・2級共通,37,,選択,小樽港が近代的な港湾として整備が始まったのは明治時代の小樽築港第一期工事でした。小樽築港第一期工事について説明したもので正しいものを一つ選んでください。,国内最大級の本格的外洋防波堤建設工事であり、国家的なプロジェクトとして国費で建設された,小樽に利権を持つ小樽商人の財力によって、個人の利益を目的につくられた,北海道から利益を得ようとした外国人が外国の技術者を連れてきて建設した,釧路港や稚内港などの整備が終り、予算が余ったので小樽港の工事が始まった,①,国内最大級の本格的外洋防波堤建設工事であり、国家的なプロジェクトとして国費で建設された,,,3-問題.pdf / 3_kaitou.pdf,"【第3回 おたる案内人検定 問37】
小樽港が近代的な港湾として整備が始まったのは明治時代の小樽築港第一期工事でした。小樽築港第一期工事について説明したもので正しいものを一つ選んでください。
① 国内最大級の本格的外洋防波堤建設工事であり、国家的なプロジェクトとして国費で建設された
② 小樽に利権を持つ小樽商人の財力によって、個人の利益を目的につくられた
③ 北海道から利益を得ようとした外国人が外国の技術者を連れてきて建設した
④ 釧路港や稚内港などの整備が終り、予算が余ったので小樽港の工事が始まった
正解: ① 国内最大級の本格的外洋防波堤建設工事であり、国家的なプロジェクトとして国費で建設された"
R03-Q038,3,第3回,,1級・2級共通,38,,記述,廣井勇の後を継ぎ、小樽築港を成功に導きケーソン進水方式を開発したのは誰ですか。,,,,,伊藤長右衛門,,,,3-問題.pdf / 3_kaitou.pdf,"【第3回 おたる案内人検定 問38】
廣井勇の後を継ぎ、小樽築港を成功に導きケーソン進水方式を開発したのは誰ですか。
正解: 伊藤長右衛門"
R03-Q039,3,第3回,,1級・2級共通,39,,選択,北海道遺産や土木学会の選奨土木遺産に認定されている小樽港北防波堤は、当時の土木技術の粋を集めて建設されました。以下の説明で正しいものはどれですか。,北防波堤は第二次世界大戦前の古い技術によるものなので、いまでは使われていない。,日本の技術者では近代的な防波堤を造ることができなかったので、お雇外国人のJ.U.クロフォードが設計し、アメリカ開拓で用いた工事手法を導入して建設に成功した。,コンクリートを使った防波堤建設の失敗などが続いたので、全て石積みによる防波堤を建設した。,札幌農学校教授であった廣井勇が初代の築港所長となり、様々な調査や実験を経て、日本で初めてのコンクリートを用いた外洋防波堤の建設に成功した。,④,札幌農学校教授であった廣井勇が初代の築港所長となり、様々な調査や実験を経て、日本で初めてのコンクリートを用いた外洋防波堤の建設に成功した。,,,3-問題.pdf / 3_kaitou.pdf,"【第3回 おたる案内人検定 問39】
北海道遺産や土木学会の選奨土木遺産に認定されている小樽港北防波堤は、当時の土木技術の粋を集めて建設されました。以下の説明で正しいものはどれですか。
① 北防波堤は第二次世界大戦前の古い技術によるものなので、いまでは使われていない。
② 日本の技術者では近代的な防波堤を造ることができなかったので、お雇外国人のJ.U.クロフォードが設計し、アメリカ開拓で用いた工事手法を導入して建設に成功した。
③ コンクリートを使った防波堤建設の失敗などが続いたので、全て石積みによる防波堤を建設した。
④ 札幌農学校教授であった廣井勇が初代の築港所長となり、様々な調査や実験を経て、日本で初めてのコンクリートを用いた外洋防波堤の建設に成功した。
正解: ④ 札幌農学校教授であった廣井勇が初代の築港所長となり、様々な調査や実験を経て、日本で初めてのコンクリートを用いた外洋防波堤の建設に成功した。"
R03-Q040,3,第3回,,1級・2級共通,40,,選択,北海道の石炭は日本の近代化に大きな貢献をしますが、北海道の炭鉱で幕末から採炭されていたのは次のうちどれですか。,留萌,沼田,三笠,白糠,④,白糠,,,3-問題.pdf / 3_kaitou.pdf,"【第3回 おたる案内人検定 問40】
北海道の石炭は日本の近代化に大きな貢献をしますが、北海道の炭鉱で幕末から採炭されていたのは次のうちどれですか。
① 留萌
② 沼田
③ 三笠
④ 白糠
正解: ④ 白糠"
R03-Q041,3,第3回,,1級・2級共通,41,,選択,幌内で発見された良質の石炭をどうやって運び出すか、さまざまな意見が出ますが、北海道の開拓顧問ケブロンと地質調査をしたライマンが最適とした運搬方法はどれですか。,幌内川・石狩川で川舟を使用する方法,幌内−札幌−小樽での鉄道使用,幌内−室蘭での鉄道使用,幌内−江別までを水運、江別−小樽を鉄道を使用する併用案,③,幌内−室蘭での鉄道使用,,,3-問題.pdf / 3_kaitou.pdf,"【第3回 おたる案内人検定 問41】
幌内で発見された良質の石炭をどうやって運び出すか、さまざまな意見が出ますが、北海道の開拓顧問ケブロンと地質調査をしたライマンが最適とした運搬方法はどれですか。
① 幌内川・石狩川で川舟を使用する方法
② 幌内−札幌−小樽での鉄道使用
③ 幌内−室蘭での鉄道使用
④ 幌内−江別までを水運、江別−小樽を鉄道を使用する併用案
正解: ③ 幌内−室蘭での鉄道使用"
R03-Q042,3,第3回,,1級・2級共通,42,,記述,クロフォードが建設した車馬道は短期間ではありましたが、最初の公共交通機関である官設の駅逓馬車が設けられました。また冬季には新たな交通システムが導入されました。それはどのようなものですか。,,,,,雪馬車・馬橇,,,,3-問題.pdf / 3_kaitou.pdf,"【第3回 おたる案内人検定 問42】
クロフォードが建設した車馬道は短期間ではありましたが、最初の公共交通機関である官設の駅逓馬車が設けられました。また冬季には新たな交通システムが導入されました。それはどのようなものですか。
正解: 雪馬車・馬橇"
R03-Q043,3,第3回,,1級・2級共通,43,,記述,明治13年、札幌までの鉄道工事が着工されました。9月にはクロフォードが買い付けた鉄道資材が手宮桟橋に着きます。この資材を積んできた小樽港最初の外国船入港でもある船の名前は何と言いますか。,,,,,トベイ号,,,,3-問題.pdf / 3_kaitou.pdf,"【第3回 おたる案内人検定 問43】
明治13年、札幌までの鉄道工事が着工されました。9月にはクロフォードが買い付けた鉄道資材が手宮桟橋に着きます。この資材を積んできた小樽港最初の外国船入港でもある船の名前は何と言いますか。
正解: トベイ号"
R03-Q044,3,第3回,,1級・2級共通,44,,記述,手宮〜札幌間の鉄道開通当時から今も残っているトンネルがあり、北海道最古といわれています。そのトンネルの名前は何といいますか。,,,,,義経トンネル・張碓第五トンネル,,,,3-問題.pdf / 3_kaitou.pdf,"【第3回 おたる案内人検定 問44】
手宮〜札幌間の鉄道開通当時から今も残っているトンネルがあり、北海道最古といわれています。そのトンネルの名前は何といいますか。
正解: 義経トンネル・張碓第五トンネル"
R03-Q045,3,第3回,,1級・2級共通,45,,選択,幌内鉄道には8両の蒸気機関車が導入されました。その内、6号までは「和名」がつけられています。正しい組み合わせはどれですか。,1号「弁慶」2号「義経」3号「比羅夫」4号「光圀」5号「しづか」6号「信広」,1号「義経」2号「弁慶」3号「比羅夫」4号「光圀」5号「信広」6号「しづか」,1号「義経」2号「弁慶」3号「光圀」4号「比羅夫」5号「信広」6号「しづか」,1号「弁慶」2号「義経」3号「比羅夫」4号「光圀」5号「信広」6号「しづか」,②,1号「義経」2号「弁慶」3号「比羅夫」4号「光圀」5号「信広」6号「しづか」,,,3-問題.pdf / 3_kaitou.pdf,"【第3回 おたる案内人検定 問45】
幌内鉄道には8両の蒸気機関車が導入されました。その内、6号までは「和名」がつけられています。正しい組み合わせはどれですか。
① 1号「弁慶」2号「義経」3号「比羅夫」4号「光圀」5号「しづか」6号「信広」
② 1号「義経」2号「弁慶」3号「比羅夫」4号「光圀」5号「信広」6号「しづか」
③ 1号「義経」2号「弁慶」3号「光圀」4号「比羅夫」5号「信広」6号「しづか」
④ 1号「弁慶」2号「義経」3号「比羅夫」4号「光圀」5号「信広」6号「しづか」
正解: ② 1号「義経」2号「弁慶」3号「比羅夫」4号「光圀」5号「信広」6号「しづか」"
R03-Q046,3,第3回,,1級・2級共通,46,,記述,明治の時代に港の整備方法をめぐって大論争があったときに「艀を利用した運河式の方が便利である」と指摘し、その後の検討に大きな影響を与えた人は誰ですか。,,,,,廣井勇,,,,3-問題.pdf / 3_kaitou.pdf,"【第3回 おたる案内人検定 問46】
明治の時代に港の整備方法をめぐって大論争があったときに「艀を利用した運河式の方が便利である」と指摘し、その後の検討に大きな影響を与えた人は誰ですか。
正解: 廣井勇"
R03-Q047,3,第3回,,1級・2級共通,47,,記述,高速道路から市内に延びる幹線道路建設で有幌地区の一角の建物が取り壊され、小樽運河保存運動が立ち上がるきっかけとなりました。その取り壊された建物とは何ですか。,,,,,石造倉庫・木骨石造倉庫・有幌倉庫,,,,3-問題.pdf / 3_kaitou.pdf,"【第3回 おたる案内人検定 問47】
高速道路から市内に延びる幹線道路建設で有幌地区の一角の建物が取り壊され、小樽運河保存運動が立ち上がるきっかけとなりました。その取り壊された建物とは何ですか。
正解: 石造倉庫・木骨石造倉庫・有幌倉庫"
R03-Q048,3,第3回,,1級・2級共通,48,,選択,小樽運河保存運動の二代目会長となられた峯山冨美さんは、小樽運河を残す運動に関わる意味を、ある言葉で問いかけられていました。その言葉は次のどれですか。,小樽の古い体制を壊す,もったいない,地域に生きるとは何か,歴史の経済価値を高める,③,地域に生きるとは何か,,,3-問題.pdf / 3_kaitou.pdf,"【第3回 おたる案内人検定 問48】
小樽運河保存運動の二代目会長となられた峯山冨美さんは、小樽運河を残す運動に関わる意味を、ある言葉で問いかけられていました。その言葉は次のどれですか。
① 小樽の古い体制を壊す
② もったいない
③ 地域に生きるとは何か
④ 歴史の経済価値を高める
正解: ③ 地域に生きるとは何か"
R03-Q049,3,第3回,,1級・2級共通,49,,選択,運河埋め立ての見直しを求める10万人の署名を集める活動は、結果的に次の内、どのような成果をあげましたか。,1年かけたが目標の10分の1の1万人の署名にとどまった,半年で5万3千人の署名を集めた,2ヶ月間で9万7千人の署名を集めた,署名活動をおこなうに至らなかった,③,2ヶ月間で9万7千人の署名を集めた,,,3-問題.pdf / 3_kaitou.pdf,"【第3回 おたる案内人検定 問49】
運河埋め立ての見直しを求める10万人の署名を集める活動は、結果的に次の内、どのような成果をあげましたか。
① 1年かけたが目標の10分の1の1万人の署名にとどまった
② 半年で5万3千人の署名を集めた
③ 2ヶ月間で9万7千人の署名を集めた
④ 署名活動をおこなうに至らなかった
正解: ③ 2ヶ月間で9万7千人の署名を集めた"
R03-Q050,3,第3回,,1級・2級共通,50,,選択,小樽運河保存運動の特徴として間違っているのはどれですか。,「イマジネーション」のある運動,単なる反対運動ではなく「対案提起」の運動,若者よりも高齢者が中心となった運動,町並み保存運動の「教科書」となった運動,③,若者よりも高齢者が中心となった運動,,,3-問題.pdf / 3_kaitou.pdf,"【第3回 おたる案内人検定 問50】
小樽運河保存運動の特徴として間違っているのはどれですか。
① 「イマジネーション」のある運動
② 単なる反対運動ではなく「対案提起」の運動
③ 若者よりも高齢者が中心となった運動
④ 町並み保存運動の「教科書」となった運動
正解: ③ 若者よりも高齢者が中心となった運動"
R03-Q051,3,第3回,,1級・2級共通,51,,記述,運河を通じて小樽のまちを見つめ直す機会を得た多くの人々のエネルギーは、その後のまちづくりに脈々と生き続けていると言えます。そのひとつとして近年、全国的にも話題となっている小樽の冬のイベントとは何ですか。,,,,,雪あかりの路,,,,3-問題.pdf / 3_kaitou.pdf,"【第3回 おたる案内人検定 問51】
運河を通じて小樽のまちを見つめ直す機会を得た多くの人々のエネルギーは、その後のまちづくりに脈々と生き続けていると言えます。そのひとつとして近年、全国的にも話題となっている小樽の冬のイベントとは何ですか。
正解: 雪あかりの路"
R03-Q052,3,第3回,,1級・2級共通,52,,記述,江戸末期から明治10年代にかけて、小樽はこの川の河口付近に多くの人々が生活していました。この周辺は明治3年の区分によると小樽郡とよばれ、小樽のまちのはじまりといえる地域です。さて、この川の名前は、何といいますか。,,,,,勝納川,,,,3-問題.pdf / 3_kaitou.pdf,"【第3回 おたる案内人検定 問52】
江戸末期から明治10年代にかけて、小樽はこの川の河口付近に多くの人々が生活していました。この周辺は明治3年の区分によると小樽郡とよばれ、小樽のまちのはじまりといえる地域です。さて、この川の名前は、何といいますか。
正解: 勝納川"
R03-Q053,3,第3回,,1級・2級共通,53,,記述,手宮に明治13年から鉄道施設を建設しました。最初の建物である事務所、停車場、工場等は木造で西洋風の外観でした。外壁の板の張り方が特徴ですが、この張り方を何といいますか。,,,,,下見板張り,,,,3-問題.pdf / 3_kaitou.pdf,"【第3回 おたる案内人検定 問53】
手宮に明治13年から鉄道施設を建設しました。最初の建物である事務所、停車場、工場等は木造で西洋風の外観でした。外壁の板の張り方が特徴ですが、この張り方を何といいますか。
正解: 下見板張り"
R03-Q054,3,第3回,,1級・2級共通,54,,記述,旧手宮機関車庫（手宮、明治18年）は、わが国最古のれんが造の機関車庫です。この建物を設計した中心人物は、後に北海道庁本庁舎（赤れんが庁舎、札幌市中央区、明治21年）も設計しました。さて、この設計者は誰ですか。,,,,,平井晴二郎,,,,3-問題.pdf / 3_kaitou.pdf,"【第3回 おたる案内人検定 問54】
旧手宮機関車庫（手宮、明治18年）は、わが国最古のれんが造の機関車庫です。この建物を設計した中心人物は、後に北海道庁本庁舎（赤れんが庁舎、札幌市中央区、明治21年）も設計しました。さて、この設計者は誰ですか。
正解: 平井晴二郎"
R03-Q055,3,第3回,,1級・2級共通,55,,選択,小樽市内に木骨石造（もっこつせきぞう）の建物が多い理由で、間違っているのはどれですか。,石の産地が近辺にある。,木造の建築技術を必要としないので早くできる。,すべての材料を石にするよりも工期が短く、建築費が安い。,防火構造になる。,②,木造の建築技術を必要としないので早くできる。,,,3-問題.pdf / 3_kaitou.pdf,"【第3回 おたる案内人検定 問55】
小樽市内に木骨石造（もっこつせきぞう）の建物が多い理由で、間違っているのはどれですか。
① 石の産地が近辺にある。
② 木造の建築技術を必要としないので早くできる。
③ すべての材料を石にするよりも工期が短く、建築費が安い。
④ 防火構造になる。
正解: ② 木造の建築技術を必要としないので早くできる。"
R03-Q056,3,第3回,,1級・2級共通,56,,選択,次に示す3つの建物は、設計に工部大学校造家科（現、東京大学工学部建築学科の前身）の第一期卒業生が関与しました。1）旧日本郵船小樽支店（色内3丁目、明治39年） 2）日本銀行旧小樽支店（色内1丁目、明治45年） 3）旧三井銀行小樽支店（色内1丁目、昭和2年）　それぞれの建物とその設計者の組み合わせで、正しいものはどれですか。,1）辰野金吾　2）佐立七次郎　3）片山東熊,1）佐立七次郎　2）辰野金吾　3）曾禰達蔵,1）曾禰達蔵　2）辰野金吾　3）佐立七次郎,1）佐立七次郎　2）曾禰達蔵　3）辰野金吾,②,1）佐立七次郎　2）辰野金吾　3）曾禰達蔵,,,3-問題.pdf / 3_kaitou.pdf,"【第3回 おたる案内人検定 問56】
次に示す3つの建物は、設計に工部大学校造家科（現、東京大学工学部建築学科の前身）の第一期卒業生が関与しました。1）旧日本郵船小樽支店（色内3丁目、明治39年） 2）日本銀行旧小樽支店（色内1丁目、明治45年） 3）旧三井銀行小樽支店（色内1丁目、昭和2年）　それぞれの建物とその設計者の組み合わせで、正しいものはどれですか。
① 1）辰野金吾　2）佐立七次郎　3）片山東熊
② 1）佐立七次郎　2）辰野金吾　3）曾禰達蔵
③ 1）曾禰達蔵　2）辰野金吾　3）佐立七次郎
④ 1）佐立七次郎　2）曾禰達蔵　3）辰野金吾
正解: ② 1）佐立七次郎　2）辰野金吾　3）曾禰達蔵"
R03-Q057,3,第3回,,1級・2級共通,57,,選択,日本銀行旧小樽支店（色内1丁目、明治45年）は、当時の金額で37万円を要し建築されました。日本銀行は、本店、西部（門司）支店、大阪支店、名古屋支店、京都出張所、福島支店とありましたが、小樽支店の建築費は全国で何番目ですか。,2番目,3番目,4番目,5番目,②,3番目,,,3-問題.pdf / 3_kaitou.pdf,"【第3回 おたる案内人検定 問57】
日本銀行旧小樽支店（色内1丁目、明治45年）は、当時の金額で37万円を要し建築されました。日本銀行は、本店、西部（門司）支店、大阪支店、名古屋支店、京都出張所、福島支店とありましたが、小樽支店の建築費は全国で何番目ですか。
① 2番目
② 3番目
③ 4番目
④ 5番目
正解: ② 3番目"
R03-Q058,3,第3回,,1級・2級共通,58,,選択,日本銀行旧小樽支店（色内1丁目、明治45年）は、玄関ホール（客溜）と営業室の境に柱をたてない構造になっています。その理由として最もふさわしいものは、どれですか。,壁に鉄骨を使用している。,小屋組に木を使用している。,小屋組に鉄骨を使用している。,屋根に瓦（かわら）を使用している。,③,小屋組に鉄骨を使用している。,,,3-問題.pdf / 3_kaitou.pdf,"【第3回 おたる案内人検定 問58】
日本銀行旧小樽支店（色内1丁目、明治45年）は、玄関ホール（客溜）と営業室の境に柱をたてない構造になっています。その理由として最もふさわしいものは、どれですか。
① 壁に鉄骨を使用している。
② 小屋組に木を使用している。
③ 小屋組に鉄骨を使用している。
④ 屋根に瓦（かわら）を使用している。
正解: ③ 小屋組に鉄骨を使用している。"
R03-Q059,3,第3回,,1級・2級共通,59,,記述,明治44年、工事を請け負った大虎・加藤忠五郎（かとうちゅうごろう）は設計の指導を仰ぐため宮内省を訪問し、内匠寮の技師・木子幸三郎（きこうさぶろう）に図面を書いてもらい明治44年1月に工事を始め、7月に完成させました。さて、この建物とは何という名称ですか。,,,,,小樽区公会堂・公会堂,,,,3-問題.pdf / 3_kaitou.pdf,"【第3回 おたる案内人検定 問59】
明治44年、工事を請け負った大虎・加藤忠五郎（かとうちゅうごろう）は設計の指導を仰ぐため宮内省を訪問し、内匠寮の技師・木子幸三郎（きこうさぶろう）に図面を書いてもらい明治44年1月に工事を始め、7月に完成させました。さて、この建物とは何という名称ですか。
正解: 小樽区公会堂・公会堂"
R03-Q060,3,第3回,,1級・2級共通,60,,選択,和光荘（潮見台、大正11年）は、酒造会社の社長の住宅として建てられました。そのデザインの基調は、当時、パリを中心にヨーロッパで流行の兆しが見られた幾何学模様を取り入れています。それは何と呼ばれるデザインですか。,バロック,アール・ヌーヴォー,インターナショナル・スタイル,アール・デコ,④,アール・デコ,,,3-問題.pdf / 3_kaitou.pdf,"【第3回 おたる案内人検定 問60】
和光荘（潮見台、大正11年）は、酒造会社の社長の住宅として建てられました。そのデザインの基調は、当時、パリを中心にヨーロッパで流行の兆しが見られた幾何学模様を取り入れています。それは何と呼ばれるデザインですか。
① バロック
② アール・ヌーヴォー
③ インターナショナル・スタイル
④ アール・デコ
正解: ④ アール・デコ"
R03-Q061,3,第3回,,1級・2級共通,61,,選択,旧第一銀行小樽支店（色内、大正13年）は、色内大通と緑山手通の交差点に建てられました。この建物は、ヨーロッパで流行していた曲線を生かす様式が取り入れられました。これは何と呼ばれる様式ですか。,バロック,アール・ヌーヴォー,インターナショナル・スタイル,アール・デコ,②,アール・ヌーヴォー,,,3-問題.pdf / 3_kaitou.pdf,"【第3回 おたる案内人検定 問61】
旧第一銀行小樽支店（色内、大正13年）は、色内大通と緑山手通の交差点に建てられました。この建物は、ヨーロッパで流行していた曲線を生かす様式が取り入れられました。これは何と呼ばれる様式ですか。
① バロック
② アール・ヌーヴォー
③ インターナショナル・スタイル
④ アール・デコ
正解: ② アール・ヌーヴォー"
R03-Q062,3,第3回,,1級・2級共通,62,,記述,旧三井銀行小樽支店（色内、昭和2年）は外壁に花崗岩を積み、アーチを連続させ、軒を装飾するルネサンスのデザインで統一され、地震に強い構造が採用になっています。この構造を何といいますか。,,,,,鉄骨鉄筋コンクリート,,,,3-問題.pdf / 3_kaitou.pdf,"【第3回 おたる案内人検定 問62】
旧三井銀行小樽支店（色内、昭和2年）は外壁に花崗岩を積み、アーチを連続させ、軒を装飾するルネサンスのデザインで統一され、地震に強い構造が採用になっています。この構造を何といいますか。
正解: 鉄骨鉄筋コンクリート"
R03-Q063,3,第3回,,1級・2級共通,63,,記述,景勝地オタモイ海岸の断崖絶壁に蛇の目寿司の加藤秋太郎は絶景を楽しむ料亭を建てました。昭和9年に完成し、その後昭和27年に焼失したこの建物は何といいますか。,,,,,龍宮閣,,,,3-問題.pdf / 3_kaitou.pdf,"【第3回 おたる案内人検定 問63】
景勝地オタモイ海岸の断崖絶壁に蛇の目寿司の加藤秋太郎は絶景を楽しむ料亭を建てました。昭和9年に完成し、その後昭和27年に焼失したこの建物は何といいますか。
正解: 龍宮閣"
R03-Q064,3,第3回,,1級・2級共通,64,,選択,平成13(2001)年に職人業の継承には充分な指導を行う機関が必要で、設立したNPO法人は何という名称ですか。,北海道職人義塾大學校,小樽職人義塾大學校,北海道職人養成講座,小樽職人養成講座,①,北海道職人義塾大學校,,,3-問題.pdf / 3_kaitou.pdf,"【第3回 おたる案内人検定 問64】
平成13(2001)年に職人業の継承には充分な指導を行う機関が必要で、設立したNPO法人は何という名称ですか。
① 北海道職人義塾大學校
② 小樽職人義塾大學校
③ 北海道職人養成講座
④ 小樽職人養成講座
正解: ① 北海道職人義塾大學校"
R03-Q065,3,第3回,,1級・2級共通,65,,記述,明治4年に愛知県から入植した本田圭次郎氏は、地場で産出した粘土で後志焼の窯を開き、北海道陶工の祖と言われており、それにより、小樽では（　　）などの各種工房で陶芸家が活躍しております。＊（　　）内に当てはまる語句を記入しなさい。,,,,,小樽焼、小樽窯,,,,3-問題.pdf / 3_kaitou.pdf,"【第3回 おたる案内人検定 問65】
明治4年に愛知県から入植した本田圭次郎氏は、地場で産出した粘土で後志焼の窯を開き、北海道陶工の祖と言われており、それにより、小樽では（　　）などの各種工房で陶芸家が活躍しております。＊（　　）内に当てはまる語句を記入しなさい。
正解: 小樽焼、小樽窯"
R03-Q066,3,第3回,,1級・2級共通,66,,選択,オルゴールは今から200年以上前、スイスのジュネーブで時計職人アントワーヌ・ファーブルによって世に出されたのがはじまりといわれています。この時のオルゴールはどのようなタイプですか。,ディスク型,鍵盤型,シリンダー型,ベル型,③,シリンダー型,,,3-問題.pdf / 3_kaitou.pdf,"【第3回 おたる案内人検定 問66】
オルゴールは今から200年以上前、スイスのジュネーブで時計職人アントワーヌ・ファーブルによって世に出されたのがはじまりといわれています。この時のオルゴールはどのようなタイプですか。
① ディスク型
② 鍵盤型
③ シリンダー型
④ ベル型
正解: ③ シリンダー型"
R03-Q067,3,第3回,,1級・2級共通,67,,選択,日本の硝子は外国人技師により長崎で天正3(1575)年に製造されました。この外国人はどこの国の人ですか。,ポルトガル,イギリス,オランダ,アメリカ,③,オランダ,,,3-問題.pdf / 3_kaitou.pdf,"【第3回 おたる案内人検定 問67】
日本の硝子は外国人技師により長崎で天正3(1575)年に製造されました。この外国人はどこの国の人ですか。
① ポルトガル
② イギリス
③ オランダ
④ アメリカ
正解: ③ オランダ"
R03-Q068,3,第3回,,1級・2級共通,68,,記述,1917(大正6)年に自らのアトリエを解放して小樽ではじめて油絵を学ぶ研究所が誕生します。実弟兼平英示とともに「小樽洋画研究所」を設立した人物は誰ですか。,,,,,三浦鮮治,,,,3-問題.pdf / 3_kaitou.pdf,"【第3回 おたる案内人検定 問68】
1917(大正6)年に自らのアトリエを解放して小樽ではじめて油絵を学ぶ研究所が誕生します。実弟兼平英示とともに「小樽洋画研究所」を設立した人物は誰ですか。
正解: 三浦鮮治"
R03-Q069,3,第3回,,1級・2級共通,69,,選択,札幌、函館、旭川などの北海道各地で行われていた美術グループをまとめる原動力となり、やがて北海道全域にわたる公募展「道展」設立のきっかけとなった小樽の公募展は次のどれですか。,裸童社,太地社,北方美術協会展,市展,②,太地社,,,3-問題.pdf / 3_kaitou.pdf,"【第3回 おたる案内人検定 問69】
札幌、函館、旭川などの北海道各地で行われていた美術グループをまとめる原動力となり、やがて北海道全域にわたる公募展「道展」設立のきっかけとなった小樽の公募展は次のどれですか。
① 裸童社
② 太地社
③ 北方美術協会展
④ 市展
正解: ② 太地社"
R03-Q070,3,第3回,,1級・2級共通,70,,選択,中村善策が毎年のように小樽に帰省し宿泊した場所で、野外写生に出かける足がかりとした所はどこですか。,北海ホテル,越中屋旅館,魚松旅館,国際ホテル,③,魚松旅館,,,3-問題.pdf / 3_kaitou.pdf,"【第3回 おたる案内人検定 問70】
中村善策が毎年のように小樽に帰省し宿泊した場所で、野外写生に出かける足がかりとした所はどこですか。
① 北海ホテル
② 越中屋旅館
③ 魚松旅館
④ 国際ホテル
正解: ③ 魚松旅館"
R03-Q071,3,第3回,,1級・2級共通,71,,選択,中村善策の系譜をつぐ風景画家で、現在も小樽在住で活躍している画家といえば小川清と、もうひとりは誰ですか。,小竹義夫,金丸直衛,冨澤謙,石塚常男,③,冨澤謙,,,3-問題.pdf / 3_kaitou.pdf,"【第3回 おたる案内人検定 問71】
中村善策の系譜をつぐ風景画家で、現在も小樽在住で活躍している画家といえば小川清と、もうひとりは誰ですか。
① 小竹義夫
② 金丸直衛
③ 冨澤謙
④ 石塚常男
正解: ③ 冨澤謙"
R03-Q072,3,第3回,,1級・2級共通,72,,記述,石川啄木は明治40年、創立したばかりの小樽日報社で記者として活躍します。このころ、同僚には、童謡「赤い靴」や流行歌「船頭小唄」で知られる人物がいました。その人物とは誰ですか。,,,,,野口雨情,,,,3-問題.pdf / 3_kaitou.pdf,"【第3回 おたる案内人検定 問72】
石川啄木は明治40年、創立したばかりの小樽日報社で記者として活躍します。このころ、同僚には、童謡「赤い靴」や流行歌「船頭小唄」で知られる人物がいました。その人物とは誰ですか。
正解: 野口雨情"
R03-Q073,3,第3回,,1級・2級共通,73,,選択,石川啄木の「かなしきは小樽の町よ／歌ふことなき人人の／声の荒さよ」の歌碑がある所はどこですか。,小樽公園,旭展望台,水天宮,小樽駅前三角市場,③,水天宮,,,3-問題.pdf / 3_kaitou.pdf,"【第3回 おたる案内人検定 問73】
石川啄木の「かなしきは小樽の町よ／歌ふことなき人人の／声の荒さよ」の歌碑がある所はどこですか。
① 小樽公園
② 旭展望台
③ 水天宮
④ 小樽駅前三角市場
正解: ③ 水天宮"
R03-Q074,3,第3回,,1級・2級共通,74,,選択,「私は浪の音を守唄にして眠る／騒がしく絶間なく／繰り返して語る灰色の年老いた浪‥‥‥」この詩が刻まれている文学碑は海を見下ろす丘の上にあります。この作家は誰ですか。,石川啄木,伊藤整,小林多喜二,八田尚之,②,伊藤整,,,3-問題.pdf / 3_kaitou.pdf,"【第3回 おたる案内人検定 問74】
「私は浪の音を守唄にして眠る／騒がしく絶間なく／繰り返して語る灰色の年老いた浪‥‥‥」この詩が刻まれている文学碑は海を見下ろす丘の上にあります。この作家は誰ですか。
① 石川啄木
② 伊藤整
③ 小林多喜二
④ 八田尚之
正解: ② 伊藤整"
R03-Q075,3,第3回,,1級・2級共通,75,,選択,水天宮境内に建てられた詩碑「山上の旗」の詩人、河邨文一郎氏の職業は何ですか。,医学者,新聞記者,銀行員,高校教師,①,医学者,,,3-問題.pdf / 3_kaitou.pdf,"【第3回 おたる案内人検定 問75】
水天宮境内に建てられた詩碑「山上の旗」の詩人、河邨文一郎氏の職業は何ですか。
① 医学者
② 新聞記者
③ 銀行員
④ 高校教師
正解: ① 医学者"
R03-Q076,3,第3回,,1級・2級共通,76,,選択,劇作家八田尚之は、戦前豊田四郎監督と組んで映画のあるジャンルを確立したと言われます。それは何ですか。,アクション映画,文芸映画,時代劇,社会派映画,②,文芸映画,,,3-問題.pdf / 3_kaitou.pdf,"【第3回 おたる案内人検定 問76】
劇作家八田尚之は、戦前豊田四郎監督と組んで映画のあるジャンルを確立したと言われます。それは何ですか。
① アクション映画
② 文芸映画
③ 時代劇
④ 社会派映画
正解: ② 文芸映画"
R03-Q077,3,第3回,,1級・2級共通,77,,記述,1846年、探検家・松浦武四郎が小樽沖で見た自然現象を称して「高島おばけ」と呼びました。さて、この自然現象とは何ですか。,,,,,蜃気楼,,,,3-問題.pdf / 3_kaitou.pdf,"【第3回 おたる案内人検定 問77】
1846年、探検家・松浦武四郎が小樽沖で見た自然現象を称して「高島おばけ」と呼びました。さて、この自然現象とは何ですか。
正解: 蜃気楼"
R03-Q078,3,第3回,,1級・2級共通,78,,記述,小樽は坂のまちともいわれていますが、次の条件に合う坂の名前は何といいますか。「妙見川から水天宮を横切り、入船方面に向かう坂です。昔は塗り師、張り師、彫り師、表具師、指物師などの仕事場が軒を並べていました。」,,,,,職人坂,,,,3-問題.pdf / 3_kaitou.pdf,"【第3回 おたる案内人検定 問78】
小樽は坂のまちともいわれていますが、次の条件に合う坂の名前は何といいますか。「妙見川から水天宮を横切り、入船方面に向かう坂です。昔は塗り師、張り師、彫り師、表具師、指物師などの仕事場が軒を並べていました。」
正解: 職人坂"
R03-Q079,3,第3回,,1級・2級共通,79,,記述,この一帯の大地主だった北垣国道の号に由来して通り名がつけられました。蔵を利用した喫茶店や歴史ある建物を再生した蕎麦店もあります。この通り名は何といいますか。,,,,,静屋通り,,,,3-問題.pdf / 3_kaitou.pdf,"【第3回 おたる案内人検定 問79】
この一帯の大地主だった北垣国道の号に由来して通り名がつけられました。蔵を利用した喫茶店や歴史ある建物を再生した蕎麦店もあります。この通り名は何といいますか。
正解: 静屋通り"
R03-Q080,3,第3回,,1級・2級共通,80,,選択,小樽市の花と木の組み合わせで正しいのはどれですか。,ツツジとクリ,ツツジとシラカンバ,ライラックとシラカンバ,サクラとシラカンバ,②,ツツジとシラカンバ,,,3-問題.pdf / 3_kaitou.pdf,"【第3回 おたる案内人検定 問80】
小樽市の花と木の組み合わせで正しいのはどれですか。
① ツツジとクリ
② ツツジとシラカンバ
③ ライラックとシラカンバ
④ サクラとシラカンバ
正解: ② ツツジとシラカンバ"
R03-Q081,3,第3回,,1級・2級共通,81,,記述,この一帯は小樽を代表する温泉やスキー場があり、地域のイベント活動や冬の「雪あかりの路」の会場にもなっています。近年、この地域は何と呼ばれていますか。,,,,,ゆらぎの里,,,,3-問題.pdf / 3_kaitou.pdf,"【第3回 おたる案内人検定 問81】
この一帯は小樽を代表する温泉やスキー場があり、地域のイベント活動や冬の「雪あかりの路」の会場にもなっています。近年、この地域は何と呼ばれていますか。
正解: ゆらぎの里"
R03-Q082,3,第3回,,1級・2級共通,82,,選択,小樽市が平成11年より製造しているボトルドウォーター「小樽の水」は何を記念して製造が開始されましたか。,小樽市開基100年,近代水道百選,水道敷設90年,第30回おたる潮まつり,③,水道敷設90年,,,3-問題.pdf / 3_kaitou.pdf,"【第3回 おたる案内人検定 問82】
小樽市が平成11年より製造しているボトルドウォーター「小樽の水」は何を記念して製造が開始されましたか。
① 小樽市開基100年
② 近代水道百選
③ 水道敷設90年
④ 第30回おたる潮まつり
正解: ③ 水道敷設90年"
R03-Q083,3,第3回,,1級・2級共通,83,,選択,「小樽八区八景」のある地区の説明です。どこの地区ですか。「山に向かって放射状に街が広がる景色は、古代ローマなどの野外劇場をイメージさせます。坂道や丘から市街地を見渡すことができるため‥‥」,桜・朝里地区,中央地区,銭函地区,祝津・高島地区,②,中央地区,,,3-問題.pdf / 3_kaitou.pdf,"【第3回 おたる案内人検定 問83】
「小樽八区八景」のある地区の説明です。どこの地区ですか。「山に向かって放射状に街が広がる景色は、古代ローマなどの野外劇場をイメージさせます。坂道や丘から市街地を見渡すことができるため‥‥」
① 桜・朝里地区
② 中央地区
③ 銭函地区
④ 祝津・高島地区
正解: ② 中央地区"
R03-Q084,3,第3回,,1級・2級共通,84,,選択,小樽の歴史と風土に調和した都市景観をつくり出している建築物や活動などを表することにより、都市環境の向上と市民のまちづくりへの理解を深めることを目的とした賞の名称は何ですか。,小樽市都市計画賞,小樽市都市建築賞,小樽市都市景観賞,小樽市都市再生賞,③,小樽市都市景観賞,,,3-問題.pdf / 3_kaitou.pdf,"【第3回 おたる案内人検定 問84】
小樽の歴史と風土に調和した都市景観をつくり出している建築物や活動などを表することにより、都市環境の向上と市民のまちづくりへの理解を深めることを目的とした賞の名称は何ですか。
① 小樽市都市計画賞
② 小樽市都市建築賞
③ 小樽市都市景観賞
④ 小樽市都市再生賞
正解: ③ 小樽市都市景観賞"
R03-Q085,3,第3回,,1級・2級共通,85,,選択,次の歴史的建造物で前問の賞の第一回受賞は次のどれですか。,田中酒造店,旧青山別邸,北一硝子三号館,商家茶屋さかい家,③,北一硝子三号館,,,3-問題.pdf / 3_kaitou.pdf,"【第3回 おたる案内人検定 問85】
次の歴史的建造物で前問の賞の第一回受賞は次のどれですか。
① 田中酒造店
② 旧青山別邸
③ 北一硝子三号館
④ 商家茶屋さかい家
正解: ③ 北一硝子三号館"
R03-Q086,3,第3回,,1級・2級共通,86,,選択,小樽の初代市長は香川県生まれで、前熊本市長でした。名前は次のどれですか。,木田川奎彦,佐柳藤太,板谷宮吉,河原直孝,②,佐柳藤太,,,3-問題.pdf / 3_kaitou.pdf,"【第3回 おたる案内人検定 問86】
小樽の初代市長は香川県生まれで、前熊本市長でした。名前は次のどれですか。
① 木田川奎彦
② 佐柳藤太
③ 板谷宮吉
④ 河原直孝
正解: ② 佐柳藤太"
R03-Q087,3,第3回,,1級・2級共通,87,,記述,「戦後、樺太や満州からの引揚者がこの川べりに露天を開いたのがはじまりです。その後、川の上に丸太を渡して建物が建てられたりしました。昭和37年に小樽市営市場として再建されました。」小樽市内の、ある市場を説明しています。どこの市場ですか。市場名を書きなさい。,,,,,妙見市場,,,,3-問題.pdf / 3_kaitou.pdf,"【第3回 おたる案内人検定 問87】
「戦後、樺太や満州からの引揚者がこの川べりに露天を開いたのがはじまりです。その後、川の上に丸太を渡して建物が建てられたりしました。昭和37年に小樽市営市場として再建されました。」小樽市内の、ある市場を説明しています。どこの市場ですか。市場名を書きなさい。
正解: 妙見市場"
R03-Q088,3,第3回,,1級・2級共通,88,,選択,明治3年、開拓使より命名された小樽最古の町名で、原名はアイヌ語のアッチナイを和人がなまって伝えられたといわれています。この町名は何といいますか。,色内,桃内,勝納,オタモイ,③,勝納,,,3-問題.pdf / 3_kaitou.pdf,"【第3回 おたる案内人検定 問88】
明治3年、開拓使より命名された小樽最古の町名で、原名はアイヌ語のアッチナイを和人がなまって伝えられたといわれています。この町名は何といいますか。
① 色内
② 桃内
③ 勝納
④ オタモイ
正解: ③ 勝納"
R03-Q089,3,第3回,,1級・2級共通,89,,選択,市内には酒造会社が4社あります。それぞれの酒造会社とその銘柄の組み合わせで正しいものはどれですか。A）北の誉酒造　B）曲イ田中酒造　C）雪の花酒造　D）山二わたなべ,A）宝川　B）雪中花　C）小樽港　D）雄冬,A）雪中花　B）雄冬　C）宝川　D）小樽港,A）雄冬　B）宝川　C）雪中花　D）小樽港,A）雄冬　B）宝川　C）小樽港　D）雪中花,④,A）雄冬　B）宝川　C）小樽港　D）雪中花,,,3-問題.pdf / 3_kaitou.pdf,"【第3回 おたる案内人検定 問89】
市内には酒造会社が4社あります。それぞれの酒造会社とその銘柄の組み合わせで正しいものはどれですか。A）北の誉酒造　B）曲イ田中酒造　C）雪の花酒造　D）山二わたなべ
① A）宝川　B）雪中花　C）小樽港　D）雄冬
② A）雪中花　B）雄冬　C）宝川　D）小樽港
③ A）雄冬　B）宝川　C）雪中花　D）小樽港
④ A）雄冬　B）宝川　C）小樽港　D）雪中花
正解: ④ A）雄冬　B）宝川　C）小樽港　D）雪中花"
R03-Q090,3,第3回,,1級・2級共通,90,,選択,次の歴史的建造物のうち、市指定有形文化財はどれですか。,安田銀行小樽支店,小樽市鰊御殿（旧田中家住宅）,日本銀行旧小樽支店,三井銀行小樽支店,③,日本銀行旧小樽支店,,,3-問題.pdf / 3_kaitou.pdf,"【第3回 おたる案内人検定 問90】
次の歴史的建造物のうち、市指定有形文化財はどれですか。
① 安田銀行小樽支店
② 小樽市鰊御殿（旧田中家住宅）
③ 日本銀行旧小樽支店
④ 三井銀行小樽支店
正解: ③ 日本銀行旧小樽支店"
R03-Q091,3,第3回,,1級・2級共通,91,,記述,中央バスが運行している「おたる散策バス」に使われている車両の中で、赤と緑のレトロ調で小樽の町並みにあったデザインのバスがあります。このバスの名前は何といいますか。,,,,,ろまん号,,,,3-問題.pdf / 3_kaitou.pdf,"【第3回 おたる案内人検定 問91】
中央バスが運行している「おたる散策バス」に使われている車両の中で、赤と緑のレトロ調で小樽の町並みにあったデザインのバスがあります。このバスの名前は何といいますか。
正解: ろまん号"
R03-Q092,3,第3回,,1級・2級共通,92,,記述,後志管内は1市13町6村で構成されています。町名には余市町・古平町・積丹町・岩内町・寿都町・仁木町・共和町・倶知安町・ニセコ町・京極町・喜茂別町・黒松内町とあとひとつは何町ですか。,,,,,蘭越町,,,,3-問題.pdf / 3_kaitou.pdf,"【第3回 おたる案内人検定 問92】
後志管内は1市13町6村で構成されています。町名には余市町・古平町・積丹町・岩内町・寿都町・仁木町・共和町・倶知安町・ニセコ町・京極町・喜茂別町・黒松内町とあとひとつは何町ですか。
正解: 蘭越町"
R03-Q093,3,第3回,,1級・2級共通,93,,記述,思いやり・感謝・おもてなし・癒し・他人への優しさなどを意味する、小樽観光に重要なキーワードを何と言いますか。,,,,,ホスピタリティ,,,,3-問題.pdf / 3_kaitou.pdf,"【第3回 おたる案内人検定 問93】
思いやり・感謝・おもてなし・癒し・他人への優しさなどを意味する、小樽観光に重要なキーワードを何と言いますか。
正解: ホスピタリティ"
R03-Q094,3,第3回,,1級・2級共通,94,,選択,観光従事者として、観光客をご案内するばあい、一人一人の個を尊重する心のあり方としてどんなことに敏感である必要がありますか。,相手の立場や痛み,嗜好や必要性,対応のあり方,感性や品格,①,相手の立場や痛み,,,3-問題.pdf / 3_kaitou.pdf,"【第3回 おたる案内人検定 問94】
観光従事者として、観光客をご案内するばあい、一人一人の個を尊重する心のあり方としてどんなことに敏感である必要がありますか。
① 相手の立場や痛み
② 嗜好や必要性
③ 対応のあり方
④ 感性や品格
正解: ① 相手の立場や痛み"
R03-Q095,3,第3回,,1級・2級共通,95,,選択,小樽特有の浜言葉や方言、文化などは誰にでも好印象を持って受け入れられるとは限りません。どのような対応が必要だと思いますか。,話しかけないようにする,笑顔と気さくな声がけ,お客様にあまり近づかない,標準語を話すようにする,②,笑顔と気さくな声がけ,,,3-問題.pdf / 3_kaitou.pdf,"【第3回 おたる案内人検定 問95】
小樽特有の浜言葉や方言、文化などは誰にでも好印象を持って受け入れられるとは限りません。どのような対応が必要だと思いますか。
① 話しかけないようにする
② 笑顔と気さくな声がけ
③ お客様にあまり近づかない
④ 標準語を話すようにする
正解: ② 笑顔と気さくな声がけ"
R03-Q096,3,第3回,,1級・2級共通,96,,選択,小樽にとって大きな資源である観光を最大に生かすためには、小樽市民全体の観光客に対するどのような捉え方が必要ですか。,おもてなし,平常心,無関心,冷ややか,①,おもてなし,,,3-問題.pdf / 3_kaitou.pdf,"【第3回 おたる案内人検定 問96】
小樽にとって大きな資源である観光を最大に生かすためには、小樽市民全体の観光客に対するどのような捉え方が必要ですか。
① おもてなし
② 平常心
③ 無関心
④ 冷ややか
正解: ① おもてなし"
R03-Q097,3,第3回,,1級・2級共通,97,,選択,あなたなりのアイディアやエッセンスを加えたガイドはもちろん魅力的ですが、その際には知識のひけらかしや自慢の押し付けにならないよう、何を大切に感じながら行うと良いですか。,時間,その場の雰囲気,相手との違い,自分の様子,全員に1点加点,,,公式解答は「全員に1点加点」。設問に不備があったため正解番号は定められていない。どれを選んでも正解として扱う。,3-問題.pdf / 3_kaitou.pdf,"【第3回 おたる案内人検定 問97】
あなたなりのアイディアやエッセンスを加えたガイドはもちろん魅力的ですが、その際には知識のひけらかしや自慢の押し付けにならないよう、何を大切に感じながら行うと良いですか。
① 時間
② その場の雰囲気
③ 相手との違い
④ 自分の様子
正解: 全員に1点加点"
R03-Q098,3,第3回,,1級・2級共通,98,,選択,ガイドを依頼されたとき、より良いガイドを実践するためには、地元の情報収集の他、どのようなことをしておくと良いですか。,持ち物の新調する,お客様の情報把握,服装に凝る,プレゼントを用意する,②,お客様の情報把握,,,3-問題.pdf / 3_kaitou.pdf,"【第3回 おたる案内人検定 問98】
ガイドを依頼されたとき、より良いガイドを実践するためには、地元の情報収集の他、どのようなことをしておくと良いですか。
① 持ち物の新調する
② お客様の情報把握
③ 服装に凝る
④ プレゼントを用意する
正解: ② お客様の情報把握"
R03-Q099,3,第3回,,1級・2級共通,99,,記述,買う側の主張であり、需要する側の要望をなんと言いますか。,,,,,マーケティング,,,,3-問題.pdf / 3_kaitou.pdf,"【第3回 おたる案内人検定 問99】
買う側の主張であり、需要する側の要望をなんと言いますか。
正解: マーケティング"
R03-Q100,3,第3回,,1級・2級共通,100,,記述,バリアフリーが標準化されてきていますが、当事者の方々にとってはまだまだ十分な設備ではありません。あなたは、バリアフリーに一番大切で有効な力とは何だと思いますか。,,,,,人の力・人力・やさしい心・思いやる心など,,,,3-問題.pdf / 3_kaitou.pdf,"【第3回 おたる案内人検定 問100】
バリアフリーが標準化されてきていますが、当事者の方々にとってはまだまだ十分な設備ではありません。あなたは、バリアフリーに一番大切で有効な力とは何だと思いますか。
正解: 人の力・人力・やさしい心・思いやる心など"
R04-Q001,4,第4回,,1級・2級共通,1,,記述,現在の小樽の開基は元治2(1865)年（初版テキストでは慶応元年の表記）で、「村並」となりましたが、それ以前、この地域は3つに分かれ、ふたりの商人が経営していました。その経営していた範囲を総称して何というでしょうか。,,,,,場所,,,,4-問題.pdf / 4_kaitou.pdf,"【第4回 おたる案内人検定 問1】
現在の小樽の開基は元治2(1865)年（初版テキストでは慶応元年の表記）で、「村並」となりましたが、それ以前、この地域は3つに分かれ、ふたりの商人が経営していました。その経営していた範囲を総称して何というでしょうか。
正解: 場所"
R04-Q002,4,第4回,,1級・2級共通,2,,記述,鰊は単なる食用のみならず肥料として高い価値を持っていました。その「高さ」から、鰊は何と称される商品だったでしょうか。,,,,,金肥,,,,4-問題.pdf / 4_kaitou.pdf,"【第4回 おたる案内人検定 問2】
鰊は単なる食用のみならず肥料として高い価値を持っていました。その「高さ」から、鰊は何と称される商品だったでしょうか。
正解: 金肥"
R04-Q003,4,第4回,,1級・2級共通,3,,選択,開拓使が「小樽郡」を設置した年は何年ですか。海官所が設置された年と同じです。,明治2年,明治5年,明治10年,明治32年,①,明治2年,,,4-問題.pdf / 4_kaitou.pdf,"【第4回 おたる案内人検定 問3】
開拓使が「小樽郡」を設置した年は何年ですか。海官所が設置された年と同じです。
① 明治2年
② 明治5年
③ 明治10年
④ 明治32年
正解: ① 明治2年"
R04-Q004,4,第4回,,1級・2級共通,4,,記述,幌内の石炭を輸送するため、鉄道が敷設されます。手宮〜札幌間が開通したのは明治13年ですが、幌内まで開通したのは明治何年でしょうか。,,,,,明治15年,,,,4-問題.pdf / 4_kaitou.pdf,"【第4回 おたる案内人検定 問4】
幌内の石炭を輸送するため、鉄道が敷設されます。手宮〜札幌間が開通したのは明治13年ですが、幌内まで開通したのは明治何年でしょうか。
正解: 明治15年"
R04-Q005,4,第4回,,1級・2級共通,5,,選択,開拓使はお雇い外国人の力を借りて開拓を進めていこうとしていました。その外国人の中で、幌内炭田の発見で大きな業績をあげた人物はだれでしょうか。,エドウィン・ダン,ホーレス・ケプロン,ジョセフ・U・クロフォード,ベンジャミン・S・ライマン,④,ベンジャミン・S・ライマン,,,4-問題.pdf / 4_kaitou.pdf,"【第4回 おたる案内人検定 問5】
開拓使はお雇い外国人の力を借りて開拓を進めていこうとしていました。その外国人の中で、幌内炭田の発見で大きな業績をあげた人物はだれでしょうか。
① エドウィン・ダン
② ホーレス・ケプロン
③ ジョセフ・U・クロフォード
④ ベンジャミン・S・ライマン
正解: ④ ベンジャミン・S・ライマン"
R04-Q006,4,第4回,,1級・2級共通,6,,選択,明治から大正時代にかけて、小樽には財力のある商人が数々登場し、公共事業や寄付で小樽に貢献します。その中で公会堂を寄贈した人物を次の中から選びなさい。,土肥太吉,木村圓吉,藤山要吉,寿原外吉,③,藤山要吉,,,4-問題.pdf / 4_kaitou.pdf,"【第4回 おたる案内人検定 問6】
明治から大正時代にかけて、小樽には財力のある商人が数々登場し、公共事業や寄付で小樽に貢献します。その中で公会堂を寄贈した人物を次の中から選びなさい。
① 土肥太吉
② 木村圓吉
③ 藤山要吉
④ 寿原外吉
正解: ③ 藤山要吉"
R04-Q007,4,第4回,,1級・2級共通,7,,選択,小樽の観光名所となっている運河沿いにはいくつかの石造倉庫が偉容を保っていますが、運河ができた大正12年に建てられたのは次のうちどれでしょうか。,小樽倉庫,右近倉庫,高橋倉庫,大家倉庫,③,高橋倉庫,,,4-問題.pdf / 4_kaitou.pdf,"【第4回 おたる案内人検定 問7】
小樽の観光名所となっている運河沿いにはいくつかの石造倉庫が偉容を保っていますが、運河ができた大正12年に建てられたのは次のうちどれでしょうか。
① 小樽倉庫
② 右近倉庫
③ 高橋倉庫
④ 大家倉庫
正解: ③ 高橋倉庫"
R04-Q008,4,第4回,,1級・2級共通,8,,選択,小樽から積丹半島沿岸各地で鰊漁が最も盛んに行われていた時代は次のどれでしょうか。,江戸時代から明治時代,江戸時代から大正時代,大正時代から昭和初期,明治時代から昭和初期,④,明治時代から昭和初期,,,4-問題.pdf / 4_kaitou.pdf,"【第4回 おたる案内人検定 問8】
小樽から積丹半島沿岸各地で鰊漁が最も盛んに行われていた時代は次のどれでしょうか。
① 江戸時代から明治時代
② 江戸時代から大正時代
③ 大正時代から昭和初期
④ 明治時代から昭和初期
正解: ④ 明治時代から昭和初期"
R04-Q009,4,第4回,,1級・2級共通,9,,選択,"鰊漁の小樽での最高漁獲高は約7万5,000石ですが、その年は何年でしょうか。",大正3年,大正12年,大正14年,大正15年,③,大正14年,,,4-問題.pdf / 4_kaitou.pdf,"【第4回 おたる案内人検定 問9】
鰊漁の小樽での最高漁獲高は約7万5,000石ですが、その年は何年でしょうか。
① 大正3年
② 大正12年
③ 大正14年
④ 大正15年
正解: ③ 大正14年"
R04-Q010,4,第4回,,1級・2級共通,10,,選択,祝津地区の鰊漁、3大漁家のうち山形県出身の漁家は青山家ともう一つは何家でしょうか。,金子家,田中家,猪俣家,茨木家,④,茨木家,,,4-問題.pdf / 4_kaitou.pdf,"【第4回 おたる案内人検定 問10】
祝津地区の鰊漁、3大漁家のうち山形県出身の漁家は青山家ともう一つは何家でしょうか。
① 金子家
② 田中家
③ 猪俣家
④ 茨木家
正解: ④ 茨木家"
R04-Q011,4,第4回,,1級・2級共通,11,,選択,江戸時代、他に比べるもののない好漁場と呼ばれた小樽を含む中場所の範囲を以下から選びなさい。,歌棄から厚田まで,磯谷から歌棄まで,忍路から高島まで,積丹から厚田まで,①,歌棄から厚田まで,,,4-問題.pdf / 4_kaitou.pdf,"【第4回 おたる案内人検定 問11】
江戸時代、他に比べるもののない好漁場と呼ばれた小樽を含む中場所の範囲を以下から選びなさい。
① 歌棄から厚田まで
② 磯谷から歌棄まで
③ 忍路から高島まで
④ 積丹から厚田まで
正解: ① 歌棄から厚田まで"
R04-Q012,4,第4回,,1級・2級共通,12,,選択,オタルナイ場所とタカシマ場所の境界は次のどれでしょうか。,山中,於古発川（妙見川）,手宮川,高島岬,②,於古発川（妙見川）,,,4-問題.pdf / 4_kaitou.pdf,"【第4回 おたる案内人検定 問12】
オタルナイ場所とタカシマ場所の境界は次のどれでしょうか。
① 山中
② 於古発川（妙見川）
③ 手宮川
④ 高島岬
正解: ② 於古発川（妙見川）"
R04-Q013,4,第4回,,1級・2級共通,13,,記述,高島岬中腹に建つ「鰊御殿」は漁家の田中家住宅を昭和33年に移築したものです。この移築はある会社の記念事業のひとつとして行われました。その会社名は何といいますか。,,,,,北海道炭礦汽船㈱,,,,4-問題.pdf / 4_kaitou.pdf,"【第4回 おたる案内人検定 問13】
高島岬中腹に建つ「鰊御殿」は漁家の田中家住宅を昭和33年に移築したものです。この移築はある会社の記念事業のひとつとして行われました。その会社名は何といいますか。
正解: 北海道炭礦汽船㈱"
R04-Q014,4,第4回,,1級・2級共通,14,,選択,"建網に関する次の文章の空欄に入る数字を選びなさい。「建網は明治21(1888)年には全道で2,700統を越え、後志地方が（　　）統と圧倒的に多かった。」","2,522","1,922","1,452",452,③,"1,452",,,4-問題.pdf / 4_kaitou.pdf,"【第4回 おたる案内人検定 問14】
建網に関する次の文章の空欄に入る数字を選びなさい。「建網は明治21(1888)年には全道で2,700統を越え、後志地方が（　　）統と圧倒的に多かった。」
① 2,522
② 1,922
③ 1,452
④ 452
正解: ③ 1,452"
R04-Q015,4,第4回,,1級・2級共通,15,,記述,鰊漁の写真です。この作業の際、うたわれる沖揚げ音頭を何と言うでしょうか。,,,,,子はたき音頭,,images/R04-Q015-stem.png,問題文に鰊漁の写真がある。images/R04-Q015-stem.png,4-問題.pdf / 4_kaitou.pdf,"【第4回 おたる案内人検定 問15】
鰊漁の写真です。この作業の際、うたわれる沖揚げ音頭を何と言うでしょうか。
（選択肢は写真です。images/ の画像を参照）
正解: 子はたき音頭"
R04-Q016,4,第4回,,1級・2級共通,16,,記述,鰊漁は事前の準備がすべて終え、鰊が来るのを待つだけになると大宴会が行われます。この宴会を何といいますか。,,,,,網下ろし,,,,4-問題.pdf / 4_kaitou.pdf,"【第4回 おたる案内人検定 問16】
鰊漁は事前の準備がすべて終え、鰊が来るのを待つだけになると大宴会が行われます。この宴会を何といいますか。
正解: 網下ろし"
R04-Q017,4,第4回,,1級・2級共通,17,,記述,江戸時代後半から肥料の主体となった鰊の搾粕（〆粕）でしたが、その後あらわれたライバル肥料は「大豆粕」ともう一つは何でしょうか。,,,,,化学肥料,,,,4-問題.pdf / 4_kaitou.pdf,"【第4回 おたる案内人検定 問17】
江戸時代後半から肥料の主体となった鰊の搾粕（〆粕）でしたが、その後あらわれたライバル肥料は「大豆粕」ともう一つは何でしょうか。
正解: 化学肥料"
R04-Q018,4,第4回,,1級・2級共通,18,,選択,江戸中期から明治後期くらいまで小樽に来た商人は上り荷（大阪へ運ぶ荷物）に〆粕・昆布・イリコ・ホシアワビなどを積んで船で運びながら商いをしましたが、その船のことを何と呼んだでしょうか。,菱垣廻船,樽廻船,北前船,蒸気船,③,北前船,,,4-問題.pdf / 4_kaitou.pdf,"【第4回 おたる案内人検定 問18】
江戸中期から明治後期くらいまで小樽に来た商人は上り荷（大阪へ運ぶ荷物）に〆粕・昆布・イリコ・ホシアワビなどを積んで船で運びながら商いをしましたが、その船のことを何と呼んだでしょうか。
① 菱垣廻船
② 樽廻船
③ 北前船
④ 蒸気船
正解: ③ 北前船"
R04-Q019,4,第4回,,1級・2級共通,19,,記述,江戸時代元禄の頃、京都や大阪から持ち下った品物を、江戸では何と称していたでしょうか。,,,,,下りもの,,,,4-問題.pdf / 4_kaitou.pdf,"【第4回 おたる案内人検定 問19】
江戸時代元禄の頃、京都や大阪から持ち下った品物を、江戸では何と称していたでしょうか。
正解: 下りもの"
R04-Q020,4,第4回,,1級・2級共通,20,,記述,北前船は菱垣廻船や樽廻船のように「運賃積み」ではなく、各地で買い集めたものを高く売れる土地へ運んで売るという手法で航海しました。このことを何といいますか。,,,,,買い積み,,,,4-問題.pdf / 4_kaitou.pdf,"【第4回 おたる案内人検定 問20】
北前船は菱垣廻船や樽廻船のように「運賃積み」ではなく、各地で買い集めたものを高く売れる土地へ運んで売るという手法で航海しました。このことを何といいますか。
正解: 買い積み"
R04-Q021,4,第4回,,1級・2級共通,21,,選択,北陸地方の北前船の船乗り達には「切出し」や「帆待ち」と呼ばれたビジネスがあり、得たお金を蓄えていきました。その意味は次のどれでしょうか。,船乗りの判断で積荷が高く売れるまで船から降ろさないで、売れたら、差額をもらうことができる,積荷の約1割を自由に売買でき、自分の収入にできる,積荷の買い手から直接リベートをもらうことができる,積荷を船主を通さず決める事ができ、売れた利益の1割をもらうことができる,②,積荷の約1割を自由に売買でき、自分の収入にできる,,,4-問題.pdf / 4_kaitou.pdf,"【第4回 おたる案内人検定 問21】
北陸地方の北前船の船乗り達には「切出し」や「帆待ち」と呼ばれたビジネスがあり、得たお金を蓄えていきました。その意味は次のどれでしょうか。
① 船乗りの判断で積荷が高く売れるまで船から降ろさないで、売れたら、差額をもらうことができる
② 積荷の約1割を自由に売買でき、自分の収入にできる
③ 積荷の買い手から直接リベートをもらうことができる
④ 積荷を船主を通さず決める事ができ、売れた利益の1割をもらうことができる
正解: ② 積荷の約1割を自由に売買でき、自分の収入にできる"
R04-Q022,4,第4回,,1級・2級共通,22,,記述,小樽には「小樽商人」とか「樽僑」と称される巨万の富を築いた商人が数多くいます。その彼らの出身地によりこんな俗諺があります。空欄に語句を入れなさい。「＊地均近江　種蒔松前　（　　）加賀　刈取越後」,,,,,肥料,,,,4-問題.pdf / 4_kaitou.pdf,"【第4回 おたる案内人検定 問22】
小樽には「小樽商人」とか「樽僑」と称される巨万の富を築いた商人が数多くいます。その彼らの出身地によりこんな俗諺があります。空欄に語句を入れなさい。「＊地均近江　種蒔松前　（　　）加賀　刈取越後」
正解: 肥料"
R04-Q023,4,第4回,,1級・2級共通,23,,選択,現在の運河プラザや博物館運河館などが入っている小樽倉庫を建てたのは西出孫左衛門と西谷庄八ですが、この二人の出身地はどこでしょうか。,近江,越後,松前,加賀,④,加賀,,,4-問題.pdf / 4_kaitou.pdf,"【第4回 おたる案内人検定 問23】
現在の運河プラザや博物館運河館などが入っている小樽倉庫を建てたのは西出孫左衛門と西谷庄八ですが、この二人の出身地はどこでしょうか。
① 近江
② 越後
③ 松前
④ 加賀
正解: ④ 加賀"
R04-Q024,4,第4回,,1級・2級共通,24,,記述,現在の堺町通りにある「おたる瑠璃工房」は加賀出身の北前船主の商店事務所でした。この北前船主の名前は何といいますか。,,,,,広海二三郎,,,,4-問題.pdf / 4_kaitou.pdf,"【第4回 おたる案内人検定 問24】
現在の堺町通りにある「おたる瑠璃工房」は加賀出身の北前船主の商店事務所でした。この北前船主の名前は何といいますか。
正解: 広海二三郎"
R04-Q025,4,第4回,,1級・2級共通,25,,選択,明治27年に小樽倉庫は建てられますが、当時は倉庫の前は運河ではなく海岸でした。寄港する船にとって屋根の上に掲げられた鯱は充分な目印になったと思われますが、鯱にはどんな意味があるのでしょうか。,火伏せ,魔よけ,商売繁盛,千客万来,①,火伏せ,,,4-問題.pdf / 4_kaitou.pdf,"【第4回 おたる案内人検定 問25】
明治27年に小樽倉庫は建てられますが、当時は倉庫の前は運河ではなく海岸でした。寄港する船にとって屋根の上に掲げられた鯱は充分な目印になったと思われますが、鯱にはどんな意味があるのでしょうか。
① 火伏せ
② 魔よけ
③ 商売繁盛
④ 千客万来
正解: ① 火伏せ"
R04-Q026,4,第4回,,1級・2級共通,26,,選択,江戸時代中期から二人の商人が鰊を資源とした商いをしていました。オタルナイ場所の岡田弥三右衛門ともう一人オショロ、タカシマ場所を請け負っていた西川伝右衛門でした。この二人の出身地域はどこでしょうか。,加賀,越後,松前,近江,④,近江,,,4-問題.pdf / 4_kaitou.pdf,"【第4回 おたる案内人検定 問26】
江戸時代中期から二人の商人が鰊を資源とした商いをしていました。オタルナイ場所の岡田弥三右衛門ともう一人オショロ、タカシマ場所を請け負っていた西川伝右衛門でした。この二人の出身地域はどこでしょうか。
① 加賀
② 越後
③ 松前
④ 近江
正解: ④ 近江"
R04-Q027,4,第4回,,1級・2級共通,27,,選択,「北の誉酒造」にゆかりのある商人は次のだれでしょうか。,山田兵蔵,石橋彦三郎,西川伝右衛門,山本久右衛門,②,石橋彦三郎,,,4-問題.pdf / 4_kaitou.pdf,"【第4回 おたる案内人検定 問27】
「北の誉酒造」にゆかりのある商人は次のだれでしょうか。
① 山田兵蔵
② 石橋彦三郎
③ 西川伝右衛門
④ 山本久右衛門
正解: ② 石橋彦三郎"
R04-Q028,4,第4回,,1級・2級共通,28,,記述,堺町通りにある歴史的建造物「カリオン」は、かつて新聞「北門新報」の印刷所でした。ここを経営していた商人はだれでしょうか。,,,,,金子元三郎,,,,4-問題.pdf / 4_kaitou.pdf,"【第4回 おたる案内人検定 問28】
堺町通りにある歴史的建造物「カリオン」は、かつて新聞「北門新報」の印刷所でした。ここを経営していた商人はだれでしょうか。
正解: 金子元三郎"
R04-Q029,4,第4回,,1級・2級共通,29,,記述,明治28年に小樽商業会議所発起人会がスタートした時の初代会頭、第2代小樽区長を務めた商人はだれでしょうか。,,,,,山田吉兵衛,,,,4-問題.pdf / 4_kaitou.pdf,"【第4回 おたる案内人検定 問29】
明治28年に小樽商業会議所発起人会がスタートした時の初代会頭、第2代小樽区長を務めた商人はだれでしょうか。
正解: 山田吉兵衛"
R04-Q030,4,第4回,,1級・2級共通,30,,選択,日露戦争に船を供出し、戦勝によって莫大な補償金を手にし「船成金」の異名を持った大商人が二人いました。板谷宮吉ともう一人は誰でしょうか。,山本厚三,渡辺兵四郎,金子元三郎,藤山要吉,④,藤山要吉,,,4-問題.pdf / 4_kaitou.pdf,"【第4回 おたる案内人検定 問30】
日露戦争に船を供出し、戦勝によって莫大な補償金を手にし「船成金」の異名を持った大商人が二人いました。板谷宮吉ともう一人は誰でしょうか。
① 山本厚三
② 渡辺兵四郎
③ 金子元三郎
④ 藤山要吉
正解: ④ 藤山要吉"
R04-Q031,4,第4回,,1級・2級共通,31,,記述,高橋直治は大正3年に勃発した第一次大戦時にある物を買占め、戦地の英国に売って巨万の富を築き、異名がつけられました。何と呼ばれたでしょうか。,,,,,小豆将軍または豆成金,,,,4-問題.pdf / 4_kaitou.pdf,"【第4回 おたる案内人検定 問31】
高橋直治は大正3年に勃発した第一次大戦時にある物を買占め、戦地の英国に売って巨万の富を築き、異名がつけられました。何と呼ばれたでしょうか。
正解: 小豆将軍または豆成金"
R04-Q032,4,第4回,,1級・2級共通,32,,記述,現在の「海猫屋」は、かつてある商人の倉庫でした。この商人が経営していた農場での小作争議が小林多喜二の作品のモデルとなりました。この作品名は何といいますか。,,,,,不在地主,,,,4-問題.pdf / 4_kaitou.pdf,"【第4回 おたる案内人検定 問32】
現在の「海猫屋」は、かつてある商人の倉庫でした。この商人が経営していた農場での小作争議が小林多喜二の作品のモデルとなりました。この作品名は何といいますか。
正解: 不在地主"
R04-Q033,4,第4回,,1級・2級共通,33,,選択,明治12年に第四十四国立銀行の小樽支店に赴任し、同18年には日本郵船会社の石巻支店長となり、以後、小樽で金子元三郎、板谷宮吉、寺田省帰、遠藤又兵衛、藤山要吉らとの親交を通じて様々な事業を展開した人は誰でしょうか。,高橋直治,岡崎謙,磯野進,倉橋大介,④,倉橋大介,,,4-問題.pdf / 4_kaitou.pdf,"【第4回 おたる案内人検定 問33】
明治12年に第四十四国立銀行の小樽支店に赴任し、同18年には日本郵船会社の石巻支店長となり、以後、小樽で金子元三郎、板谷宮吉、寺田省帰、遠藤又兵衛、藤山要吉らとの親交を通じて様々な事業を展開した人は誰でしょうか。
① 高橋直治
② 岡崎謙
③ 磯野進
④ 倉橋大介
正解: ④ 倉橋大介"
R04-Q034,4,第4回,,1級・2級共通,34,,記述,現在の小樽港はわが国における海上輸送網の拠点として位置づけられている港で、国際海上輸送網又は国内海上輸送網の拠点となる港湾です。道内には函館港や釧路港など10港あります。この港湾のことを何といいますか。,,,,,重要港湾,,,,4-問題.pdf / 4_kaitou.pdf,"【第4回 おたる案内人検定 問34】
現在の小樽港はわが国における海上輸送網の拠点として位置づけられている港で、国際海上輸送網又は国内海上輸送網の拠点となる港湾です。道内には函館港や釧路港など10港あります。この港湾のことを何といいますか。
正解: 重要港湾"
R04-Q035,4,第4回,,1級・2級共通,35,,記述,小樽港は明治22年、米、麦、麦粉、石炭、硫黄の5品目に限り日本船または日本人雇用の外国船により輸出ができる港として指定されました。これを何といいますか。,,,,,特別輸出港,,,,4-問題.pdf / 4_kaitou.pdf,"【第4回 おたる案内人検定 問35】
小樽港は明治22年、米、麦、麦粉、石炭、硫黄の5品目に限り日本船または日本人雇用の外国船により輸出ができる港として指定されました。これを何といいますか。
正解: 特別輸出港"
R04-Q036,4,第4回,,1級・2級共通,36,,選択,北海道遺産や土木学会の選奨土木遺産に認定されている小樽港北防波堤は当時の土木技術の粋を集めて建設されました。その延長は何メートルでしょうか。,245m,912m,"1,289m","2,007m",③,"1,289m",,,4-問題.pdf / 4_kaitou.pdf,"【第4回 おたる案内人検定 問36】
北海道遺産や土木学会の選奨土木遺産に認定されている小樽港北防波堤は当時の土木技術の粋を集めて建設されました。その延長は何メートルでしょうか。
① 245m
② 912m
③ 1,289m
④ 2,007m
正解: ③ 1,289m"
R04-Q037,4,第4回,,1級・2級共通,37,,選択,日本で初めての本格的な外洋防波堤建設であった、小樽港の北・南防波堤の技術的特徴で誤っているものはどれですか。,波の力に耐えるための北防波堤のコンクリートブロック斜め積み,防波堤に使われているコンクリートの百年耐久試験,南防波堤建設で採用されたはじめての進水方式のケーソン（函塊）製作,波の力を弱めるための五角形の穴の開いた石積み防波堤,④,波の力を弱めるための五角形の穴の開いた石積み防波堤,,,4-問題.pdf / 4_kaitou.pdf,"【第4回 おたる案内人検定 問37】
日本で初めての本格的な外洋防波堤建設であった、小樽港の北・南防波堤の技術的特徴で誤っているものはどれですか。
① 波の力に耐えるための北防波堤のコンクリートブロック斜め積み
② 防波堤に使われているコンクリートの百年耐久試験
③ 南防波堤建設で採用されたはじめての進水方式のケーソン（函塊）製作
④ 波の力を弱めるための五角形の穴の開いた石積み防波堤
正解: ④ 波の力を弱めるための五角形の穴の開いた石積み防波堤"
R04-Q038,4,第4回,,1級・2級共通,38,,記述,小樽の港づくりには忘れてはならない3人の技術者がいます。生みの親といわれる廣井勇。育ての親といわれる伊藤長右衛門。そして防波堤の基礎となる石積み工事の監督指揮を行い、若くして命を落とした人物とはだれでしょうか。,,,,,青木政徳,,,,4-問題.pdf / 4_kaitou.pdf,"【第4回 おたる案内人検定 問38】
小樽の港づくりには忘れてはならない3人の技術者がいます。生みの親といわれる廣井勇。育ての親といわれる伊藤長右衛門。そして防波堤の基礎となる石積み工事の監督指揮を行い、若くして命を落とした人物とはだれでしょうか。
正解: 青木政徳"
R04-Q039,4,第4回,,1級・2級共通,39,,選択,北海道ではじめての長距離フェリー航路が小樽と舞鶴、敦賀を結んだのはいつでしょうか。,1935（昭和10）年,1950（昭和25）年,1970（昭和45）年,1982（昭和57）年,③,1970（昭和45）年,,,4-問題.pdf / 4_kaitou.pdf,"【第4回 おたる案内人検定 問39】
北海道ではじめての長距離フェリー航路が小樽と舞鶴、敦賀を結んだのはいつでしょうか。
① 1935（昭和10）年
② 1950（昭和25）年
③ 1970（昭和45）年
④ 1982（昭和57）年
正解: ③ 1970（昭和45）年"
R04-Q040,4,第4回,,1級・2級共通,40,,選択,北海道の鉄道システムは本州がイギリスのシステムを導入したのに対し、アメリカのものを採用します。では北海道最初の軌道であった茅沼炭鉱のシステムはどこの国の技師が導入したのでしょうか。,アメリカ,イギリス,ドイツ,フランス,②,イギリス,,,4-問題.pdf / 4_kaitou.pdf,"【第4回 おたる案内人検定 問40】
北海道の鉄道システムは本州がイギリスのシステムを導入したのに対し、アメリカのものを採用します。では北海道最初の軌道であった茅沼炭鉱のシステムはどこの国の技師が導入したのでしょうか。
① アメリカ
② イギリス
③ ドイツ
④ フランス
正解: ② イギリス"
R04-Q041,4,第4回,,1級・2級共通,41,,選択,北海道の最初の鉄道、幌内鉄道建設のために設けられた開拓使の拠点はどれでしょうか。,煤田開採事務掛,鉄道省,開発局,工部省鉄道局,①,煤田開採事務掛,,,4-問題.pdf / 4_kaitou.pdf,"【第4回 おたる案内人検定 問41】
北海道の最初の鉄道、幌内鉄道建設のために設けられた開拓使の拠点はどれでしょうか。
① 煤田開採事務掛
② 鉄道省
③ 開発局
④ 工部省鉄道局
正解: ① 煤田開採事務掛"
R04-Q042,4,第4回,,1級・2級共通,42,,選択,幌内鉄道開通（手宮−札幌間）当時の停車場は数も少なく、簡単な設備しかありませんでした。開通当初、手宮を出た列車が次に停車した駅（停車場）の当時の名前はどれでしょう。,開運町,軽川,銭函,朝里,①,開運町,,,4-問題.pdf / 4_kaitou.pdf,"【第4回 おたる案内人検定 問42】
幌内鉄道開通（手宮−札幌間）当時の停車場は数も少なく、簡単な設備しかありませんでした。開通当初、手宮を出た列車が次に停車した駅（停車場）の当時の名前はどれでしょう。
① 開運町
② 軽川
③ 銭函
④ 朝里
正解: ① 開運町"
R04-Q043,4,第4回,,1級・2級共通,43,,記述,明治13年クロフォードが買い付けた鉄道資材を積んだ船が手宮桟橋に着岸しました。この船の名前は何といいますか。,,,,,トベイ号,,,,4-問題.pdf / 4_kaitou.pdf,"【第4回 おたる案内人検定 問43】
明治13年クロフォードが買い付けた鉄道資材を積んだ船が手宮桟橋に着岸しました。この船の名前は何といいますか。
正解: トベイ号"
R04-Q044,4,第4回,,1級・2級共通,44,,選択,幌内鉄道につづいて明治20年に開通した北海道2番目の釧路鉄道（標茶−跡佐登）は何を運ぶために敷設されたのでしょうか。,石炭,硫黄,木材,鰊,②,硫黄,,,4-問題.pdf / 4_kaitou.pdf,"【第4回 おたる案内人検定 問44】
幌内鉄道につづいて明治20年に開通した北海道2番目の釧路鉄道（標茶−跡佐登）は何を運ぶために敷設されたのでしょうか。
① 石炭
② 硫黄
③ 木材
④ 鰊
正解: ② 硫黄"
R04-Q045,4,第4回,,1級・2級共通,45,,記述,幌内鉄道には8両の蒸気機関車が導入されました。現在、小樽市総合博物館にはその内の1両、6号機関車が保管されています。その名前は何といいますか。,,,,,しづか,,,,4-問題.pdf / 4_kaitou.pdf,"【第4回 おたる案内人検定 問45】
幌内鉄道には8両の蒸気機関車が導入されました。現在、小樽市総合博物館にはその内の1両、6号機関車が保管されています。その名前は何といいますか。
正解: しづか"
R04-Q046,4,第4回,,1級・2級共通,46,,記述,空欄に該当する語句を記入しなさい。明治の時代に港の整備方法をめぐって大論争があったときに、廣井勇は「（　　）を利用した運河式の方が便利である」と指摘しました。,,,,,艀,,,,4-問題.pdf / 4_kaitou.pdf,"【第4回 おたる案内人検定 問46】
空欄に該当する語句を記入しなさい。明治の時代に港の整備方法をめぐって大論争があったときに、廣井勇は「（　　）を利用した運河式の方が便利である」と指摘しました。
正解: 艀"
R04-Q047,4,第4回,,1級・2級共通,47,,記述,昭和48(1973)年12月に、このまま道路建設が進み運河が埋め立てられれば「小樽が小樽でなくなってしまう！」という思いから、保存運動の発起人会が発足します。その会の名称を何といいますか。,,,,,小樽運河を守る会,,,,4-問題.pdf / 4_kaitou.pdf,"【第4回 おたる案内人検定 問47】
昭和48(1973)年12月に、このまま道路建設が進み運河が埋め立てられれば「小樽が小樽でなくなってしまう！」という思いから、保存運動の発起人会が発足します。その会の名称を何といいますか。
正解: 小樽運河を守る会"
R04-Q048,4,第4回,,1級・2級共通,48,,選択,上記の設問（問47）のきっかけとなった、運河を埋め立てて幹線道路をつくる計画が決まったのはいつのことでしょう。,大正12（1923）年,昭和27（1952）年,昭和41（1966）年,昭和48（1973）年,③,昭和41（1966）年,,,4-問題.pdf / 4_kaitou.pdf,"【第4回 おたる案内人検定 問48】
上記の設問（問47）のきっかけとなった、運河を埋め立てて幹線道路をつくる計画が決まったのはいつのことでしょう。
① 大正12（1923）年
② 昭和27（1952）年
③ 昭和41（1966）年
④ 昭和48（1973）年
正解: ③ 昭和41（1966）年"
R04-Q049,4,第4回,,1級・2級共通,49,,選択,東京大学の西村先生が小樽で行われた講演で、「小樽運河保存運動の5つの特徴」として指摘されたものに含まれていないものは次のどれでしょうか。,単なる反対運動ではなく「対案提起」の運動,まちなみ保存運動の「教科書」となった運動,日本のモデル事業の政策転換のきっかけをつくった運動,小樽の観光価値を高めた運動,④,小樽の観光価値を高めた運動,,,4-問題.pdf / 4_kaitou.pdf,"【第4回 おたる案内人検定 問49】
東京大学の西村先生が小樽で行われた講演で、「小樽運河保存運動の5つの特徴」として指摘されたものに含まれていないものは次のどれでしょうか。
① 単なる反対運動ではなく「対案提起」の運動
② まちなみ保存運動の「教科書」となった運動
③ 日本のモデル事業の政策転換のきっかけをつくった運動
④ 小樽の観光価値を高めた運動
正解: ④ 小樽の観光価値を高めた運動"
R04-Q050,4,第4回,,1級・2級共通,50,,記述,明治37年、現在の稲穂2丁目から出火した火の手は手宮まで及ぶ大火になりました。それを契機に市街地の主要な建物の構造は、防火の工夫を施す石造りに変わりました。さて、数多く建てられた石造りの構造は、何と呼ばれているでしょうか。,,,,,木骨石造,,,,4-問題.pdf / 4_kaitou.pdf,"【第4回 おたる案内人検定 問50】
明治37年、現在の稲穂2丁目から出火した火の手は手宮まで及ぶ大火になりました。それを契機に市街地の主要な建物の構造は、防火の工夫を施す石造りに変わりました。さて、数多く建てられた石造りの構造は、何と呼ばれているでしょうか。
正解: 木骨石造"
R04-Q051,4,第4回,,1級・2級共通,51,,選択,明治10年代、小樽の庶民の住宅は簡易な木造で建てられていました。その特長は次のどれでしょうか。,茅葺き屋根の建物,石置き屋根の建物,瓦屋根の建物,トタン屋根の建物,②,石置き屋根の建物,,,4-問題.pdf / 4_kaitou.pdf,"【第4回 おたる案内人検定 問51】
明治10年代、小樽の庶民の住宅は簡易な木造で建てられていました。その特長は次のどれでしょうか。
① 茅葺き屋根の建物
② 石置き屋根の建物
③ 瓦屋根の建物
④ トタン屋根の建物
正解: ② 石置き屋根の建物"
R04-Q052,4,第4回,,1級・2級共通,52,,記述,手宮に明治13年から建設した鉄道施設は木造で西洋風の外観でした。その特長は外壁の板の張り方が下見板張りであること、もう一つ窓にありました。どんな窓だったでしょうか。,,,,,縦長窓または上げ下げ窓,,,,4-問題.pdf / 4_kaitou.pdf,"【第4回 おたる案内人検定 問52】
手宮に明治13年から建設した鉄道施設は木造で西洋風の外観でした。その特長は外壁の板の張り方が下見板張りであること、もう一つ窓にありました。どんな窓だったでしょうか。
正解: 縦長窓または上げ下げ窓"
R04-Q053,4,第4回,,1級・2級共通,53,,記述,旧手宮機関車庫（手宮、明治18年）は、わが国最古のれんが造の機関車庫です。この建物を設計した中心人物は、アメリカのレンセラー工科大学に留学し開拓使の技術者になりました。この技術者とはだれでしょうか。,,,,,平井晴二郎,,,,4-問題.pdf / 4_kaitou.pdf,"【第4回 おたる案内人検定 問53】
旧手宮機関車庫（手宮、明治18年）は、わが国最古のれんが造の機関車庫です。この建物を設計した中心人物は、アメリカのレンセラー工科大学に留学し開拓使の技術者になりました。この技術者とはだれでしょうか。
正解: 平井晴二郎"
R04-Q054,4,第4回,,1級・2級共通,54,,選択,上記の設問（問53）の技術者は、手宮で機関車庫を建築した経験を活かし、札幌でもある建物を設計しました。その建物とは何でしょうか。,豊平館,北海道庁旧本庁舎,旧北海道庁立図書館,旧札幌控訴院,②,北海道庁旧本庁舎,,,4-問題.pdf / 4_kaitou.pdf,"【第4回 おたる案内人検定 問54】
上記の設問（問53）の技術者は、手宮で機関車庫を建築した経験を活かし、札幌でもある建物を設計しました。その建物とは何でしょうか。
① 豊平館
② 北海道庁旧本庁舎
③ 旧北海道庁立図書館
④ 旧札幌控訴院
正解: ② 北海道庁旧本庁舎"
R04-Q055,4,第4回,,1級・2級共通,55,,記述,小樽は工部大学校造家科（現、東京大学工学部建築学科の前身）の第一期卒業生4人の内3人の設計した建物が現在も残る貴重なまちです。その3人とは佐立七次郎、辰野金吾ともう一人はだれでしょうか。,,,,,曾禰達蔵,,,,4-問題.pdf / 4_kaitou.pdf,"【第4回 おたる案内人検定 問55】
小樽は工部大学校造家科（現、東京大学工学部建築学科の前身）の第一期卒業生4人の内3人の設計した建物が現在も残る貴重なまちです。その3人とは佐立七次郎、辰野金吾ともう一人はだれでしょうか。
正解: 曾禰達蔵"
R04-Q056,4,第4回,,1級・2級共通,56,,選択,次の文章は、ある建物の特長を書いています。建物名は何でしょうか。「本屋は外壁を石で造り、2階の貴賓室と会議室を華やかなデザインのシャンデリアや壁紙（金唐皮紙）で装飾しています。」,日本銀行旧小樽支店,旧三井銀行小樽支店,旧北海道拓殖銀行小樽支店,旧日本郵船(株)小樽支店,④,旧日本郵船(株)小樽支店,,,4-問題.pdf / 4_kaitou.pdf,"【第4回 おたる案内人検定 問56】
次の文章は、ある建物の特長を書いています。建物名は何でしょうか。「本屋は外壁を石で造り、2階の貴賓室と会議室を華やかなデザインのシャンデリアや壁紙（金唐皮紙）で装飾しています。」
① 日本銀行旧小樽支店
② 旧三井銀行小樽支店
③ 旧北海道拓殖銀行小樽支店
④ 旧日本郵船(株)小樽支店
正解: ④ 旧日本郵船(株)小樽支店"
R04-Q057,4,第4回,,1級・2級共通,57,,選択,旧岡崎家能舞台（花園5丁目）は、小樽市内で唯一の能舞台であり、かつ全国の能舞台の中でも貴重な建物といわれています。その理由として、間違っているのはどれでしょうか。,明治期に建てられた。,狩野派の絵師によって鏡板の絵が描かれた。,創建時は、個人の住宅の中庭に建てられた。,佐渡や九州の木材が使われた。,①,明治期に建てられた。,,,4-問題.pdf / 4_kaitou.pdf,"【第4回 おたる案内人検定 問57】
旧岡崎家能舞台（花園5丁目）は、小樽市内で唯一の能舞台であり、かつ全国の能舞台の中でも貴重な建物といわれています。その理由として、間違っているのはどれでしょうか。
① 明治期に建てられた。
② 狩野派の絵師によって鏡板の絵が描かれた。
③ 創建時は、個人の住宅の中庭に建てられた。
④ 佐渡や九州の木材が使われた。
正解: ① 明治期に建てられた。"
R04-Q058,4,第4回,,1級・2級共通,58,,選択,大正10年代より、わが国の主要な建築に鉄筋コンクリート造が採用され始めました。次の大正末から昭和初期の建物で、主な構造に鉄筋コンクリート造を用いなかったのはどれでしょうか。,旧三菱銀行小樽支店,旧三井銀行小樽支店,旧第一銀行小樽支店,旧北海道拓殖銀行小樽支店,②,旧三井銀行小樽支店,,,4-問題.pdf / 4_kaitou.pdf,"【第4回 おたる案内人検定 問58】
大正10年代より、わが国の主要な建築に鉄筋コンクリート造が採用され始めました。次の大正末から昭和初期の建物で、主な構造に鉄筋コンクリート造を用いなかったのはどれでしょうか。
① 旧三菱銀行小樽支店
② 旧三井銀行小樽支店
③ 旧第一銀行小樽支店
④ 旧北海道拓殖銀行小樽支店
正解: ② 旧三井銀行小樽支店"
R04-Q059,4,第4回,,1級・2級共通,59,,選択,運河の北側に位置する北海製罐の建物は、いつから、どんな構造で建て始められたのでしょうか。次の組み合わせで正しいのはどれでしょうか。,明治期・れんが造,明治期・木骨石造,大正期・鉄筋コンクリート造,大正期・鉄骨造,③,大正期・鉄筋コンクリート造,,,4-問題.pdf / 4_kaitou.pdf,"【第4回 おたる案内人検定 問59】
運河の北側に位置する北海製罐の建物は、いつから、どんな構造で建て始められたのでしょうか。次の組み合わせで正しいのはどれでしょうか。
① 明治期・れんが造
② 明治期・木骨石造
③ 大正期・鉄筋コンクリート造
④ 大正期・鉄骨造
正解: ③ 大正期・鉄筋コンクリート造"
R04-Q060,4,第4回,,1級・2級共通,60,,選択,昭和初期に小樽の公共建築は、コンクリートを用いて建てられました。小樽駅（稲穂、昭和9年）と小樽市庁舎（花園2丁目、昭和8年）は、その代表例です。この2つの建物の共通点は、何でしょうか。,設計者が同じである。,柱の上にギリシア建築で用いた彫刻模様が施されている。,正面の外観が左右相称になっている。,建築工事を担当した施工者が同じである。,③,正面の外観が左右相称になっている。,,,4-問題.pdf / 4_kaitou.pdf,"【第4回 おたる案内人検定 問60】
昭和初期に小樽の公共建築は、コンクリートを用いて建てられました。小樽駅（稲穂、昭和9年）と小樽市庁舎（花園2丁目、昭和8年）は、その代表例です。この2つの建物の共通点は、何でしょうか。
① 設計者が同じである。
② 柱の上にギリシア建築で用いた彫刻模様が施されている。
③ 正面の外観が左右相称になっている。
④ 建築工事を担当した施工者が同じである。
正解: ③ 正面の外観が左右相称になっている。"
R04-Q061,4,第4回,,1級・2級共通,61,,記述,旧三井銀行小樽支店（色内、昭和2年）は外壁に花崗岩を積み、アーチを連続させ軒を装飾するデザインで統一されています。この建築様式を何といいますか。,,,,,ルネサンス,,,,4-問題.pdf / 4_kaitou.pdf,"【第4回 おたる案内人検定 問61】
旧三井銀行小樽支店（色内、昭和2年）は外壁に花崗岩を積み、アーチを連続させ軒を装飾するデザインで統一されています。この建築様式を何といいますか。
正解: ルネサンス"
R04-Q062,4,第4回,,1級・2級共通,62,,選択,小樽の歴史的建造物は移築や改築によってさまざまな用途に転用されています。その先駆けとなった建物は次のどれでしょうか。,銀行,石造倉庫,商家、民家,鰊漁家、番屋,④,鰊漁家、番屋,,,4-問題.pdf / 4_kaitou.pdf,"【第4回 おたる案内人検定 問62】
小樽の歴史的建造物は移築や改築によってさまざまな用途に転用されています。その先駆けとなった建物は次のどれでしょうか。
① 銀行
② 石造倉庫
③ 商家、民家
④ 鰊漁家、番屋
正解: ④ 鰊漁家、番屋"
R04-Q063,4,第4回,,1級・2級共通,63,,選択,平成4年に小樽で活躍する職人が「職人業の継承」や「共同研究開発」を目的に設立した組織名は何というでしょうか。,小樽職人学会,小樽職人の会,北海道職人の会,小樽職人会議,②,小樽職人の会,,,4-問題.pdf / 4_kaitou.pdf,"【第4回 おたる案内人検定 問63】
平成4年に小樽で活躍する職人が「職人業の継承」や「共同研究開発」を目的に設立した組織名は何というでしょうか。
① 小樽職人学会
② 小樽職人の会
③ 北海道職人の会
④ 小樽職人会議
正解: ② 小樽職人の会"
R04-Q064,4,第4回,,1級・2級共通,64,,選択,小樽には現在、職人の技を伝える活動をしているNPO法人があります。市内外の小中学校生に体験学習を積極的に行っている団体名は次のどれでしょうか。,北海道職人義塾大學校,小樽職人義塾大學校,北海道職人養成大學校,小樽職人養成大學校,①,北海道職人義塾大學校,,,4-問題.pdf / 4_kaitou.pdf,"【第4回 おたる案内人検定 問64】
小樽には現在、職人の技を伝える活動をしているNPO法人があります。市内外の小中学校生に体験学習を積極的に行っている団体名は次のどれでしょうか。
① 北海道職人義塾大學校
② 小樽職人義塾大學校
③ 北海道職人養成大學校
④ 小樽職人養成大學校
正解: ① 北海道職人義塾大學校"
R04-Q065,4,第4回,,1級・2級共通,65,,選択,オルゴールの歴史はシリンダー型のオルゴールからはじまりました。スイスのジュネーブで時計職人アントワーヌ・ファーヴルによって世に出されたのがはじまりといわれていますが、それはいつ頃だったでしょうか。,およそ100年以上前,およそ200年以上前,およそ300年以上前,およそ400年以上前,②,およそ200年以上前,,,4-問題.pdf / 4_kaitou.pdf,"【第4回 おたる案内人検定 問65】
オルゴールの歴史はシリンダー型のオルゴールからはじまりました。スイスのジュネーブで時計職人アントワーヌ・ファーヴルによって世に出されたのがはじまりといわれていますが、それはいつ頃だったでしょうか。
① およそ100年以上前
② およそ200年以上前
③ およそ300年以上前
④ およそ400年以上前
正解: ② およそ200年以上前"
R04-Q066,4,第4回,,1級・2級共通,66,,記述,明治34年に設立された浅原硝子は道内の硝子器製造業界の草分けですが、製造していた製品で有名なものは何でしょうか。,,,,,浮玉,,,,4-問題.pdf / 4_kaitou.pdf,"【第4回 おたる案内人検定 問66】
明治34年に設立された浅原硝子は道内の硝子器製造業界の草分けですが、製造していた製品で有名なものは何でしょうか。
正解: 浮玉"
R04-Q067,4,第4回,,1級・2級共通,67,,記述,大正・昭和初期に三浦鮮治と兼平英示が中心となり活発な美術運動を展開します。その美術団体は何といいますか。,,,,,小樽洋画研究所,,,,4-問題.pdf / 4_kaitou.pdf,"【第4回 おたる案内人検定 問67】
大正・昭和初期に三浦鮮治と兼平英示が中心となり活発な美術運動を展開します。その美術団体は何といいますか。
正解: 小樽洋画研究所"
R04-Q068,4,第4回,,1級・2級共通,68,,写真選択,次の4枚の絵画の内、中村善策の作品は何番でしょうか。,［絵画1］,［絵画2］,［絵画3］,［絵画4］,④,［絵画4］,images/R04-Q068-1.png images/R04-Q068-2.png images/R04-Q068-3.png images/R04-Q068-4.png,選択肢は4枚の絵画。images/R04-Q068-1〜4.png と対応,4-問題.pdf / 4_kaitou.pdf,"【第4回 おたる案内人検定 問68】
次の4枚の絵画の内、中村善策の作品は何番でしょうか。
① ［絵画1］
② ［絵画2］
③ ［絵画3］
④ ［絵画4］
（選択肢は写真です。images/ の画像を参照）
正解: ④ ［絵画4］"
R04-Q069,4,第4回,,1級・2級共通,69,,選択,戦前、小樽に重要な版画家が二人かかわっていました。ひとりは棟方志功ですが、もうひとり世界的に著名な版画界の巨匠で、東北から移住し小樽に10年間住み続け、戦後の版画ブームの火付け役となった版画家は次の誰でしょうか。,斎藤清,川上澄生,笹島喜平,畦地梅太郎,①,斎藤清,,,4-問題.pdf / 4_kaitou.pdf,"【第4回 おたる案内人検定 問69】
戦前、小樽に重要な版画家が二人かかわっていました。ひとりは棟方志功ですが、もうひとり世界的に著名な版画界の巨匠で、東北から移住し小樽に10年間住み続け、戦後の版画ブームの火付け役となった版画家は次の誰でしょうか。
① 斎藤清
② 川上澄生
③ 笹島喜平
④ 畦地梅太郎
正解: ① 斎藤清"
R04-Q070,4,第4回,,1級・2級共通,70,,選択,小樽在住で国際的にも高い評価を受けている版画家です。モノタイプ版画で注目を浴びました。この版画家は誰でしょうか。,斎藤清,金子誠治,河野薫,一原有徳,④,一原有徳,,,4-問題.pdf / 4_kaitou.pdf,"【第4回 おたる案内人検定 問70】
小樽在住で国際的にも高い評価を受けている版画家です。モノタイプ版画で注目を浴びました。この版画家は誰でしょうか。
① 斎藤清
② 金子誠治
③ 河野薫
④ 一原有徳
正解: ④ 一原有徳"
R04-Q071,4,第4回,,1級・2級共通,71,,記述,石川啄木の「かなしきは小樽の町よ／歌ふことなき人々の／声の荒さよ」という短歌が収められた、明治43年出版された歌集の名前は何といいますか。,,,,,一握の砂,,,,4-問題.pdf / 4_kaitou.pdf,"【第4回 おたる案内人検定 問71】
石川啄木の「かなしきは小樽の町よ／歌ふことなき人々の／声の荒さよ」という短歌が収められた、明治43年出版された歌集の名前は何といいますか。
正解: 一握の砂"
R04-Q072,4,第4回,,1級・2級共通,72,,選択,並木凡平が主張した短歌のモットーは次のどれでしょうか。,清貧主義,短歌革新,生活即短歌,リアリズム尊重,③,生活即短歌,,,4-問題.pdf / 4_kaitou.pdf,"【第4回 おたる案内人検定 問72】
並木凡平が主張した短歌のモットーは次のどれでしょうか。
① 清貧主義
② 短歌革新
③ 生活即短歌
④ リアリズム尊重
正解: ③ 生活即短歌"
R04-Q073,4,第4回,,1級・2級共通,73,,選択,大正8年、小樽高商俳句会緑丘吟社のあるメンバーの父親が小樽を訪問、青年たちを感激させました。その人物は誰でしょうか。,夏目漱石,中江兆民,幸田露伴,高浜虚子,④,高浜虚子,,,4-問題.pdf / 4_kaitou.pdf,"【第4回 おたる案内人検定 問73】
大正8年、小樽高商俳句会緑丘吟社のあるメンバーの父親が小樽を訪問、青年たちを感激させました。その人物は誰でしょうか。
① 夏目漱石
② 中江兆民
③ 幸田露伴
④ 高浜虚子
正解: ④ 高浜虚子"
R04-Q074,4,第4回,,1級・2級共通,74,,選択,ある作家の碑文の一部です。この文学碑がある場所はどこでしょうか。「冬が近くなるとぼくはそのなつかしい国のことを考えて深い感動に捉えられている　そこには運河と倉庫と税関と桟橋がある　そこでは人は重っ苦しい空の下を　どれも背をまげて歩いている・・・・・」,水天宮境内,小樽公園,住吉神社境内,旭展望台,④,旭展望台,,,4-問題.pdf / 4_kaitou.pdf,"【第4回 おたる案内人検定 問74】
ある作家の碑文の一部です。この文学碑がある場所はどこでしょうか。「冬が近くなるとぼくはそのなつかしい国のことを考えて深い感動に捉えられている　そこには運河と倉庫と税関と桟橋がある　そこでは人は重っ苦しい空の下を　どれも背をまげて歩いている・・・・・」
① 水天宮境内
② 小樽公園
③ 住吉神社境内
④ 旭展望台
正解: ④ 旭展望台"
R04-Q075,4,第4回,,1級・2級共通,75,,選択,伊藤整の著書でないものはどれでしょうか。,幽鬼の街,不在地主,鳴海仙吉,火の鳥,②,不在地主,,,4-問題.pdf / 4_kaitou.pdf,"【第4回 おたる案内人検定 問75】
伊藤整の著書でないものはどれでしょうか。
① 幽鬼の街
② 不在地主
③ 鳴海仙吉
④ 火の鳥
正解: ② 不在地主"
R04-Q076,4,第4回,,1級・2級共通,76,,記述,1846年、小樽沖で見た自然現象を称して「高島おばけ」と呼びました。さて、この北方探検家の名前は何といいますか。,,,,,松浦武四郎,,,,4-問題.pdf / 4_kaitou.pdf,"【第4回 おたる案内人検定 問76】
1846年、小樽沖で見た自然現象を称して「高島おばけ」と呼びました。さて、この北方探検家の名前は何といいますか。
正解: 松浦武四郎"
R04-Q077,4,第4回,,1級・2級共通,77,,記述,榎本武揚の雅号に由来する、小樽の中心市街地にある通り名を何といいますか。,,,,,梁川通り,,,,4-問題.pdf / 4_kaitou.pdf,"【第4回 おたる案内人検定 問77】
榎本武揚の雅号に由来する、小樽の中心市街地にある通り名を何といいますか。
正解: 梁川通り"
R04-Q078,4,第4回,,1級・2級共通,78,,記述,「小樽市の鳥」に制定されているこの鳥は、張碓海岸の恵比須島周辺に飛来し、海水を飲む珍しい習性があります。この鳥の名前は何といいますか。,,,,,アオバト,,,,4-問題.pdf / 4_kaitou.pdf,"【第4回 おたる案内人検定 問78】
「小樽市の鳥」に制定されているこの鳥は、張碓海岸の恵比須島周辺に飛来し、海水を飲む珍しい習性があります。この鳥の名前は何といいますか。
正解: アオバト"
R04-Q079-A,4,第4回,,1級・2級共通,79,A,選択,小樽の地形の特徴を表した文章です。（　）内に当てはまるのはどれでしょうか。西には突き出した忍路半島、赤岩の山々が続き、その先には灯台のある（　A　）が北に突き出しています。東には（　B　）が張り出しています。,祝津岬,高島岬,茅柴岬,オタモイ岬,②,高島岬,,,4-問題.pdf / 4_kaitou.pdf,"【第4回 おたる案内人検定 問79A】
小樽の地形の特徴を表した文章です。（　）内に当てはまるのはどれでしょうか。西には突き出した忍路半島、赤岩の山々が続き、その先には灯台のある（　A　）が北に突き出しています。東には（　B　）が張り出しています。
① 祝津岬
② 高島岬
③ 茅柴岬
④ オタモイ岬
正解: ② 高島岬"
R04-Q079-B,4,第4回,,1級・2級共通,79,B,選択,小樽の地形の特徴を表した文章です。（　）内に当てはまるのはどれでしょうか。西には突き出した忍路半島、赤岩の山々が続き、その先には灯台のある（　A　）が北に突き出しています。東には（　B　）が張り出しています。,平磯岬,張碓岬,築港岬,弁天岬,①,平磯岬,,,4-問題.pdf / 4_kaitou.pdf,"【第4回 おたる案内人検定 問79B】
小樽の地形の特徴を表した文章です。（　）内に当てはまるのはどれでしょうか。西には突き出した忍路半島、赤岩の山々が続き、その先には灯台のある（　A　）が北に突き出しています。東には（　B　）が張り出しています。
① 平磯岬
② 張碓岬
③ 築港岬
④ 弁天岬
正解: ① 平磯岬"
R04-Q080,4,第4回,,1級・2級共通,80,,選択,小樽市が平成11年より製造しているボトルドウォーター「小樽の水」はどこの川の水を原材料としているのでしょうか。,朝里川,勝納川,小樽内川,塩谷川,②,勝納川,,,4-問題.pdf / 4_kaitou.pdf,"【第4回 おたる案内人検定 問80】
小樽市が平成11年より製造しているボトルドウォーター「小樽の水」はどこの川の水を原材料としているのでしょうか。
① 朝里川
② 勝納川
③ 小樽内川
④ 塩谷川
正解: ② 勝納川"
R04-Q081,4,第4回,,1級・2級共通,81,,選択,「小樽八区八景」の、ある地区についての説明です。どこの地区でしょうか。「北海道海水浴場発祥の地として夏場に道内有数の賑わいを見せる海水浴場があります。また埋蔵文化財が発掘され、古代の歴史を感じさせる地区でもあります。」,桜・朝里地区,オタモイ・赤岩地区,銭函地区,蘭島・忍路地区,④,蘭島・忍路地区,,,4-問題.pdf / 4_kaitou.pdf,"【第4回 おたる案内人検定 問81】
「小樽八区八景」の、ある地区についての説明です。どこの地区でしょうか。「北海道海水浴場発祥の地として夏場に道内有数の賑わいを見せる海水浴場があります。また埋蔵文化財が発掘され、古代の歴史を感じさせる地区でもあります。」
① 桜・朝里地区
② オタモイ・赤岩地区
③ 銭函地区
④ 蘭島・忍路地区
正解: ④ 蘭島・忍路地区"
R04-Q082,4,第4回,,1級・2級共通,82,,選択,小樽の歴史と風土に調和した都市景観をつくり出している建築物や活動などを表彰する「小樽市都市景観賞」で昭和63年、第1回受賞は、北一硝子三号館、㈱丸市後藤商店、小樽運河散策路、おたる潮まつりともう一つは何でしょうか。,小樽運河工藝館,小樽郵便局,ホテルノルド小樽,オーベルジュ・セ・ラ・セゾン,①,小樽運河工藝館,,,4-問題.pdf / 4_kaitou.pdf,"【第4回 おたる案内人検定 問82】
小樽の歴史と風土に調和した都市景観をつくり出している建築物や活動などを表彰する「小樽市都市景観賞」で昭和63年、第1回受賞は、北一硝子三号館、㈱丸市後藤商店、小樽運河散策路、おたる潮まつりともう一つは何でしょうか。
① 小樽運河工藝館
② 小樽郵便局
③ ホテルノルド小樽
④ オーベルジュ・セ・ラ・セゾン
正解: ① 小樽運河工藝館"
R04-Q083,4,第4回,,1級・2級共通,83,,記述,大正11年、市制施行で新しく出来た小樽の町名です。「明けがた」という意味の町名は何というでしょうか。,,,,,東雲町,,,,4-問題.pdf / 4_kaitou.pdf,"【第4回 おたる案内人検定 問83】
大正11年、市制施行で新しく出来た小樽の町名です。「明けがた」という意味の町名は何というでしょうか。
正解: 東雲町"
R04-Q084,4,第4回,,1級・2級共通,84,,選択,小樽の人口は道内で上位7番の中に位置します。（平成19年12月末）1位から3位までは札幌市、旭川市、函館市の順です。4位から7位までの順で正しいのはどれでしょうか。,釧路－帯広－苫小牧－小樽,帯広－苫小牧－釧路－小樽,帯広－釧路－苫小牧－小樽,釧路－苫小牧－帯広－小樽,④,釧路－苫小牧－帯広－小樽,,,4-問題.pdf / 4_kaitou.pdf,"【第4回 おたる案内人検定 問84】
小樽の人口は道内で上位7番の中に位置します。（平成19年12月末）1位から3位までは札幌市、旭川市、函館市の順です。4位から7位までの順で正しいのはどれでしょうか。
① 釧路－帯広－苫小牧－小樽
② 帯広－苫小牧－釧路－小樽
③ 帯広－釧路－苫小牧－小樽
④ 釧路－苫小牧－帯広－小樽
正解: ④ 釧路－苫小牧－帯広－小樽"
R04-Q085,4,第4回,,1級・2級共通,85,,選択,小樽の教育は明治6年、小樽群教育所開設で始まりました。この場所は現在の小学校名でいうと、どこの小学校でしょうか。,色内小学校,量徳小学校,稲穂小学校,長橋小学校,②,量徳小学校,,,4-問題.pdf / 4_kaitou.pdf,"【第4回 おたる案内人検定 問85】
小樽の教育は明治6年、小樽群教育所開設で始まりました。この場所は現在の小学校名でいうと、どこの小学校でしょうか。
① 色内小学校
② 量徳小学校
③ 稲穂小学校
④ 長橋小学校
正解: ② 量徳小学校"
R04-Q086,4,第4回,,1級・2級共通,86,,選択,小樽市内の「市場」の説明をしています。どこの市場でしょうか。「大正6年に開設された小樽で最初の市場です。中には大正時代から営業している老舗の鮮魚店もあります。」,入船市場,妙見市場,中央市場,手宮市場,④,手宮市場,,,4-問題.pdf / 4_kaitou.pdf,"【第4回 おたる案内人検定 問86】
小樽市内の「市場」の説明をしています。どこの市場でしょうか。「大正6年に開設された小樽で最初の市場です。中には大正時代から営業している老舗の鮮魚店もあります。」
① 入船市場
② 妙見市場
③ 中央市場
④ 手宮市場
正解: ④ 手宮市場"
R04-Q087,4,第4回,,1級・2級共通,87,,選択,小樽市内酒造会社4社の創業年の古い順に左から並べています。正しいのは次のどれでしょうか。,北の誉酒造／曲イ田中酒造／山二わたなべ／雪の花酒造,曲イ田中酒造／北の誉酒造／雪の花酒造／山二わたなべ,山二わたなべ／曲イ田中酒造／北の誉酒造／雪の花酒造,雪の花酒造／山二わたなべ／北の誉酒造／曲イ田中酒造,③,山二わたなべ／曲イ田中酒造／北の誉酒造／雪の花酒造,,,4-問題.pdf / 4_kaitou.pdf,"【第4回 おたる案内人検定 問87】
小樽市内酒造会社4社の創業年の古い順に左から並べています。正しいのは次のどれでしょうか。
① 北の誉酒造／曲イ田中酒造／山二わたなべ／雪の花酒造
② 曲イ田中酒造／北の誉酒造／雪の花酒造／山二わたなべ
③ 山二わたなべ／曲イ田中酒造／北の誉酒造／雪の花酒造
④ 雪の花酒造／山二わたなべ／北の誉酒造／曲イ田中酒造
正解: ③ 山二わたなべ／曲イ田中酒造／北の誉酒造／雪の花酒造"
R04-Q088,4,第4回,,1級・2級共通,88,,選択,次のうち、指定有形文化財ではないものはどれでしょうか。,木造五百羅漢像,小樽市鰊御殿（旧田中家住宅）,日本銀行旧小樽支店,岡崎邸能舞台,④,岡崎邸能舞台,,,4-問題.pdf / 4_kaitou.pdf,"【第4回 おたる案内人検定 問88】
次のうち、指定有形文化財ではないものはどれでしょうか。
① 木造五百羅漢像
② 小樽市鰊御殿（旧田中家住宅）
③ 日本銀行旧小樽支店
④ 岡崎邸能舞台
正解: ④ 岡崎邸能舞台"
R04-Q089,4,第4回,,1級・2級共通,89,,選択,小樽には神社がたくさんありますが、その創建に関わった人物で榎本武揚は龍宮神社、では場所請負人の西川伝右衛門が創建した神社といえば次のどれでしょうか。,塩谷神社,忍路神社,高島稲荷神社,豊足神社,②,忍路神社,,,4-問題.pdf / 4_kaitou.pdf,"【第4回 おたる案内人検定 問89】
小樽には神社がたくさんありますが、その創建に関わった人物で榎本武揚は龍宮神社、では場所請負人の西川伝右衛門が創建した神社といえば次のどれでしょうか。
① 塩谷神社
② 忍路神社
③ 高島稲荷神社
④ 豊足神社
正解: ② 忍路神社"
R04-Q090,4,第4回,,1級・2級共通,90,,記述,後志管内は1市13町6村で構成されています。村名には泊村、真狩村、留寿都村、島牧村、赤井川村とあと一つは何村でしょうか。,,,,,神恵内村,,,,4-問題.pdf / 4_kaitou.pdf,"【第4回 おたる案内人検定 問90】
後志管内は1市13町6村で構成されています。村名には泊村、真狩村、留寿都村、島牧村、赤井川村とあと一つは何村でしょうか。
正解: 神恵内村"
R04-Q091-A,4,第4回,,1級・2級共通,91,A,選択,下記文章の各空欄を、それぞれ同じ符号の項目4つのうちから適切なものを選びなさい。小樽の素晴らしい「観光」という資源を案内するには、ビジネススケールではなく（　A　）での（　B　）溢れる対応が、とても重要で不可欠である。（　B　）とは、思いやり・感謝・おもてなし・癒し・他人への優しさなどを意味する言葉です。一人一人の個を尊重し、相手の（　C　）を考え、相手の（　D　）を感じ取れる（　E　）ともいえます。,サービススケール,オリジナルスケール,ヒューマンスケール,ワールドスケール,③,ヒューマンスケール,,,4-問題.pdf / 4_kaitou.pdf,"【第4回 おたる案内人検定 問91A】
下記文章の各空欄を、それぞれ同じ符号の項目4つのうちから適切なものを選びなさい。小樽の素晴らしい「観光」という資源を案内するには、ビジネススケールではなく（　A　）での（　B　）溢れる対応が、とても重要で不可欠である。（　B　）とは、思いやり・感謝・おもてなし・癒し・他人への優しさなどを意味する言葉です。一人一人の個を尊重し、相手の（　C　）を考え、相手の（　D　）を感じ取れる（　E　）ともいえます。
① サービススケール
② オリジナルスケール
③ ヒューマンスケール
④ ワールドスケール
正解: ③ ヒューマンスケール"
R04-Q091-B,4,第4回,,1級・2級共通,91,B,選択,下記文章の各空欄を、それぞれ同じ符号の項目4つのうちから適切なものを選びなさい。小樽の素晴らしい「観光」という資源を案内するには、ビジネススケールではなく（　A　）での（　B　）溢れる対応が、とても重要で不可欠である。（　B　）とは、思いやり・感謝・おもてなし・癒し・他人への優しさなどを意味する言葉です。一人一人の個を尊重し、相手の（　C　）を考え、相手の（　D　）を感じ取れる（　E　）ともいえます。,笑顔,サービスマインド,愛情,ホスピタリティ,④,ホスピタリティ,,,4-問題.pdf / 4_kaitou.pdf,"【第4回 おたる案内人検定 問91B】
下記文章の各空欄を、それぞれ同じ符号の項目4つのうちから適切なものを選びなさい。小樽の素晴らしい「観光」という資源を案内するには、ビジネススケールではなく（　A　）での（　B　）溢れる対応が、とても重要で不可欠である。（　B　）とは、思いやり・感謝・おもてなし・癒し・他人への優しさなどを意味する言葉です。一人一人の個を尊重し、相手の（　C　）を考え、相手の（　D　）を感じ取れる（　E　）ともいえます。
① 笑顔
② サービスマインド
③ 愛情
④ ホスピタリティ
正解: ④ ホスピタリティ"
R04-Q091-C,4,第4回,,1級・2級共通,91,C,選択,下記文章の各空欄を、それぞれ同じ符号の項目4つのうちから適切なものを選びなさい。小樽の素晴らしい「観光」という資源を案内するには、ビジネススケールではなく（　A　）での（　B　）溢れる対応が、とても重要で不可欠である。（　B　）とは、思いやり・感謝・おもてなし・癒し・他人への優しさなどを意味する言葉です。一人一人の個を尊重し、相手の（　C　）を考え、相手の（　D　）を感じ取れる（　E　）ともいえます。,行動,立場,予定,リスク,②,立場,,,4-問題.pdf / 4_kaitou.pdf,"【第4回 おたる案内人検定 問91C】
下記文章の各空欄を、それぞれ同じ符号の項目4つのうちから適切なものを選びなさい。小樽の素晴らしい「観光」という資源を案内するには、ビジネススケールではなく（　A　）での（　B　）溢れる対応が、とても重要で不可欠である。（　B　）とは、思いやり・感謝・おもてなし・癒し・他人への優しさなどを意味する言葉です。一人一人の個を尊重し、相手の（　C　）を考え、相手の（　D　）を感じ取れる（　E　）ともいえます。
① 行動
② 立場
③ 予定
④ リスク
正解: ② 立場"
R04-Q091-D,4,第4回,,1級・2級共通,91,D,選択,下記文章の各空欄を、それぞれ同じ符号の項目4つのうちから適切なものを選びなさい。小樽の素晴らしい「観光」という資源を案内するには、ビジネススケールではなく（　A　）での（　B　）溢れる対応が、とても重要で不可欠である。（　B　）とは、思いやり・感謝・おもてなし・癒し・他人への優しさなどを意味する言葉です。一人一人の個を尊重し、相手の（　C　）を考え、相手の（　D　）を感じ取れる（　E　）ともいえます。,痛み,必要性,重要性,嗜好,①,痛み,,,4-問題.pdf / 4_kaitou.pdf,"【第4回 おたる案内人検定 問91D】
下記文章の各空欄を、それぞれ同じ符号の項目4つのうちから適切なものを選びなさい。小樽の素晴らしい「観光」という資源を案内するには、ビジネススケールではなく（　A　）での（　B　）溢れる対応が、とても重要で不可欠である。（　B　）とは、思いやり・感謝・おもてなし・癒し・他人への優しさなどを意味する言葉です。一人一人の個を尊重し、相手の（　C　）を考え、相手の（　D　）を感じ取れる（　E　）ともいえます。
① 痛み
② 必要性
③ 重要性
④ 嗜好
正解: ① 痛み"
R04-Q091-E,4,第4回,,1級・2級共通,91,E,選択,下記文章の各空欄を、それぞれ同じ符号の項目4つのうちから適切なものを選びなさい。小樽の素晴らしい「観光」という資源を案内するには、ビジネススケールではなく（　A　）での（　B　）溢れる対応が、とても重要で不可欠である。（　B　）とは、思いやり・感謝・おもてなし・癒し・他人への優しさなどを意味する言葉です。一人一人の個を尊重し、相手の（　C　）を考え、相手の（　D　）を感じ取れる（　E　）ともいえます。,感性,心のあり方,品格,対応のあり方,②,心のあり方,,,4-問題.pdf / 4_kaitou.pdf,"【第4回 おたる案内人検定 問91E】
下記文章の各空欄を、それぞれ同じ符号の項目4つのうちから適切なものを選びなさい。小樽の素晴らしい「観光」という資源を案内するには、ビジネススケールではなく（　A　）での（　B　）溢れる対応が、とても重要で不可欠である。（　B　）とは、思いやり・感謝・おもてなし・癒し・他人への優しさなどを意味する言葉です。一人一人の個を尊重し、相手の（　C　）を考え、相手の（　D　）を感じ取れる（　E　）ともいえます。
① 感性
② 心のあり方
③ 品格
④ 対応のあり方
正解: ② 心のあり方"
R04-Q092,4,第4回,,1級・2級共通,92,,記述,空欄に該当する語句を記入しなさい。観光産業に直接従事していないとしても、私たちは、一人一人が市民として、小樽という観光を形づくる（　）です。,,,,,代表選手,,,,4-問題.pdf / 4_kaitou.pdf,"【第4回 おたる案内人検定 問92】
空欄に該当する語句を記入しなさい。観光産業に直接従事していないとしても、私たちは、一人一人が市民として、小樽という観光を形づくる（　）です。
正解: 代表選手"
R04-Q093,4,第4回,,1級・2級共通,93,,記述,空欄に該当する語句を記入しなさい。観光客に対しては、どこでもどんなときも誰にでも、心のこもった笑顔と、ちょっとした声がけは最小にして最大の（　）です。,,,,,おもてなし,,,,4-問題.pdf / 4_kaitou.pdf,"【第4回 おたる案内人検定 問93】
空欄に該当する語句を記入しなさい。観光客に対しては、どこでもどんなときも誰にでも、心のこもった笑顔と、ちょっとした声がけは最小にして最大の（　）です。
正解: おもてなし"
R04-Q094-A,4,第4回,,1級・2級共通,94,A,記述,空欄に該当する語句を記入しなさい。全ての販売・購買行為は（　A　）と（　B　）のバランスで成り立っています。小樽観光は定着しつつあり、観光客も定着しつつある中で、（　A　）と（　B　）の接点に立つのがガイドの皆様方の役割になるのです。,,,,,ブランディング,,,Ａ、Ｂ逆も正解,4-問題.pdf / 4_kaitou.pdf,"【第4回 おたる案内人検定 問94A】
空欄に該当する語句を記入しなさい。全ての販売・購買行為は（　A　）と（　B　）のバランスで成り立っています。小樽観光は定着しつつあり、観光客も定着しつつある中で、（　A　）と（　B　）の接点に立つのがガイドの皆様方の役割になるのです。
正解: ブランディング"
R04-Q094-B,4,第4回,,1級・2級共通,94,B,記述,空欄に該当する語句を記入しなさい。全ての販売・購買行為は（　A　）と（　B　）のバランスで成り立っています。小樽観光は定着しつつあり、観光客も定着しつつある中で、（　A　）と（　B　）の接点に立つのがガイドの皆様方の役割になるのです。,,,,,マーケティング,,,Ａ、Ｂ逆も正解,4-問題.pdf / 4_kaitou.pdf,"【第4回 おたる案内人検定 問94B】
空欄に該当する語句を記入しなさい。全ての販売・購買行為は（　A　）と（　B　）のバランスで成り立っています。小樽観光は定着しつつあり、観光客も定着しつつある中で、（　A　）と（　B　）の接点に立つのがガイドの皆様方の役割になるのです。
正解: マーケティング"
R05-Q001,5,第5回,2009年3月29日,1級・2級共通,1,,記述,現在の小樽の開基は元治2（1865）年（初版テキストでは慶応元年の表記）とされています。それ以前、この地域は「場所」と呼ばれていましたが、この年から呼び名が変わりました。何と呼ばれるようになったのでしょうか。,,,,,村並、オタルナイ村、穂足内村のいずれか,,,,5-問題.pdf / 5_kaitou.pdf,"【第5回 おたる案内人検定 問1】
現在の小樽の開基は元治2（1865）年（初版テキストでは慶応元年の表記）とされています。それ以前、この地域は「場所」と呼ばれていましたが、この年から呼び名が変わりました。何と呼ばれるようになったのでしょうか。
正解: 村並、オタルナイ村、穂足内村のいずれか"
R05-Q002,5,第5回,2009年3月29日,1級・2級共通,2,,選択,問1の小樽の開基で「名主」となった人物は次のうちだれでしょうか。,山田吉兵衛,山田兵蔵,岡田弥三右衛門,西川伝右衛門,②,山田兵蔵,,,5-問題.pdf / 5_kaitou.pdf,"【第5回 おたる案内人検定 問2】
問1の小樽の開基で「名主」となった人物は次のうちだれでしょうか。
① 山田吉兵衛
② 山田兵蔵
③ 岡田弥三右衛門
④ 西川伝右衛門
正解: ② 山田兵蔵"
R05-Q003,5,第5回,2009年3月29日,1級・2級共通,3,,記述,明治2年、開拓使が設置され、「蝦夷地」から「北海道」に改称されました。また、ある制度が廃止され、漁場開拓の門戸が解放されました。この廃止された制度とは何でしょうか。,,,,,場所請負制,,,,5-問題.pdf / 5_kaitou.pdf,"【第5回 おたる案内人検定 問3】
明治2年、開拓使が設置され、「蝦夷地」から「北海道」に改称されました。また、ある制度が廃止され、漁場開拓の門戸が解放されました。この廃止された制度とは何でしょうか。
正解: 場所請負制"
R05-Q004,5,第5回,2009年3月29日,1級・2級共通,4,,選択,手宮〜幌内間の鉄道が開通したのは明治15年ですが、鉄道敷設のもっとも大きな目的は次のどれでしょうか。,鰊を運搬するため,札幌へ物資を運搬するため,石炭を本州へ運搬するため,開拓者を内陸へ送り込むため,③,石炭を本州へ運搬するため,,,5-問題.pdf / 5_kaitou.pdf,"【第5回 おたる案内人検定 問4】
手宮〜幌内間の鉄道が開通したのは明治15年ですが、鉄道敷設のもっとも大きな目的は次のどれでしょうか。
① 鰊を運搬するため
② 札幌へ物資を運搬するため
③ 石炭を本州へ運搬するため
④ 開拓者を内陸へ送り込むため
正解: ③ 石炭を本州へ運搬するため"
R05-Q005,5,第5回,2009年3月29日,1級・2級共通,5,,記述,明治4年、黒田清隆はアメリカへ渡り、ある人物と開拓使顧問に迎える契約をしました。この人物は次々にアメリカから優秀な人材を呼び寄せ、北海道開拓に貢献しました。この人物はだれでしょうか。,,,,,ホーレス・ケプロン,,,,5-問題.pdf / 5_kaitou.pdf,"【第5回 おたる案内人検定 問5】
明治4年、黒田清隆はアメリカへ渡り、ある人物と開拓使顧問に迎える契約をしました。この人物は次々にアメリカから優秀な人材を呼び寄せ、北海道開拓に貢献しました。この人物はだれでしょうか。
正解: ホーレス・ケプロン"
R05-Q006,5,第5回,2009年3月29日,1級・2級共通,6,,記述,明治中期以降、商業と金融の一大拠点となった小樽に築かれた銀行建築は、今も小樽らしい景観をかもし出していますが、現在メルヘン交差点で「銀の鐘」として営業している建物は、当時何という銀行だったでしょうか。,,,,,中越銀行,,,,5-問題.pdf / 5_kaitou.pdf,"【第5回 おたる案内人検定 問6】
明治中期以降、商業と金融の一大拠点となった小樽に築かれた銀行建築は、今も小樽らしい景観をかもし出していますが、現在メルヘン交差点で「銀の鐘」として営業している建物は、当時何という銀行だったでしょうか。
正解: 中越銀行"
R05-Q007,5,第5回,2009年3月29日,1級・2級共通,7,,選択,明治から昭和初期にかけて繁栄を続けた小樽ですが、第二次大戦を挟んで、斜陽化していきました。その原因で間違いはどれでしょうか。,敗戦で樺太を失った,石炭が石油に変わった,陸路から海路への転換,統制経済で商都機能が札幌に移った,③,陸路から海路への転換,,,5-問題.pdf / 5_kaitou.pdf,"【第5回 おたる案内人検定 問7】
明治から昭和初期にかけて繁栄を続けた小樽ですが、第二次大戦を挟んで、斜陽化していきました。その原因で間違いはどれでしょうか。
① 敗戦で樺太を失った
② 石炭が石油に変わった
③ 陸路から海路への転換
④ 統制経済で商都機能が札幌に移った
正解: ③ 陸路から海路への転換"
R05-Q008,5,第5回,2009年3月29日,1級・2級共通,8,,記述,次の文章の①〜④の（　）内に間違いが一つあります。その番号と正解を書きなさい。明治から大正にかけて、小樽を含む積丹半島沿岸地域の鰊漁の漁期は①（3〜5月）でした。この時期、海はたびたび②（群来）がおきます。これは大群で押し寄せた鰊の放出する③（卵子）によって海が④（白濁）する現象でした。,,,,,番号③白子または精子,,,間違いの番号と、その正しい語句の両方を答える,5-問題.pdf / 5_kaitou.pdf,"【第5回 おたる案内人検定 問8】
次の文章の①〜④の（　）内に間違いが一つあります。その番号と正解を書きなさい。明治から大正にかけて、小樽を含む積丹半島沿岸地域の鰊漁の漁期は①（3〜5月）でした。この時期、海はたびたび②（群来）がおきます。これは大群で押し寄せた鰊の放出する③（卵子）によって海が④（白濁）する現象でした。
正解: 番号③白子または精子"
R05-Q009,5,第5回,2009年3月29日,1級・2級共通,9,,選択,鰊の漁獲高は「石」という単位で表していましたが、生鰊換算で1石は約何kgでしょうか。,7.5kg,75kg,175kg,750kg,④,750kg,,,5-問題.pdf / 5_kaitou.pdf,"【第5回 おたる案内人検定 問9】
鰊の漁獲高は「石」という単位で表していましたが、生鰊換算で1石は約何kgでしょうか。
① 7.5kg
② 75kg
③ 175kg
④ 750kg
正解: ④ 750kg"
R05-Q010,5,第5回,2009年3月29日,1級・2級共通,10,,選択,小樽の鰊漁獲高の最高は、大正14年に記録します。その漁獲高は次のどれでしょうか。,"約5万5,000石","約6万5,000石","約7万5,000石","約8万5,000石",③,"約7万5,000石",,,5-問題.pdf / 5_kaitou.pdf,"【第5回 おたる案内人検定 問10】
小樽の鰊漁獲高の最高は、大正14年に記録します。その漁獲高は次のどれでしょうか。
① 約5万5,000石
② 約6万5,000石
③ 約7万5,000石
④ 約8万5,000石
正解: ③ 約7万5,000石"
R05-Q011,5,第5回,2009年3月29日,1級・2級共通,11,,記述,次の文章の（　）内には祝津の3大漁家名の一つが当てはまります。その漁家名は何というでしょうか。（　）家は天保7年に山形県遊佐町に生まれた（　）留吉が、江戸時代から祝津に出稼ぎし、明治になって同地に居を構えたものです。（　）家は規模を拡大し、明治20年代には祝津、高島地区の総建網数102統のうち、（　）家所有のものが16統を数えた。,,,,,青山,,,,5-問題.pdf / 5_kaitou.pdf,"【第5回 おたる案内人検定 問11】
次の文章の（　）内には祝津の3大漁家名の一つが当てはまります。その漁家名は何というでしょうか。（　）家は天保7年に山形県遊佐町に生まれた（　）留吉が、江戸時代から祝津に出稼ぎし、明治になって同地に居を構えたものです。（　）家は規模を拡大し、明治20年代には祝津、高島地区の総建網数102統のうち、（　）家所有のものが16統を数えた。
正解: 青山"
R05-Q012,5,第5回,2009年3月29日,1級・2級共通,12,,選択,小樽、後志の鰊漁家が遠隔地にも漁場を経営できた理由の正しい組み合わせを以下から選んでください。,安定した漁獲と消費地に近かったこと,魚肥の高い需要と運河の存在,安定した漁獲と造船技術,安定した漁獲と魚肥の高い需要,④,安定した漁獲と魚肥の高い需要,,,5-問題.pdf / 5_kaitou.pdf,"【第5回 おたる案内人検定 問12】
小樽、後志の鰊漁家が遠隔地にも漁場を経営できた理由の正しい組み合わせを以下から選んでください。
① 安定した漁獲と消費地に近かったこと
② 魚肥の高い需要と運河の存在
③ 安定した漁獲と造船技術
④ 安定した漁獲と魚肥の高い需要
正解: ④ 安定した漁獲と魚肥の高い需要"
R05-Q013,5,第5回,2009年3月29日,1級・2級共通,13,,選択,鰊番屋の特長として間違っているのはどれでしょうか。,親方家族の住居でもあり鰊漁期中には漁夫も寝泊りする,親方家族の住居部分と漁夫らの生活空間が分けられる,親方家族の住居部分はなく、漁夫のみ寝泊りする,番屋を拠点として、食用の身欠鰊や各種の肥料製造を行っていた,③,親方家族の住居部分はなく、漁夫のみ寝泊りする,,,5-問題.pdf / 5_kaitou.pdf,"【第5回 おたる案内人検定 問13】
鰊番屋の特長として間違っているのはどれでしょうか。
① 親方家族の住居でもあり鰊漁期中には漁夫も寝泊りする
② 親方家族の住居部分と漁夫らの生活空間が分けられる
③ 親方家族の住居部分はなく、漁夫のみ寝泊りする
④ 番屋を拠点として、食用の身欠鰊や各種の肥料製造を行っていた
正解: ③ 親方家族の住居部分はなく、漁夫のみ寝泊りする"
R05-Q014,5,第5回,2009年3月29日,1級・2級共通,14,,選択,平磯岬にある銀鱗荘がかつてあった場所と所有者の組み合わせで正しいのはどれでしょうか。,泊村の田中家,泊村の猪俣家,余市町の田中家,余市町の猪俣家,④,余市町の猪俣家,,,5-問題.pdf / 5_kaitou.pdf,"【第5回 おたる案内人検定 問14】
平磯岬にある銀鱗荘がかつてあった場所と所有者の組み合わせで正しいのはどれでしょうか。
① 泊村の田中家
② 泊村の猪俣家
③ 余市町の田中家
④ 余市町の猪俣家
正解: ④ 余市町の猪俣家"
R05-Q015,5,第5回,2009年3月29日,1級・2級共通,15,,選択,幕末の小樽には3つの「場所」がありました。その3つの場所とはどれでしょうか。,オタルナイ場所・シュクツ場所・オショロ場所,オタルナイ場所・タカシマ場所・オショロ場所,オタルナイ場所・シュクツ場所・ヨイチ場所,オタルナイ場所・タカシマ場所・ヨイチ場所,②,オタルナイ場所・タカシマ場所・オショロ場所,,,5-問題.pdf / 5_kaitou.pdf,"【第5回 おたる案内人検定 問15】
幕末の小樽には3つの「場所」がありました。その3つの場所とはどれでしょうか。
① オタルナイ場所・シュクツ場所・オショロ場所
② オタルナイ場所・タカシマ場所・オショロ場所
③ オタルナイ場所・シュクツ場所・ヨイチ場所
④ オタルナイ場所・タカシマ場所・ヨイチ場所
正解: ② オタルナイ場所・タカシマ場所・オショロ場所"
R05-Q016,5,第5回,2009年3月29日,1級・2級共通,16,,記述,沖揚げ音頭はひとりが唄い、それに続いて他の皆が唄います。独唱を「ハオイ」、斉唱を何というでしょうか。,,,,,シタゴエ,,,,5-問題.pdf / 5_kaitou.pdf,"【第5回 おたる案内人検定 問16】
沖揚げ音頭はひとりが唄い、それに続いて他の皆が唄います。独唱を「ハオイ」、斉唱を何というでしょうか。
正解: シタゴエ"
R05-Q017,5,第5回,2009年3月29日,1級・2級共通,17,,記述,沖揚げ音頭のなかで、次の作業をするときに唄う「うた」は何というでしょうか。「枠船の下の海中に吊られた枠網の中に、魚群を落とし込む際に唄うもので、網起こしの作業の最後に最も力を込める作業です。」,,,,,木遣り音頭,,,,5-問題.pdf / 5_kaitou.pdf,"【第5回 おたる案内人検定 問17】
沖揚げ音頭のなかで、次の作業をするときに唄う「うた」は何というでしょうか。「枠船の下の海中に吊られた枠網の中に、魚群を落とし込む際に唄うもので、網起こしの作業の最後に最も力を込める作業です。」
正解: 木遣り音頭"
R05-Q018,5,第5回,2009年3月29日,1級・2級共通,18,,選択,明治20年代、小樽と高島産のものが良質な製品といわれた鰊製品はどれでしょうか。,身欠鰊,搾粕（〆粕）,数の子,粒鰊,①,身欠鰊,,,5-問題.pdf / 5_kaitou.pdf,"【第5回 おたる案内人検定 問18】
明治20年代、小樽と高島産のものが良質な製品といわれた鰊製品はどれでしょうか。
① 身欠鰊
② 搾粕（〆粕）
③ 数の子
④ 粒鰊
正解: ① 身欠鰊"
R05-Q019-A,5,第5回,2009年3月29日,1級・2級共通,19,A,記述,次の文中の（　）内に当てはまる語句を記入しなさい。多くの（　A　）が小樽の港に出入りして、明治年間の短期間に開拓物資の移入と海産物等の移出を行い、この商いで貯えられたお金で（　B　）や建物や町並みがつくられてきました。,,,,,北前船・商人,,,テキスト上の正解はA北前船・B倉庫だが、A商人、B道路・商店なども正解とする,5-問題.pdf / 5_kaitou.pdf,"【第5回 おたる案内人検定 問19A】
次の文中の（　）内に当てはまる語句を記入しなさい。多くの（　A　）が小樽の港に出入りして、明治年間の短期間に開拓物資の移入と海産物等の移出を行い、この商いで貯えられたお金で（　B　）や建物や町並みがつくられてきました。
正解: 北前船・商人"
R05-Q019-B,5,第5回,2009年3月29日,1級・2級共通,19,B,記述,次の文中の（　）内に当てはまる語句を記入しなさい。多くの（　A　）が小樽の港に出入りして、明治年間の短期間に開拓物資の移入と海産物等の移出を行い、この商いで貯えられたお金で（　B　）や建物や町並みがつくられてきました。,,,,,倉庫・道路・商店,,,テキスト上の正解はA北前船・B倉庫だが、A商人、B道路・商店なども正解とする,5-問題.pdf / 5_kaitou.pdf,"【第5回 おたる案内人検定 問19B】
次の文中の（　）内に当てはまる語句を記入しなさい。多くの（　A　）が小樽の港に出入りして、明治年間の短期間に開拓物資の移入と海産物等の移出を行い、この商いで貯えられたお金で（　B　）や建物や町並みがつくられてきました。
正解: 倉庫・道路・商店"
R05-Q020,5,第5回,2009年3月29日,1級・2級共通,20,,選択,北前船は菱垣廻船や樽廻船のように運搬目的だけではなく、経済的に優れた手法用い、その結果多くの有力船主を排出しました。その手法とは次のどれでしょうか。,他の船より早く走れる工夫をし、航海の頻度を上げた,「運賃積み」を低価格にし、売り上げを上げることに成功した,「買い積み」という方法で各地で安い物を仕入れ、有利な土地で売りながら航海した,積荷の買い手からも直接リベートをもらう契約をした,③,「買い積み」という方法で各地で安い物を仕入れ、有利な土地で売りながら航海した,,,5-問題.pdf / 5_kaitou.pdf,"【第5回 おたる案内人検定 問20】
北前船は菱垣廻船や樽廻船のように運搬目的だけではなく、経済的に優れた手法用い、その結果多くの有力船主を排出しました。その手法とは次のどれでしょうか。
① 他の船より早く走れる工夫をし、航海の頻度を上げた
② 「運賃積み」を低価格にし、売り上げを上げることに成功した
③ 「買い積み」という方法で各地で安い物を仕入れ、有利な土地で売りながら航海した
④ 積荷の買い手からも直接リベートをもらう契約をした
正解: ③ 「買い積み」という方法で各地で安い物を仕入れ、有利な土地で売りながら航海した"
R05-Q021,5,第5回,2009年3月29日,1級・2級共通,21,,記述,次の文中の「　」に当てはまる語句を記入しなさい。北陸地方の北前船の船頭には、「積荷の約1割を自由に売買でき、自分の収入にできる」抜け道が用意されていました。これを「　」と呼ばれました。,,,,,帆待ち、または切出し,,,,5-問題.pdf / 5_kaitou.pdf,"【第5回 おたる案内人検定 問21】
次の文中の「　」に当てはまる語句を記入しなさい。北陸地方の北前船の船頭には、「積荷の約1割を自由に売買でき、自分の収入にできる」抜け道が用意されていました。これを「　」と呼ばれました。
正解: 帆待ち、または切出し"
R05-Q022,5,第5回,2009年3月29日,1級・2級共通,22,,選択,小樽には「小樽商人」とか「樽僑」と称される巨万の富を築いた商人が数多くいます。その彼らの出身地によりこんな俗諺があります。カッコ内の間違いはどれでしょうか。,地均（近江）,種蒔（松前）,（肥料）加賀,刈取（越前）,④,刈取（越前）,,,5-問題.pdf / 5_kaitou.pdf,"【第5回 おたる案内人検定 問22】
小樽には「小樽商人」とか「樽僑」と称される巨万の富を築いた商人が数多くいます。その彼らの出身地によりこんな俗諺があります。カッコ内の間違いはどれでしょうか。
① 地均（近江）
② 種蒔（松前）
③ （肥料）加賀
④ 刈取（越前）
正解: ④ 刈取（越前）"
R05-Q023,5,第5回,2009年3月29日,1級・2級共通,23,,選択,北前船主達は、積荷を常に短期間に売り尽くせない場合もあるので、荷物保管を目的に倉庫を建てました。この業務をなんといいましたか。,蔵敷業務,蔵入業務,蔵積業務,蔵前業務,①,蔵敷業務,,,5-問題.pdf / 5_kaitou.pdf,"【第5回 おたる案内人検定 問23】
北前船主達は、積荷を常に短期間に売り尽くせない場合もあるので、荷物保管を目的に倉庫を建てました。この業務をなんといいましたか。
① 蔵敷業務
② 蔵入業務
③ 蔵積業務
④ 蔵前業務
正解: ① 蔵敷業務"
R05-Q024,5,第5回,2009年3月29日,1級・2級共通,24,,選択,明治末期から北前船は衰亡していきました。その理由として正しくないのは次のどれでしょうか。,大型の蒸気船が登場してきた,鰊漁が不漁になった,通信技術の発達で北前船商人の情報より早く行き交うようになった,北前船の船頭が転職し、急激に減った,④,北前船の船頭が転職し、急激に減った,,,5-問題.pdf / 5_kaitou.pdf,"【第5回 おたる案内人検定 問24】
明治末期から北前船は衰亡していきました。その理由として正しくないのは次のどれでしょうか。
① 大型の蒸気船が登場してきた
② 鰊漁が不漁になった
③ 通信技術の発達で北前船商人の情報より早く行き交うようになった
④ 北前船の船頭が転職し、急激に減った
正解: ④ 北前船の船頭が転職し、急激に減った"
R05-Q025,5,第5回,2009年3月29日,1級・2級共通,25,,選択,次の北前船主と出身地の組み合わせで正しくないのはどれでしょうか。,西谷庄八・・石川県加賀市橋立町,広海二三郎・・石川県加賀市瀬越町,西出孫左衛門・・石川県加賀市瀬越町,右近権左衛門・・福井県南条郡河野村,③,西出孫左衛門・・石川県加賀市瀬越町,,,5-問題.pdf / 5_kaitou.pdf,"【第5回 おたる案内人検定 問25】
次の北前船主と出身地の組み合わせで正しくないのはどれでしょうか。
① 西谷庄八・・石川県加賀市橋立町
② 広海二三郎・・石川県加賀市瀬越町
③ 西出孫左衛門・・石川県加賀市瀬越町
④ 右近権左衛門・・福井県南条郡河野村
正解: ③ 西出孫左衛門・・石川県加賀市瀬越町"
R05-Q026,5,第5回,2009年3月29日,1級・2級共通,26,,記述,次の文章はある北前船主を説明しています。その人物名を書きなさい。明治29年、逓信省の命でシベリア諸港との航路を開きました。そして北前船衰亡後は、日本火災海上保険株式会社を創設し取締役に就任し、大阪瓦斯の取締役にもなりました。現在、運河沿いにこの商人の大きな倉庫が残っていて、ヤマシチの印が目につきます。,,,,,大家七平,,,,5-問題.pdf / 5_kaitou.pdf,"【第5回 おたる案内人検定 問26】
次の文章はある北前船主を説明しています。その人物名を書きなさい。明治29年、逓信省の命でシベリア諸港との航路を開きました。そして北前船衰亡後は、日本火災海上保険株式会社を創設し取締役に就任し、大阪瓦斯の取締役にもなりました。現在、運河沿いにこの商人の大きな倉庫が残っていて、ヤマシチの印が目につきます。
正解: 大家七平"
R05-Q027,5,第5回,2009年3月29日,1級・2級共通,27,,選択,石橋彦三郎にゆかりのある酒造会社はどれでしょうか。,田中酒造,北の誉酒造,雪の花酒造,山二わたなべ,②,北の誉酒造,,,5-問題.pdf / 5_kaitou.pdf,"【第5回 おたる案内人検定 問27】
石橋彦三郎にゆかりのある酒造会社はどれでしょうか。
① 田中酒造
② 北の誉酒造
③ 雪の花酒造
④ 山二わたなべ
正解: ② 北の誉酒造"
R05-Q028,5,第5回,2009年3月29日,1級・2級共通,28,,選択,鰊を追って小樽に拠点を移した商人を称して「松前商人」と呼びます。次の商人で「松前商人」ではない人物はどれでしょうか。,金子元三郎,渡辺兵四郎,山本久右衛門,寿原外吉,④,寿原外吉,,,5-問題.pdf / 5_kaitou.pdf,"【第5回 おたる案内人検定 問28】
鰊を追って小樽に拠点を移した商人を称して「松前商人」と呼びます。次の商人で「松前商人」ではない人物はどれでしょうか。
① 金子元三郎
② 渡辺兵四郎
③ 山本久右衛門
④ 寿原外吉
正解: ④ 寿原外吉"
R05-Q029,5,第5回,2009年3月29日,1級・2級共通,29,,記述,明治15年1月、相生町から水天宮山の西裾を通って堺町のオコバチ川までの路線造成を行いました。後にこの事業に感謝して人物名を町名としました。この商人の名前は何というでしょうか。姓・名両方を書きなさい。（姓のみ不可）,,,,,山田吉兵衛,,,,5-問題.pdf / 5_kaitou.pdf,"【第5回 おたる案内人検定 問29】
明治15年1月、相生町から水天宮山の西裾を通って堺町のオコバチ川までの路線造成を行いました。後にこの事業に感謝して人物名を町名としました。この商人の名前は何というでしょうか。姓・名両方を書きなさい。（姓のみ不可）
正解: 山田吉兵衛"
R05-Q030,5,第5回,2009年3月29日,1級・2級共通,30,,記述,2代目のこの商人は、現在の長橋中学校を寄付したり、昭和8年には無給の小樽の名誉市長にもなりました。この商人名は何といいますか。姓・名両方を書きなさい。（姓のみ不可）,,,,,板谷宮吉,,,,5-問題.pdf / 5_kaitou.pdf,"【第5回 おたる案内人検定 問30】
2代目のこの商人は、現在の長橋中学校を寄付したり、昭和8年には無給の小樽の名誉市長にもなりました。この商人名は何といいますか。姓・名両方を書きなさい。（姓のみ不可）
正解: 板谷宮吉"
R05-Q031,5,第5回,2009年3月29日,1級・2級共通,31,,選択,出身地から通称「加越能」商人と呼ばれた商人がいました。「加越能」ではない地域は次のどれでしょうか,加賀,越後,越中,能登,②,越後,,,5-問題.pdf / 5_kaitou.pdf,"【第5回 おたる案内人検定 問31】
出身地から通称「加越能」商人と呼ばれた商人がいました。「加越能」ではない地域は次のどれでしょうか
① 加賀
② 越後
③ 越中
④ 能登
正解: ② 越後"
R05-Q032,5,第5回,2009年3月29日,1級・2級共通,32,,記述,沼田喜三郎は精米業を興し、当時、東北以北最大の規模を誇っていました。その沼田喜三郎にゆかりのある建物は、現在メルヘン交差点で何という店名で営業しているでしょうか。,,,,,小樽オルゴール堂,,,,5-問題.pdf / 5_kaitou.pdf,"【第5回 おたる案内人検定 問32】
沼田喜三郎は精米業を興し、当時、東北以北最大の規模を誇っていました。その沼田喜三郎にゆかりのある建物は、現在メルヘン交差点で何という店名で営業しているでしょうか。
正解: 小樽オルゴール堂"
R05-Q033,5,第5回,2009年3月29日,1級・2級共通,33,,記述,越後商人で能を愛し、能舞台を自宅に建てました。田中酒造亀甲蔵はこの商人の倉庫でした。この商人名は何といいますか。姓・名両方を書きなさい。（姓のみ不可）,,,,,岡崎謙,,,,5-問題.pdf / 5_kaitou.pdf,"【第5回 おたる案内人検定 問33】
越後商人で能を愛し、能舞台を自宅に建てました。田中酒造亀甲蔵はこの商人の倉庫でした。この商人名は何といいますか。姓・名両方を書きなさい。（姓のみ不可）
正解: 岡崎謙"
R05-Q034,5,第5回,2009年3月29日,1級・2級共通,34,,選択,北海道を代表する重要港湾の一つとして、国内外の海上輸送網の拠点となっている小樽港ですが、港の特長で間違っているものはどれでしょうか,砂浜を深く掘り込んだ日本で初めての港である,埠頭や運河建設のために埋立てが行われた,冬の季節風が強いので防波堤建設が行われた,日本で初めての本格的な外洋防波堤が建設された,①,砂浜を深く掘り込んだ日本で初めての港である,,,5-問題.pdf / 5_kaitou.pdf,"【第5回 おたる案内人検定 問34】
北海道を代表する重要港湾の一つとして、国内外の海上輸送網の拠点となっている小樽港ですが、港の特長で間違っているものはどれでしょうか
① 砂浜を深く掘り込んだ日本で初めての港である
② 埠頭や運河建設のために埋立てが行われた
③ 冬の季節風が強いので防波堤建設が行われた
④ 日本で初めての本格的な外洋防波堤が建設された
正解: ① 砂浜を深く掘り込んだ日本で初めての港である"
R05-Q035,5,第5回,2009年3月29日,1級・2級共通,35,,記述,次の文中の（　）内に当てはまる語句を記入しなさい。小樽港の港界線は平磯岬ともう一方の（　）岬に引いた直線（港界線）の内側をいいます。,,,,,茅柴 (かやしば）,,,,5-問題.pdf / 5_kaitou.pdf,"【第5回 おたる案内人検定 問35】
次の文中の（　）内に当てはまる語句を記入しなさい。小樽港の港界線は平磯岬ともう一方の（　）岬に引いた直線（港界線）の内側をいいます。
正解: 茅柴 (かやしば）"
R05-Q036,5,第5回,2009年3月29日,1級・2級共通,36,,選択,小樽港が近代的な港湾として整備が始まったのは明治30年からの小樽築港第一期工事でした。この時つくられた施設は次のどれでしょうか。,小樽運河,中央埠頭,北防波堤,手宮桟橋,③,北防波堤,,,5-問題.pdf / 5_kaitou.pdf,"【第5回 おたる案内人検定 問36】
小樽港が近代的な港湾として整備が始まったのは明治30年からの小樽築港第一期工事でした。この時つくられた施設は次のどれでしょうか。
① 小樽運河
② 中央埠頭
③ 北防波堤
④ 手宮桟橋
正解: ③ 北防波堤"
R05-Q037-A,5,第5回,2009年3月29日,1級・2級共通,37,A,記述,廣井勇が建設した北防波堤の大きな特長が書かれています。次の文中の（　）内に当てはまる語句を記入しなさい。廣井は（　A　）を用いたコンクリートを防波堤工事に採用。さらに、コンクリートブロックを（　B　）に積み、自重の一部をかけることで安定させ、また一部分に当たる波の力を広く分散させることで波力に対抗する構造を採用した。,,,,,火山灰,,,,5-問題.pdf / 5_kaitou.pdf,"【第5回 おたる案内人検定 問37A】
廣井勇が建設した北防波堤の大きな特長が書かれています。次の文中の（　）内に当てはまる語句を記入しなさい。廣井は（　A　）を用いたコンクリートを防波堤工事に採用。さらに、コンクリートブロックを（　B　）に積み、自重の一部をかけることで安定させ、また一部分に当たる波の力を広く分散させることで波力に対抗する構造を採用した。
正解: 火山灰"
R05-Q037-B,5,第5回,2009年3月29日,1級・2級共通,37,B,記述,廣井勇が建設した北防波堤の大きな特長が書かれています。次の文中の（　）内に当てはまる語句を記入しなさい。廣井は（　A　）を用いたコンクリートを防波堤工事に採用。さらに、コンクリートブロックを（　B　）に積み、自重の一部をかけることで安定させ、また一部分に当たる波の力を広く分散させることで波力に対抗する構造を採用した。,,,,,斜め,,,,5-問題.pdf / 5_kaitou.pdf,"【第5回 おたる案内人検定 問37B】
廣井勇が建設した北防波堤の大きな特長が書かれています。次の文中の（　）内に当てはまる語句を記入しなさい。廣井は（　A　）を用いたコンクリートを防波堤工事に採用。さらに、コンクリートブロックを（　B　）に積み、自重の一部をかけることで安定させ、また一部分に当たる波の力を広く分散させることで波力に対抗する構造を採用した。
正解: 斜め"
R05-Q038,5,第5回,2009年3月29日,1級・2級共通,38,,選択,伊藤長右衛門が開発し、その後各地で使われたケーソンの製作方式は以下のうちどれでしょうか。,海上に浮かべた浮きドックで作る方式,掘り込んだドックで製作し、完成したら海水を入れ浮かべる方式,陸上で製作し、クレーンで吊り上げて設置する釣上げ方式,陸上で製作し、海上に向けて滑り落とす進水方式,④,陸上で製作し、海上に向けて滑り落とす進水方式,,,5-問題.pdf / 5_kaitou.pdf,"【第5回 おたる案内人検定 問38】
伊藤長右衛門が開発し、その後各地で使われたケーソンの製作方式は以下のうちどれでしょうか。
① 海上に浮かべた浮きドックで作る方式
② 掘り込んだドックで製作し、完成したら海水を入れ浮かべる方式
③ 陸上で製作し、クレーンで吊り上げて設置する釣上げ方式
④ 陸上で製作し、海上に向けて滑り落とす進水方式
正解: ④ 陸上で製作し、海上に向けて滑り落とす進水方式"
R05-Q039,5,第5回,2009年3月29日,1級・2級共通,39,,選択,廣井勇のあと、小樽築港所長を務めた小樽港の育ての親とも言われる伊藤長右衛門の説明で間違っているものを一つ選びなさい。,伊藤長右衛門は福井県出身で日露戦争に従軍し勲章をもらっている,伊藤長右衛門は廣井勇の門下生で、東京帝国大学を卒業後北海道庁技師となり、その後小樽築港事務所長になった,伊藤長右衛門は後に勅任技師となり、北海道の土木事業を技術面から総括した,伊藤長右衛門の功績を讃える胸像は、小樽築港事務所で防波堤を見守るように建っている,④,伊藤長右衛門の功績を讃える胸像は、小樽築港事務所で防波堤を見守るように建っている,,,5-問題.pdf / 5_kaitou.pdf,"【第5回 おたる案内人検定 問39】
廣井勇のあと、小樽築港所長を務めた小樽港の育ての親とも言われる伊藤長右衛門の説明で間違っているものを一つ選びなさい。
① 伊藤長右衛門は福井県出身で日露戦争に従軍し勲章をもらっている
② 伊藤長右衛門は廣井勇の門下生で、東京帝国大学を卒業後北海道庁技師となり、その後小樽築港事務所長になった
③ 伊藤長右衛門は後に勅任技師となり、北海道の土木事業を技術面から総括した
④ 伊藤長右衛門の功績を讃える胸像は、小樽築港事務所で防波堤を見守るように建っている
正解: ④ 伊藤長右衛門の功績を讃える胸像は、小樽築港事務所で防波堤を見守るように建っている"
R05-Q040,5,第5回,2009年3月29日,1級・2級共通,40,,選択,幌内で発見された石炭が良質であることを理解し、幌内炭鉱の開発を推進した開拓使物産取調掛は誰だったでしょうか？,廣井勇,榎本武揚,黒田清隆,ライマン,②,榎本武揚,,,5-問題.pdf / 5_kaitou.pdf,"【第5回 おたる案内人検定 問40】
幌内で発見された石炭が良質であることを理解し、幌内炭鉱の開発を推進した開拓使物産取調掛は誰だったでしょうか？
① 廣井勇
② 榎本武揚
③ 黒田清隆
④ ライマン
正解: ② 榎本武揚"
R05-Q041,5,第5回,2009年3月29日,1級・2級共通,41,,選択,幌内で発見された良質の石炭をどうやって運び出すか、さまざまな意見がでますが、北海道の開拓顧問ケプロンと地質調査をしたライマンが最適とした運搬方法はどれでしょうか。,幌内川・石狩川で川舟を使用する方法,幌内―札幌―小樽での鉄道使用,幌内―室蘭での鉄道使用,幌内―江別までを水運、江別―小樽を鉄道を使用する併用案,③,幌内―室蘭での鉄道使用,,,5-問題.pdf / 5_kaitou.pdf,"【第5回 おたる案内人検定 問41】
幌内で発見された良質の石炭をどうやって運び出すか、さまざまな意見がでますが、北海道の開拓顧問ケプロンと地質調査をしたライマンが最適とした運搬方法はどれでしょうか。
① 幌内川・石狩川で川舟を使用する方法
② 幌内―札幌―小樽での鉄道使用
③ 幌内―室蘭での鉄道使用
④ 幌内―江別までを水運、江別―小樽を鉄道を使用する併用案
正解: ③ 幌内―室蘭での鉄道使用"
R05-Q042,5,第5回,2009年3月29日,1級・2級共通,42,,選択,北海道の最初の鉄道、幌内鉄道建設のために設けられた開拓使の部局はどれでしょうか。,工部省鉄道局,物産取調掛,炭山並鉄道管理局,煤田開採事務掛,④,煤田開採事務掛,,,5-問題.pdf / 5_kaitou.pdf,"【第5回 おたる案内人検定 問42】
北海道の最初の鉄道、幌内鉄道建設のために設けられた開拓使の部局はどれでしょうか。
① 工部省鉄道局
② 物産取調掛
③ 炭山並鉄道管理局
④ 煤田開採事務掛
正解: ④ 煤田開採事務掛"
R05-Q043,5,第5回,2009年3月29日,1級・2級共通,43,,記述,幌内鉄道が手宮－札幌間で開通した明治13年、手宮から札幌までの汽車の所要時間は約何時間だったでしょうか。,,,,,3時間,,,,5-問題.pdf / 5_kaitou.pdf,"【第5回 おたる案内人検定 問43】
幌内鉄道が手宮－札幌間で開通した明治13年、手宮から札幌までの汽車の所要時間は約何時間だったでしょうか。
正解: 3時間"
R05-Q044,5,第5回,2009年3月29日,1級・2級共通,44,,選択,北海道鉄道の開通により現在の小樽駅が開業しますが、この駅は次々と名称が変わっていきます。その変遷で正しい組み合わせは次のどれでしょうか。,小樽中央→稲穂→高島→小樽,小樽中央→北小樽→稲穂→小樽,小樽中央→稲穂→中央小樽→小樽,小樽中央→高島→中央小樽→小樽,④,小樽中央→高島→中央小樽→小樽,,,5-問題.pdf / 5_kaitou.pdf,"【第5回 おたる案内人検定 問44】
北海道鉄道の開通により現在の小樽駅が開業しますが、この駅は次々と名称が変わっていきます。その変遷で正しい組み合わせは次のどれでしょうか。
① 小樽中央→稲穂→高島→小樽
② 小樽中央→北小樽→稲穂→小樽
③ 小樽中央→稲穂→中央小樽→小樽
④ 小樽中央→高島→中央小樽→小樽
正解: ④ 小樽中央→高島→中央小樽→小樽"
R05-Q045,5,第5回,2009年3月29日,1級・2級共通,45,,選択,北海道鉄道は工区を分けて建設し各地で部分開業を行いながら全線開通を目指していきます。では現在の小樽市内の駅で最も早く開業した北海道鉄道の駅はどこでしょうか。,忍路,蘭島,塩谷,小樽中央,②,蘭島,,,5-問題.pdf / 5_kaitou.pdf,"【第5回 おたる案内人検定 問45】
北海道鉄道は工区を分けて建設し各地で部分開業を行いながら全線開通を目指していきます。では現在の小樽市内の駅で最も早く開業した北海道鉄道の駅はどこでしょうか。
① 忍路
② 蘭島
③ 塩谷
④ 小樽中央
正解: ② 蘭島"
R05-Q046,5,第5回,2009年3月29日,1級・2級共通,46,,記述,明治の時代に港の整備方法をめぐって大論争があったときに「艀を利用した運河式の方が便利である」と指摘し、その後の検討に大きな影響を与えた人は誰でしょう。,,,,,廣井勇,,,,5-問題.pdf / 5_kaitou.pdf,"【第5回 おたる案内人検定 問46】
明治の時代に港の整備方法をめぐって大論争があったときに「艀を利用した運河式の方が便利である」と指摘し、その後の検討に大きな影響を与えた人は誰でしょう。
正解: 廣井勇"
R05-Q047,5,第5回,2009年3月29日,1級・2級共通,47,,記述,幹線道路建設で石造倉庫の街並みが取り壊されたのが、小樽運河保存運動が立ち上がるきっかけとなったと言われますが、その石造倉庫群はどこにあったのでしょう。地区名（町名）で答えなさい。,,,,,有幌,,,,5-問題.pdf / 5_kaitou.pdf,"【第5回 おたる案内人検定 問47】
幹線道路建設で石造倉庫の街並みが取り壊されたのが、小樽運河保存運動が立ち上がるきっかけとなったと言われますが、その石造倉庫群はどこにあったのでしょう。地区名（町名）で答えなさい。
正解: 有幌"
R05-Q048,5,第5回,2009年3月29日,1級・2級共通,48,,選択,昭和48（1973）年12月に、このまま道路建設が進み運河が埋め立てられれば「小樽が小樽でなくなってしまう！」という思いから、保存運動の発起人会が発足します。その会の名称は次のどれでしょうか。,運河を守る会,小樽運河を愛する会,小樽運河を守る会,小樽運河を考える会,③,小樽運河を守る会,,,5-問題.pdf / 5_kaitou.pdf,"【第5回 おたる案内人検定 問48】
昭和48（1973）年12月に、このまま道路建設が進み運河が埋め立てられれば「小樽が小樽でなくなってしまう！」という思いから、保存運動の発起人会が発足します。その会の名称は次のどれでしょうか。
① 運河を守る会
② 小樽運河を愛する会
③ 小樽運河を守る会
④ 小樽運河を考える会
正解: ③ 小樽運河を守る会"
R05-Q049,5,第5回,2009年3月29日,1級・2級共通,49,,記述,昭和53（1978）年7月に、小樽の若者を中心に運河とその周辺の石造倉庫を舞台にした市民手づくりの祭りが行われ、小樽運河に市民の大きな関心を集めるきっかけとなりました。このお祭りの名前は何というでしょうか。,,,,,ポートフェスティバル・イン・オタル,,,,5-問題.pdf / 5_kaitou.pdf,"【第5回 おたる案内人検定 問49】
昭和53（1978）年7月に、小樽の若者を中心に運河とその周辺の石造倉庫を舞台にした市民手づくりの祭りが行われ、小樽運河に市民の大きな関心を集めるきっかけとなりました。このお祭りの名前は何というでしょうか。
正解: ポートフェスティバル・イン・オタル"
R05-Q050,5,第5回,2009年3月29日,1級・2級共通,50,,記述,江戸末期から明治10年代にかけて小樽で多くの人々がくらしていた場所は現在の信香町付近ですが、明治14年に発生した大火で小樽郡役所など多くの建物が焼失し、まちの中心は北の入船川沿いに移り、新しい市街地が形成されていきました。この大火があった当時の町名は何といいますか。,,,,,金曇町,,,,5-問題.pdf / 5_kaitou.pdf,"【第5回 おたる案内人検定 問50】
江戸末期から明治10年代にかけて小樽で多くの人々がくらしていた場所は現在の信香町付近ですが、明治14年に発生した大火で小樽郡役所など多くの建物が焼失し、まちの中心は北の入船川沿いに移り、新しい市街地が形成されていきました。この大火があった当時の町名は何といいますか。
正解: 金曇町"
R05-Q051,5,第5回,2009年3月29日,1級・2級共通,51,,選択,明治37年、現在の稲穂2丁目から出火した火の手は手宮まで及ぶ大火になりました。それを契機に市街地の主要な建物の構造は、木骨石造に変わりました。木骨石造とは、どのような構造をいうのでしょうか。,建物内部の骨組を石で造り、外壁の仕上材に木の板を用いる,建物内部の骨組を木で造り、外壁の仕上材に石を用いる,建物内部の骨組を鉄骨で造り、外壁の仕上材に石を用いる,建物内部の骨組と外壁を石で造る,②,建物内部の骨組を木で造り、外壁の仕上材に石を用いる,,,5-問題.pdf / 5_kaitou.pdf,"【第5回 おたる案内人検定 問51】
明治37年、現在の稲穂2丁目から出火した火の手は手宮まで及ぶ大火になりました。それを契機に市街地の主要な建物の構造は、木骨石造に変わりました。木骨石造とは、どのような構造をいうのでしょうか。
① 建物内部の骨組を石で造り、外壁の仕上材に木の板を用いる
② 建物内部の骨組を木で造り、外壁の仕上材に石を用いる
③ 建物内部の骨組を鉄骨で造り、外壁の仕上材に石を用いる
④ 建物内部の骨組と外壁を石で造る
正解: ② 建物内部の骨組を木で造り、外壁の仕上材に石を用いる"
R05-Q052,5,第5回,2009年3月29日,1級・2級共通,52,,記述,明治13年から建設した小樽の鉄道施設の特長は木造の西洋風建築でした。明治10年代後半に入船の陸橋、手宮の倉庫、機関車庫は防火を目的に、ある材質で建設されました。その材質とはなんでしょうか。,,,,,れんが,,,,5-問題.pdf / 5_kaitou.pdf,"【第5回 おたる案内人検定 問52】
明治13年から建設した小樽の鉄道施設の特長は木造の西洋風建築でした。明治10年代後半に入船の陸橋、手宮の倉庫、機関車庫は防火を目的に、ある材質で建設されました。その材質とはなんでしょうか。
正解: れんが"
R05-Q053-A,5,第5回,2009年3月29日,1級・2級共通,53,A,記述,（　）内に該当する語句を記入しなさい。旧手宮機関車庫は、わが国最古のれんが造の機関車庫です。この建物を設計した中心人物は、アメリカのレンセラー工科大学に留学し開拓使の技術者となった（　A　）です。彼は留学の知識と手宮での建築の経験を発展させ、札幌の（　B　）を設計しました。,,,,,平井晴二郎,,,,5-問題.pdf / 5_kaitou.pdf,"【第5回 おたる案内人検定 問53A】
（　）内に該当する語句を記入しなさい。旧手宮機関車庫は、わが国最古のれんが造の機関車庫です。この建物を設計した中心人物は、アメリカのレンセラー工科大学に留学し開拓使の技術者となった（　A　）です。彼は留学の知識と手宮での建築の経験を発展させ、札幌の（　B　）を設計しました。
正解: 平井晴二郎"
R05-Q053-B,5,第5回,2009年3月29日,1級・2級共通,53,B,記述,（　）内に該当する語句を記入しなさい。旧手宮機関車庫は、わが国最古のれんが造の機関車庫です。この建物を設計した中心人物は、アメリカのレンセラー工科大学に留学し開拓使の技術者となった（　A　）です。彼は留学の知識と手宮での建築の経験を発展させ、札幌の（　B　）を設計しました。,,,,,北海道庁旧本庁舎,,,,5-問題.pdf / 5_kaitou.pdf,"【第5回 おたる案内人検定 問53B】
（　）内に該当する語句を記入しなさい。旧手宮機関車庫は、わが国最古のれんが造の機関車庫です。この建物を設計した中心人物は、アメリカのレンセラー工科大学に留学し開拓使の技術者となった（　A　）です。彼は留学の知識と手宮での建築の経験を発展させ、札幌の（　B　）を設計しました。
正解: 北海道庁旧本庁舎"
R05-Q054,5,第5回,2009年3月29日,1級・2級共通,54,,選択,小樽市内に木骨石造の建物が多い理由で、間違っているのはどれでしょうか。,石の産地が近辺にある,木造の建築技術を必要としないので早くできる,すべての材料を石にするよりも工期が短く、建築費が安い,防火構造になる,②,木造の建築技術を必要としないので早くできる,,,5-問題.pdf / 5_kaitou.pdf,"【第5回 おたる案内人検定 問54】
小樽市内に木骨石造の建物が多い理由で、間違っているのはどれでしょうか。
① 石の産地が近辺にある
② 木造の建築技術を必要としないので早くできる
③ すべての材料を石にするよりも工期が短く、建築費が安い
④ 防火構造になる
正解: ② 木造の建築技術を必要としないので早くできる"
R05-Q055,5,第5回,2009年3月29日,1級・2級共通,55,,選択,次に示す3つの建物は、設計に工部大学校造家科（現、東京大学工学部建築学科の前身）の第一期卒業生が関与しました。A）旧日本郵船小樽支店（色内3丁目、明治39年）B）日本銀行旧小樽支店（色内1丁目、明治45年）C）旧三井銀行小樽支店（色内1丁目、昭和2年）それぞれの建物とその設計者、建築構造の組み合わせで、正しいものはどれでしょうか。,A）辰野金吾・れんが造／B）佐立七次郎・鉄筋コンクリート／C）片山東熊・石造,A）佐立七次郎・石造／B）辰野金吾・れんが造／C）曾禰達蔵・鉄骨鉄筋コンクリート,A）曾禰達蔵・鉄筋コンクリート／B）辰野金吾・石造／C）佐立七次郎・れんが造,A）佐立七次郎・石造／B）曾禰達蔵・鉄骨鉄筋コンクリート／C）辰野金吾・れんが造,②,A）佐立七次郎・石造／B）辰野金吾・れんが造／C）曾禰達蔵・鉄骨鉄筋コンクリート,,,5-問題.pdf / 5_kaitou.pdf,"【第5回 おたる案内人検定 問55】
次に示す3つの建物は、設計に工部大学校造家科（現、東京大学工学部建築学科の前身）の第一期卒業生が関与しました。A）旧日本郵船小樽支店（色内3丁目、明治39年）B）日本銀行旧小樽支店（色内1丁目、明治45年）C）旧三井銀行小樽支店（色内1丁目、昭和2年）それぞれの建物とその設計者、建築構造の組み合わせで、正しいものはどれでしょうか。
① A）辰野金吾・れんが造／B）佐立七次郎・鉄筋コンクリート／C）片山東熊・石造
② A）佐立七次郎・石造／B）辰野金吾・れんが造／C）曾禰達蔵・鉄骨鉄筋コンクリート
③ A）曾禰達蔵・鉄筋コンクリート／B）辰野金吾・石造／C）佐立七次郎・れんが造
④ A）佐立七次郎・石造／B）曾禰達蔵・鉄骨鉄筋コンクリート／C）辰野金吾・れんが造
正解: ② A）佐立七次郎・石造／B）辰野金吾・れんが造／C）曾禰達蔵・鉄骨鉄筋コンクリート"
R05-Q056,5,第5回,2009年3月29日,1級・2級共通,56,,記述,次の文章は、ある建物の特長を書いています。建物名はなんでしょうか。「御殿」は宿泊のために一の間、二の間、三の間が連なり、中でも一の間は床の間、違い棚を備え、天井を一段高く上げて格子を組み（折り上げ格天井）、最上位の部屋としての格式を現しています。,,,,,小樽区公会堂または小樽市公会堂,,,,5-問題.pdf / 5_kaitou.pdf,"【第5回 おたる案内人検定 問56】
次の文章は、ある建物の特長を書いています。建物名はなんでしょうか。「御殿」は宿泊のために一の間、二の間、三の間が連なり、中でも一の間は床の間、違い棚を備え、天井を一段高く上げて格子を組み（折り上げ格天井）、最上位の部屋としての格式を現しています。
正解: 小樽区公会堂または小樽市公会堂"
R05-Q057,5,第5回,2009年3月29日,1級・2級共通,57,,選択,大正10年代、旧三菱銀行・旧北海道拓殖銀行・旧第一銀行の各支店は、色内大通と緑山手通の交差点に建てられました。これらの建物の構造は、当時、わが国の主要な建築に採用され始めたものでした。さて、その建築構造は、次のどれでしょうか。,鉄骨鉄筋コンクリート造,鉄筋コンクリート造,れんが造,石造,②,鉄筋コンクリート造,,,5-問題.pdf / 5_kaitou.pdf,"【第5回 おたる案内人検定 問57】
大正10年代、旧三菱銀行・旧北海道拓殖銀行・旧第一銀行の各支店は、色内大通と緑山手通の交差点に建てられました。これらの建物の構造は、当時、わが国の主要な建築に採用され始めたものでした。さて、その建築構造は、次のどれでしょうか。
① 鉄骨鉄筋コンクリート造
② 鉄筋コンクリート造
③ れんが造
④ 石造
正解: ② 鉄筋コンクリート造"
R05-Q058,5,第5回,2009年3月29日,1級・2級共通,58,,記述,次の文章は大正期の住宅 和光荘の特長を表現しています。（　）には共通の語句が当てはまります。それは何でしょうか。和光荘（大正11年）の装飾は幾何学模様を生かす（　）の様式が取り入れられました。とくにパリを中心に流行の兆しがみられた（　）は先端の華やかな装飾でした。,,,,,アール・デコ,,,,5-問題.pdf / 5_kaitou.pdf,"【第5回 おたる案内人検定 問58】
次の文章は大正期の住宅 和光荘の特長を表現しています。（　）には共通の語句が当てはまります。それは何でしょうか。和光荘（大正11年）の装飾は幾何学模様を生かす（　）の様式が取り入れられました。とくにパリを中心に流行の兆しがみられた（　）は先端の華やかな装飾でした。
正解: アール・デコ"
R05-Q059,5,第5回,2009年3月29日,1級・2級共通,59,,選択,入船にある坂牛邸は建築家 フランク・ロイド・ライトに師事した田上義也が設計しました。このライトは東京のある有名ホテルを設計したことでも知られています。そのホテルとは次のどれでしょうか。,赤坂プリンスホテル,ヒルトン東京,帝国ホテル,ザ・リッツ・カールトン東京,③,帝国ホテル,,,5-問題.pdf / 5_kaitou.pdf,"【第5回 おたる案内人検定 問59】
入船にある坂牛邸は建築家 フランク・ロイド・ライトに師事した田上義也が設計しました。このライトは東京のある有名ホテルを設計したことでも知られています。そのホテルとは次のどれでしょうか。
① 赤坂プリンスホテル
② ヒルトン東京
③ 帝国ホテル
④ ザ・リッツ・カールトン東京
正解: ③ 帝国ホテル"
R05-Q060,5,第5回,2009年3月29日,1級・2級共通,60,,選択,旧安田銀行小樽支店（現：花ごころ）の特長は次のどれでしょうか。,一度解体してから同じ形に再建した,創建以来、同じ位置に建っている,道路拡幅のため、現在の位置に移動した,耐震構造にするため、木造を鉄骨で補強した,③,道路拡幅のため、現在の位置に移動した,,,5-問題.pdf / 5_kaitou.pdf,"【第5回 おたる案内人検定 問60】
旧安田銀行小樽支店（現：花ごころ）の特長は次のどれでしょうか。
① 一度解体してから同じ形に再建した
② 創建以来、同じ位置に建っている
③ 道路拡幅のため、現在の位置に移動した
④ 耐震構造にするため、木造を鉄骨で補強した
正解: ③ 道路拡幅のため、現在の位置に移動した"
R05-Q061,5,第5回,2009年3月29日,1級・2級共通,61,,選択,景勝地オタモイ海岸の断崖絶壁に蛇の目寿司の加藤秋太郎は絶景を楽しむ料亭を建てました。昭和9年に完成し、その後昭和27年に焼失したこの建物は次のどれでしょうか。,龍雲閣,蛇龍閣,天宮閣,龍宮閣,④,龍宮閣,,,5-問題.pdf / 5_kaitou.pdf,"【第5回 おたる案内人検定 問61】
景勝地オタモイ海岸の断崖絶壁に蛇の目寿司の加藤秋太郎は絶景を楽しむ料亭を建てました。昭和9年に完成し、その後昭和27年に焼失したこの建物は次のどれでしょうか。
① 龍雲閣
② 蛇龍閣
③ 天宮閣
④ 龍宮閣
正解: ④ 龍宮閣"
R05-Q062,5,第5回,2009年3月29日,1級・2級共通,62,,選択,イギリスの田園都市の計画思想にもとづいて設計された小樽市内の地区と関連するものは次のどれでしょうか。,望洋パークタウンの住宅,桜町のロータリー,堺町メルヘン交差点の常夜灯,セピア通り,②,桜町のロータリー,,,5-問題.pdf / 5_kaitou.pdf,"【第5回 おたる案内人検定 問62】
イギリスの田園都市の計画思想にもとづいて設計された小樽市内の地区と関連するものは次のどれでしょうか。
① 望洋パークタウンの住宅
② 桜町のロータリー
③ 堺町メルヘン交差点の常夜灯
④ セピア通り
正解: ② 桜町のロータリー"
R05-Q063-A,5,第5回,2009年3月29日,1級・2級共通,63,A,選択,（　）内に該当する語句を選びなさい。平成4年、小樽市内で活躍する職人が「職人業の継承」や共同研究開発を目的として（　A　）を設立しました。その後、（　A　）が母体となり、平成13年に（　B　）が設立されました。,小樽職人倶楽部,小樽職人研究会,小樽職人大學校,小樽職人の会,④,小樽職人の会,,,5-問題.pdf / 5_kaitou.pdf,"【第5回 おたる案内人検定 問63A】
（　）内に該当する語句を選びなさい。平成4年、小樽市内で活躍する職人が「職人業の継承」や共同研究開発を目的として（　A　）を設立しました。その後、（　A　）が母体となり、平成13年に（　B　）が設立されました。
① 小樽職人倶楽部
② 小樽職人研究会
③ 小樽職人大學校
④ 小樽職人の会
正解: ④ 小樽職人の会"
R05-Q063-B,5,第5回,2009年3月29日,1級・2級共通,63,B,選択,（　）内に該当する語句を選びなさい。平成4年、小樽市内で活躍する職人が「職人業の継承」や共同研究開発を目的として（　A　）を設立しました。その後、（　A　）が母体となり、平成13年に（　B　）が設立されました。,北海道職人義塾大學校,小樽職人義塾大學校,北海道職人養成大学校,小樽職人養成大学校,①,北海道職人義塾大學校,,,5-問題.pdf / 5_kaitou.pdf,"【第5回 おたる案内人検定 問63B】
（　）内に該当する語句を選びなさい。平成4年、小樽市内で活躍する職人が「職人業の継承」や共同研究開発を目的として（　A　）を設立しました。その後、（　A　）が母体となり、平成13年に（　B　）が設立されました。
① 北海道職人義塾大學校
② 小樽職人義塾大學校
③ 北海道職人養成大学校
④ 小樽職人養成大学校
正解: ① 北海道職人義塾大學校"
R05-Q064,5,第5回,2009年3月29日,1級・2級共通,64,,選択,オルゴールの語源はオランダ語のオルゲルから転化したものといわれています。オルゴールが日本に入ってきた当時、オルゴールにあてていた日本字は次のどれでしょうか。,自鳴弦,自奏盤,自鳴琴,自鳴盤,③,自鳴琴,,,5-問題.pdf / 5_kaitou.pdf,"【第5回 おたる案内人検定 問64】
オルゴールの語源はオランダ語のオルゲルから転化したものといわれています。オルゴールが日本に入ってきた当時、オルゴールにあてていた日本字は次のどれでしょうか。
① 自鳴弦
② 自奏盤
③ 自鳴琴
④ 自鳴盤
正解: ③ 自鳴琴"
R05-Q065,5,第5回,2009年3月29日,1級・2級共通,65,,記述,昭和40年代に小樽のレトロブームの火付け役となったのは稲穂町で馬そりにランプをディスプレイしていたある店でした。その店名（または社名）は何といいますか。,,,,,北一硝子,,,,5-問題.pdf / 5_kaitou.pdf,"【第5回 おたる案内人検定 問65】
昭和40年代に小樽のレトロブームの火付け役となったのは稲穂町で馬そりにランプをディスプレイしていたある店でした。その店名（または社名）は何といいますか。
正解: 北一硝子"
R05-Q066,5,第5回,2009年3月29日,1級・2級共通,66,,選択,風景画家、中村善策は同じ写生地を執拗に数十回も訪れ、その風景を消化し、構図を練り上げ、色彩を輝かせて風景まるごとの生命力をとらえました。この中村善策の制作に対するとりくみは何と呼ばれたでしょうか。,印象主義,行動主義,実証主義,現場主義,④,現場主義,,,5-問題.pdf / 5_kaitou.pdf,"【第5回 おたる案内人検定 問66】
風景画家、中村善策は同じ写生地を執拗に数十回も訪れ、その風景を消化し、構図を練り上げ、色彩を輝かせて風景まるごとの生命力をとらえました。この中村善策の制作に対するとりくみは何と呼ばれたでしょうか。
① 印象主義
② 行動主義
③ 実証主義
④ 現場主義
正解: ④ 現場主義"
R05-Q067,5,第5回,2009年3月29日,1級・2級共通,67,,選択,中村善策は生前から小樽市に作品を寄贈し、かつては市民会館で公開されていましたが、市立小樽美術館が開館した昭和54年に作品が移管され、美術館の1階に展示場ができました。この展示場の名称は次のどれでしょうか。,中村記念会館,中村善策メモリアルホール,中村善策記念ホール,中村記念ホール,③,中村善策記念ホール,,,5-問題.pdf / 5_kaitou.pdf,"【第5回 おたる案内人検定 問67】
中村善策は生前から小樽市に作品を寄贈し、かつては市民会館で公開されていましたが、市立小樽美術館が開館した昭和54年に作品が移管され、美術館の1階に展示場ができました。この展示場の名称は次のどれでしょうか。
① 中村記念会館
② 中村善策メモリアルホール
③ 中村善策記念ホール
④ 中村記念ホール
正解: ③ 中村善策記念ホール"
R05-Q068,5,第5回,2009年3月29日,1級・2級共通,68,,記述,少年期に小樽に移住し、小樽地方貯金局に勤務しながら版画制作をはじめた、小樽在住で国際的にも評価の高い版画家といえばだれでしょうか。,,,,,一原有徳,,,,5-問題.pdf / 5_kaitou.pdf,"【第5回 おたる案内人検定 問68】
少年期に小樽に移住し、小樽地方貯金局に勤務しながら版画制作をはじめた、小樽在住で国際的にも評価の高い版画家といえばだれでしょうか。
正解: 一原有徳"
R05-Q069,5,第5回,2009年3月29日,1級・2級共通,69,,選択,小林多喜二の名前を一躍有名にした第1作目の題名は次のどれでしょうか。,蟹工船,不在地主,一九二八年三月十五日,幽鬼の街,③,一九二八年三月十五日,,,5-問題.pdf / 5_kaitou.pdf,"【第5回 おたる案内人検定 問69】
小林多喜二の名前を一躍有名にした第1作目の題名は次のどれでしょうか。
① 蟹工船
② 不在地主
③ 一九二八年三月十五日
④ 幽鬼の街
正解: ③ 一九二八年三月十五日"
R05-Q070,5,第5回,2009年3月29日,1級・2級共通,70,,選択,伊藤整は明治38年、松前郡に生まれました。まもなく小樽近郊の塩谷村に移住後、小樽中学校に入学しました。この中学校は現在、次のどれでしょうか。,小樽潮陵高校,小樽商業高校,小樽長橋中学校,小樽西陵中学校,①,小樽潮陵高校,,,5-問題.pdf / 5_kaitou.pdf,"【第5回 おたる案内人検定 問70】
伊藤整は明治38年、松前郡に生まれました。まもなく小樽近郊の塩谷村に移住後、小樽中学校に入学しました。この中学校は現在、次のどれでしょうか。
① 小樽潮陵高校
② 小樽商業高校
③ 小樽長橋中学校
④ 小樽西陵中学校
正解: ① 小樽潮陵高校"
R05-Q071,5,第5回,2009年3月29日,1級・2級共通,71,,選択,ある作家の碑文です。この文学碑がある場所はどこでしょうか。「子を負いて　雪の吹き入る停車場に　われ見送りし妻の眉かな」,水天宮境内,小樽公園,旭展望台,小樽駅前三角市場,④,小樽駅前三角市場,,,5-問題.pdf / 5_kaitou.pdf,"【第5回 おたる案内人検定 問71】
ある作家の碑文です。この文学碑がある場所はどこでしょうか。「子を負いて　雪の吹き入る停車場に　われ見送りし妻の眉かな」
① 水天宮境内
② 小樽公園
③ 旭展望台
④ 小樽駅前三角市場
正解: ④ 小樽駅前三角市場"
R05-Q072,5,第5回,2009年3月29日,1級・2級共通,72,,選択,「夏休みになると／おれたちは道ばたの／ざっぱ木を拾い拾い赤岩ポントマルへ／毛コのはえた兄分は褌／おれたちはふりちん／・・・」この碑文は祝津の鰊御殿そばにあります。次のだれの文学碑でしょうか。,八田尚之,高浜年尾,田中五呂八,並木凡平,①,八田尚之,,,5-問題.pdf / 5_kaitou.pdf,"【第5回 おたる案内人検定 問72】
「夏休みになると／おれたちは道ばたの／ざっぱ木を拾い拾い赤岩ポントマルへ／毛コのはえた兄分は褌／おれたちはふりちん／・・・」この碑文は祝津の鰊御殿そばにあります。次のだれの文学碑でしょうか。
① 八田尚之
② 高浜年尾
③ 田中五呂八
④ 並木凡平
正解: ① 八田尚之"
R05-Q073,5,第5回,2009年3月29日,1級・2級共通,73,,記述,手宮公園には北海道の美林に指定され、実生自然繁殖と考えられる貴重な自然林がありますが、その樹種とは何でしょうか。,,,,,栗,,,,5-問題.pdf / 5_kaitou.pdf,"【第5回 おたる案内人検定 問73】
手宮公園には北海道の美林に指定され、実生自然繁殖と考えられる貴重な自然林がありますが、その樹種とは何でしょうか。
正解: 栗"
R05-Q074,5,第5回,2009年3月29日,1級・2級共通,74,,選択,JR小樽駅の北側に「船見坂」があります。市内でも屈指の急な坂です。その勾配は次のどれでしょうか。,25%,20%,15%,10%,③,15%,,,5-問題.pdf / 5_kaitou.pdf,"【第5回 おたる案内人検定 問74】
JR小樽駅の北側に「船見坂」があります。市内でも屈指の急な坂です。その勾配は次のどれでしょうか。
① 25%
② 20%
③ 15%
④ 10%
正解: ③ 15%"
R05-Q075,5,第5回,2009年3月29日,1級・2級共通,75,,選択,「外人坂」と呼ばれる坂があります。次のどの坂をいうのでしょうか。,水天宮から寿原邸を通り、旧堺小学校横を通る坂,水天宮から石段を下り、右手に小樽聖公会を見てJR陸橋までの坂,水天宮から南側の相生町、入船町側に下る細い坂,水天宮から海側に下る坂で港が見える坂,④,水天宮から海側に下る坂で港が見える坂,,,5-問題.pdf / 5_kaitou.pdf,"【第5回 おたる案内人検定 問75】
「外人坂」と呼ばれる坂があります。次のどの坂をいうのでしょうか。
① 水天宮から寿原邸を通り、旧堺小学校横を通る坂
② 水天宮から石段を下り、右手に小樽聖公会を見てJR陸橋までの坂
③ 水天宮から南側の相生町、入船町側に下る細い坂
④ 水天宮から海側に下る坂で港が見える坂
正解: ④ 水天宮から海側に下る坂で港が見える坂"
R05-Q076-A,5,第5回,2009年3月29日,1級・2級共通,76,A,記述,小樽の通り名の由来を表した文章です。（　）内に当てはまる語句を記入しなさい。この一帯の大地主だった（　A　）の号の「せいおく」に由来しており、（　B　）通りと呼ばれています。,,,,,北垣国道,,,,5-問題.pdf / 5_kaitou.pdf,"【第5回 おたる案内人検定 問76A】
小樽の通り名の由来を表した文章です。（　）内に当てはまる語句を記入しなさい。この一帯の大地主だった（　A　）の号の「せいおく」に由来しており、（　B　）通りと呼ばれています。
正解: 北垣国道"
R05-Q076-B,5,第5回,2009年3月29日,1級・2級共通,76,B,記述,小樽の通り名の由来を表した文章です。（　）内に当てはまる語句を記入しなさい。この一帯の大地主だった（　A　）の号の「せいおく」に由来しており、（　B　）通りと呼ばれています。,,,,,静屋,,,,5-問題.pdf / 5_kaitou.pdf,"【第5回 おたる案内人検定 問76B】
小樽の通り名の由来を表した文章です。（　）内に当てはまる語句を記入しなさい。この一帯の大地主だった（　A　）の号の「せいおく」に由来しており、（　B　）通りと呼ばれています。
正解: 静屋"
R05-Q077,5,第5回,2009年3月29日,1級・2級共通,77,,選択,小樽市の花と木の組み合わせで正しいのはどれですか。,ツツジとサクラ,ツツジとシラカンバ,ライラックとシラカンバ,サクラとシラカンバ,②,ツツジとシラカンバ,,,5-問題.pdf / 5_kaitou.pdf,"【第5回 おたる案内人検定 問77】
小樽市の花と木の組み合わせで正しいのはどれですか。
① ツツジとサクラ
② ツツジとシラカンバ
③ ライラックとシラカンバ
④ サクラとシラカンバ
正解: ② ツツジとシラカンバ"
R05-Q078,5,第5回,2009年3月29日,1級・2級共通,78,,選択,小樽は水のおいしいまちですが、そのおいしい理由と関係のないのはどれでしょうか。,ミネラル分を適度にバランスよく含んでいる,山坂が多く東西に長い地形のため人口の割には水道施設が多く、水道施設内に水が止まっている時間が短いから,気温が低いためおいしく感じるから,豊な自然と水源環境に恵まれ原水の水質が良好である,③,気温が低いためおいしく感じるから,,,5-問題.pdf / 5_kaitou.pdf,"【第5回 おたる案内人検定 問78】
小樽は水のおいしいまちですが、そのおいしい理由と関係のないのはどれでしょうか。
① ミネラル分を適度にバランスよく含んでいる
② 山坂が多く東西に長い地形のため人口の割には水道施設が多く、水道施設内に水が止まっている時間が短いから
③ 気温が低いためおいしく感じるから
④ 豊な自然と水源環境に恵まれ原水の水質が良好である
正解: ③ 気温が低いためおいしく感じるから"
R05-Q079,5,第5回,2009年3月29日,1級・2級共通,79,,記述,次の（　）内に当てはまる語句を記入しなさい。近年、この一帯は（　）の里と呼ばれ小樽を代表する温泉やスキー場があり、地域のイベント活動や冬の「雪あかりの路」の会場にもなっています。,,,,,ゆらぎ,,,,5-問題.pdf / 5_kaitou.pdf,"【第5回 おたる案内人検定 問79】
次の（　）内に当てはまる語句を記入しなさい。近年、この一帯は（　）の里と呼ばれ小樽を代表する温泉やスキー場があり、地域のイベント活動や冬の「雪あかりの路」の会場にもなっています。
正解: ゆらぎ"
R05-Q080,5,第5回,2009年3月29日,1級・2級共通,80,,選択,小樽の歴史と風土に調和した都市景観をつくり出している建築物や活動などを表彰することにより、都市環境の向上と市民のまちづくりへの理解を深めることを目的とした賞の名称は何ですか。,小樽都市景観賞,小樽市都市建築賞,小樽市都市景観賞,小樽市都市再生賞,③,小樽市都市景観賞,,,5-問題.pdf / 5_kaitou.pdf,"【第5回 おたる案内人検定 問80】
小樽の歴史と風土に調和した都市景観をつくり出している建築物や活動などを表彰することにより、都市環境の向上と市民のまちづくりへの理解を深めることを目的とした賞の名称は何ですか。
① 小樽都市景観賞
② 小樽市都市建築賞
③ 小樽市都市景観賞
④ 小樽市都市再生賞
正解: ③ 小樽市都市景観賞"
R05-Q081,5,第5回,2009年3月29日,1級・2級共通,81,,記述,信香町とともに明治3年、開拓使より命名された小樽最古の町名です。原名はアイヌ語のアッチナイといわれています。その町名とはなんでしょうか。,,,,,勝納町,,,,5-問題.pdf / 5_kaitou.pdf,"【第5回 おたる案内人検定 問81】
信香町とともに明治3年、開拓使より命名された小樽最古の町名です。原名はアイヌ語のアッチナイといわれています。その町名とはなんでしょうか。
正解: 勝納町"
R05-Q082,5,第5回,2009年3月29日,1級・2級共通,82,,選択,小樽市の姉妹都市として正しい組み合わせは次のどれでしょうか。,ロシアのナホトカ市とオーストラリアのダニーデン市,アラスカのナホトカ市とニュージーランドのダニーデン市,中国の瀋陽市とニュージーランドのダニーデン市,ロシアのナホトカ市とニュージーランドのダニーデン市,④,ロシアのナホトカ市とニュージーランドのダニーデン市,,,5-問題.pdf / 5_kaitou.pdf,"【第5回 おたる案内人検定 問82】
小樽市の姉妹都市として正しい組み合わせは次のどれでしょうか。
① ロシアのナホトカ市とオーストラリアのダニーデン市
② アラスカのナホトカ市とニュージーランドのダニーデン市
③ 中国の瀋陽市とニュージーランドのダニーデン市
④ ロシアのナホトカ市とニュージーランドのダニーデン市
正解: ④ ロシアのナホトカ市とニュージーランドのダニーデン市"
R05-Q083,5,第5回,2009年3月29日,1級・2級共通,83,,選択,小樽市内の「市場」の説明をしています。どこの市場でしょうか。昭和30年頃、手宮の朝市や漁場から仕入れた行商のガンガン部隊が集まって、次第に商店化していきました。,入船市場,妙見市場,手宮市場,三角市場,④,三角市場,,,5-問題.pdf / 5_kaitou.pdf,"【第5回 おたる案内人検定 問83】
小樽市内の「市場」の説明をしています。どこの市場でしょうか。昭和30年頃、手宮の朝市や漁場から仕入れた行商のガンガン部隊が集まって、次第に商店化していきました。
① 入船市場
② 妙見市場
③ 手宮市場
④ 三角市場
正解: ④ 三角市場"
R05-Q084,5,第5回,2009年3月29日,1級・2級共通,84,,選択,次の菓子店で小樽での創業の古い順（左から）として正しいのはどれでしょうか。,旧吉乃屋・・澤の露・・花月堂,旧吉乃屋・・花月堂・・澤の露,澤の露・・旧吉乃屋・・花月堂,澤の露・・花月堂・・旧吉乃屋,②,旧吉乃屋・・花月堂・・澤の露,,,5-問題.pdf / 5_kaitou.pdf,"【第5回 おたる案内人検定 問84】
次の菓子店で小樽での創業の古い順（左から）として正しいのはどれでしょうか。
① 旧吉乃屋・・澤の露・・花月堂
② 旧吉乃屋・・花月堂・・澤の露
③ 澤の露・・旧吉乃屋・・花月堂
④ 澤の露・・花月堂・・旧吉乃屋
正解: ② 旧吉乃屋・・花月堂・・澤の露"
R05-Q085,5,第5回,2009年3月29日,1級・2級共通,85,,選択,次の文章は市内の酒造会社の建物を表したものです。この酒造会社は次のどれでしょうか。明治12年創業で大吟醸「雪中花」でおなじみ。本社社屋は昭和3年建築で市歴史的建造物に指定されています。,北の誉酒造,曲イ田中酒造,山二わたなべ,雪の花酒造,③,山二わたなべ,,,5-問題.pdf / 5_kaitou.pdf,"【第5回 おたる案内人検定 問85】
次の文章は市内の酒造会社の建物を表したものです。この酒造会社は次のどれでしょうか。明治12年創業で大吟醸「雪中花」でおなじみ。本社社屋は昭和3年建築で市歴史的建造物に指定されています。
① 北の誉酒造
② 曲イ田中酒造
③ 山二わたなべ
④ 雪の花酒造
正解: ③ 山二わたなべ"
R05-Q086,5,第5回,2009年3月29日,1級・2級共通,86,,選択,次の文化財で、道指定有形文化財はどれでしょうか。,木造五百羅漢像,旧手宮鉄道施設,日本銀行旧小樽支店,木造聖観音立像,①,木造五百羅漢像,,,5-問題.pdf / 5_kaitou.pdf,"【第5回 おたる案内人検定 問86】
次の文化財で、道指定有形文化財はどれでしょうか。
① 木造五百羅漢像
② 旧手宮鉄道施設
③ 日本銀行旧小樽支店
④ 木造聖観音立像
正解: ① 木造五百羅漢像"
R05-Q087,5,第5回,2009年3月29日,1級・2級共通,87,,選択,人名と神社の組み合わせで正しいのは、次のどれでしょうか。,西川伝右衛門と龍宮神社,榎本武揚と住吉神社,黒田清隆と忍路神社,榎本武揚と龍宮神社,④,榎本武揚と龍宮神社,,,5-問題.pdf / 5_kaitou.pdf,"【第5回 おたる案内人検定 問87】
人名と神社の組み合わせで正しいのは、次のどれでしょうか。
① 西川伝右衛門と龍宮神社
② 榎本武揚と住吉神社
③ 黒田清隆と忍路神社
④ 榎本武揚と龍宮神社
正解: ④ 榎本武揚と龍宮神社"
R05-Q088,5,第5回,2009年3月29日,1級・2級共通,88,,記述,後志沿岸9市町村はいずれも鰊で集落が誕生しました。その中で「村」は島牧村、泊村とあと一つは何村でしょうか。,,,,,神恵内村,,,,5-問題.pdf / 5_kaitou.pdf,"【第5回 おたる案内人検定 問88】
後志沿岸9市町村はいずれも鰊で集落が誕生しました。その中で「村」は島牧村、泊村とあと一つは何村でしょうか。
正解: 神恵内村"
R05-Q089-A,5,第5回,2009年3月29日,1級・2級共通,89,A,選択,下記文章の各空欄を、それぞれ同じ符号の項目4つのうちから適切なものを選び、なさい。小樽は土地特有の浜言葉や（　A　）は、文化の違う人々には、時として不愉快に映ることもよくあるようですが、そこに（　B　）と気さくな（　C　）があれば、旅は印象深く魅力的に彩られることでしょう。心のこもった（　B　）と、ちょっとした（　C　）は、最小にして最大の（　D　）です。,服装,表現の仕方,ぶっきらぼうな態度,挨拶の仕方,③,ぶっきらぼうな態度,,,5-問題.pdf / 5_kaitou.pdf,"【第5回 おたる案内人検定 問89A】
下記文章の各空欄を、それぞれ同じ符号の項目4つのうちから適切なものを選び、なさい。小樽は土地特有の浜言葉や（　A　）は、文化の違う人々には、時として不愉快に映ることもよくあるようですが、そこに（　B　）と気さくな（　C　）があれば、旅は印象深く魅力的に彩られることでしょう。心のこもった（　B　）と、ちょっとした（　C　）は、最小にして最大の（　D　）です。
① 服装
② 表現の仕方
③ ぶっきらぼうな態度
④ 挨拶の仕方
正解: ③ ぶっきらぼうな態度"
R05-Q089-B,5,第5回,2009年3月29日,1級・2級共通,89,B,選択,下記文章の各空欄を、それぞれ同じ符号の項目4つのうちから適切なものを選び、なさい。小樽は土地特有の浜言葉や（　A　）は、文化の違う人々には、時として不愉快に映ることもよくあるようですが、そこに（　B　）と気さくな（　C　）があれば、旅は印象深く魅力的に彩られることでしょう。心のこもった（　B　）と、ちょっとした（　C　）は、最小にして最大の（　D　）です。,笑顔,愛情,親切,アイディア,①,笑顔,,,5-問題.pdf / 5_kaitou.pdf,"【第5回 おたる案内人検定 問89B】
下記文章の各空欄を、それぞれ同じ符号の項目4つのうちから適切なものを選び、なさい。小樽は土地特有の浜言葉や（　A　）は、文化の違う人々には、時として不愉快に映ることもよくあるようですが、そこに（　B　）と気さくな（　C　）があれば、旅は印象深く魅力的に彩られることでしょう。心のこもった（　B　）と、ちょっとした（　C　）は、最小にして最大の（　D　）です。
① 笑顔
② 愛情
③ 親切
④ アイディア
正解: ① 笑顔"
R05-Q089-C,5,第5回,2009年3月29日,1級・2級共通,89,C,選択,下記文章の各空欄を、それぞれ同じ符号の項目4つのうちから適切なものを選び、なさい。小樽は土地特有の浜言葉や（　A　）は、文化の違う人々には、時として不愉快に映ることもよくあるようですが、そこに（　B　）と気さくな（　C　）があれば、旅は印象深く魅力的に彩られることでしょう。心のこもった（　B　）と、ちょっとした（　C　）は、最小にして最大の（　D　）です。,プレゼント,仕掛け,手紙,声がけ,④,声がけ,,,5-問題.pdf / 5_kaitou.pdf,"【第5回 おたる案内人検定 問89C】
下記文章の各空欄を、それぞれ同じ符号の項目4つのうちから適切なものを選び、なさい。小樽は土地特有の浜言葉や（　A　）は、文化の違う人々には、時として不愉快に映ることもよくあるようですが、そこに（　B　）と気さくな（　C　）があれば、旅は印象深く魅力的に彩られることでしょう。心のこもった（　B　）と、ちょっとした（　C　）は、最小にして最大の（　D　）です。
① プレゼント
② 仕掛け
③ 手紙
④ 声がけ
正解: ④ 声がけ"
R05-Q089-D,5,第5回,2009年3月29日,1級・2級共通,89,D,選択,下記文章の各空欄を、それぞれ同じ符号の項目4つのうちから適切なものを選び、なさい。小樽は土地特有の浜言葉や（　A　）は、文化の違う人々には、時として不愉快に映ることもよくあるようですが、そこに（　B　）と気さくな（　C　）があれば、旅は印象深く魅力的に彩られることでしょう。心のこもった（　B　）と、ちょっとした（　C　）は、最小にして最大の（　D　）です。,おもいやり,おくりもの,喜び,おもてなし,④,おもてなし,,,5-問題.pdf / 5_kaitou.pdf,"【第5回 おたる案内人検定 問89D】
下記文章の各空欄を、それぞれ同じ符号の項目4つのうちから適切なものを選び、なさい。小樽は土地特有の浜言葉や（　A　）は、文化の違う人々には、時として不愉快に映ることもよくあるようですが、そこに（　B　）と気さくな（　C　）があれば、旅は印象深く魅力的に彩られることでしょう。心のこもった（　B　）と、ちょっとした（　C　）は、最小にして最大の（　D　）です。
① おもいやり
② おくりもの
③ 喜び
④ おもてなし
正解: ④ おもてなし"
R05-Q090-A,5,第5回,2009年3月29日,1級・2級共通,90,A,選択,（　）内に該当する語句を記入しなさい。ガイドをするための基本的なマニュアルができたら、自分なりの感性を添えてみましょう。ただしあくまでも（　A　）を見ながら、（　B　）や（　C　）にならないように気をつけましょう。,お客様の反応,場の雰囲気,相手との違い,自分の様子,①,お客様の反応,,,5-問題.pdf / 5_kaitou.pdf,"【第5回 おたる案内人検定 問90A】
（　）内に該当する語句を記入しなさい。ガイドをするための基本的なマニュアルができたら、自分なりの感性を添えてみましょう。ただしあくまでも（　A　）を見ながら、（　B　）や（　C　）にならないように気をつけましょう。
① お客様の反応
② 場の雰囲気
③ 相手との違い
④ 自分の様子
正解: ① お客様の反応"
R05-Q090-B,5,第5回,2009年3月29日,1級・2級共通,90,B,選択,（　）内に該当する語句を記入しなさい。ガイドをするための基本的なマニュアルができたら、自分なりの感性を添えてみましょう。ただしあくまでも（　A　）を見ながら、（　B　）や（　C　）にならないように気をつけましょう。,知識のひけらかし,知識の掘り下げ,知識の受け売り,知識の錯綜,①,知識のひけらかし,,,5-問題.pdf / 5_kaitou.pdf,"【第5回 おたる案内人検定 問90B】
（　）内に該当する語句を記入しなさい。ガイドをするための基本的なマニュアルができたら、自分なりの感性を添えてみましょう。ただしあくまでも（　A　）を見ながら、（　B　）や（　C　）にならないように気をつけましょう。
① 知識のひけらかし
② 知識の掘り下げ
③ 知識の受け売り
④ 知識の錯綜
正解: ① 知識のひけらかし"
R05-Q090-C,5,第5回,2009年3月29日,1級・2級共通,90,C,選択,（　）内に該当する語句を記入しなさい。ガイドをするための基本的なマニュアルができたら、自分なりの感性を添えてみましょう。ただしあくまでも（　A　）を見ながら、（　B　）や（　C　）にならないように気をつけましょう。,説明不足,自己満足,勝手な解釈,自慢の押し付け,④,自慢の押し付け,,,5-問題.pdf / 5_kaitou.pdf,"【第5回 おたる案内人検定 問90C】
（　）内に該当する語句を記入しなさい。ガイドをするための基本的なマニュアルができたら、自分なりの感性を添えてみましょう。ただしあくまでも（　A　）を見ながら、（　B　）や（　C　）にならないように気をつけましょう。
① 説明不足
② 自己満足
③ 勝手な解釈
④ 自慢の押し付け
正解: ④ 自慢の押し付け"
R23-Q001,23,第23回,2026-03-08,1級・2級共通,1,,記述,小樽のまちの変遷として「場所」、「村並」から「郡」へと変わっていきます。小樽が「郡」となったのは何年でしょうか。,,,,,明治2年または1869年,,,,23-問題.pdf / 23_回答.pdf,"【第23回 おたる案内人検定 問1】
小樽のまちの変遷として「場所」、「村並」から「郡」へと変わっていきます。小樽が「郡」となったのは何年でしょうか。
正解: 明治2年または1869年"
R23-Q002,23,第23回,2026-03-08,1級・2級共通,2,,選択,小樽が「村並」になった時代、定住者が増えていったおもな理由は次のどれでしょうか。,北前船がたくさん寄港するようになった,鰊漁の出稼ぎなどで東北地方、近江、松前から人が移り住んだ,アイヌの人々の定住者が増えた,倒幕運動から逃れてきた,②,鰊漁の出稼ぎなどで東北地方、近江、松前から人が移り住んだ,,,23-問題.pdf / 23_回答.pdf,"【第23回 おたる案内人検定 問2】
小樽が「村並」になった時代、定住者が増えていったおもな理由は次のどれでしょうか。
① 北前船がたくさん寄港するようになった
② 鰊漁の出稼ぎなどで東北地方、近江、松前から人が移り住んだ
③ アイヌの人々の定住者が増えた
④ 倒幕運動から逃れてきた
正解: ② 鰊漁の出稼ぎなどで東北地方、近江、松前から人が移り住んだ"
R23-Q003-A,23,第23回,2026-03-08,1級・2級共通,3,A,記述,（ ）内に該当する語句を書きなさい。問1の年、もう2つの大きな出来事がありました。一つは（A）から北海道へ改称。もう一つは（B）の廃止により誰もが漁場を開拓できるようになりました。,,,,,蝦夷地,,,,23-問題.pdf / 23_回答.pdf,"【第23回 おたる案内人検定 問3A】
（ ）内に該当する語句を書きなさい。問1の年、もう2つの大きな出来事がありました。一つは（A）から北海道へ改称。もう一つは（B）の廃止により誰もが漁場を開拓できるようになりました。
正解: 蝦夷地"
R23-Q003-B,23,第23回,2026-03-08,1級・2級共通,3,B,記述,（ ）内に該当する語句を書きなさい。問1の年、もう2つの大きな出来事がありました。一つは（A）から北海道へ改称。もう一つは（B）の廃止により誰もが漁場を開拓できるようになりました。,,,,,場所請負制,,,,23-問題.pdf / 23_回答.pdf,"【第23回 おたる案内人検定 問3B】
（ ）内に該当する語句を書きなさい。問1の年、もう2つの大きな出来事がありました。一つは（A）から北海道へ改称。もう一つは（B）の廃止により誰もが漁場を開拓できるようになりました。
正解: 場所請負制"
R23-Q004,23,第23回,2026-03-08,1級・2級共通,4,,選択,次の4人のなかで「北海道」という名称に改称される際、大きく関わった人物は次のどれでしょうか。,土方歳三,松浦武四郎,黒田清隆,榎本武揚,②,松浦武四郎,,,23-問題.pdf / 23_回答.pdf,"【第23回 おたる案内人検定 問4】
次の4人のなかで「北海道」という名称に改称される際、大きく関わった人物は次のどれでしょうか。
① 土方歳三
② 松浦武四郎
③ 黒田清隆
④ 榎本武揚
正解: ② 松浦武四郎"
R23-Q005,23,第23回,2026-03-08,1級・2級共通,5,,選択,北海道開拓において開拓顧問として活躍したホーレス・ケプロンのアメリカ連邦政府での役職名（明治4(1871)年の時）は次のどれでしょうか。,工部省長官,鉱業省長官,農務省長官,開拓省長官,③,農務省長官,,,23-問題.pdf / 23_回答.pdf,"【第23回 おたる案内人検定 問5】
北海道開拓において開拓顧問として活躍したホーレス・ケプロンのアメリカ連邦政府での役職名（明治4(1871)年の時）は次のどれでしょうか。
① 工部省長官
② 鉱業省長官
③ 農務省長官
④ 開拓省長官
正解: ③ 農務省長官"
R23-Q006,23,第23回,2026-03-08,1級・2級共通,6,,記述,昭和初期、小樽の花園町で割烹料亭の経営者が小樽観光のはじまりともいえるオタモイ遊園地を建設しました。この加藤秋太郎が経営していた花園町の店は何という名前でしょうか。,,,,,蛇の目,,,,23-問題.pdf / 23_回答.pdf,"【第23回 おたる案内人検定 問6】
昭和初期、小樽の花園町で割烹料亭の経営者が小樽観光のはじまりともいえるオタモイ遊園地を建設しました。この加藤秋太郎が経営していた花園町の店は何という名前でしょうか。
正解: 蛇の目"
R23-Q007,23,第23回,2026-03-08,1級・2級共通,7,,選択,鰊漁期中に雌が産卵したところに雄が白子を放出し、海が白くなるという現象がありますが、その現象を表した正しい漢字は次のどれでしょうか。,郡来,群帰,群喜,群来,④,群来,,,23-問題.pdf / 23_回答.pdf,"【第23回 おたる案内人検定 問7】
鰊漁期中に雌が産卵したところに雄が白子を放出し、海が白くなるという現象がありますが、その現象を表した正しい漢字は次のどれでしょうか。
① 郡来
② 群帰
③ 群喜
④ 群来
正解: ④ 群来"
R23-Q008,23,第23回,2026-03-08,1級・2級共通,8,,選択,江戸時代、江差、松前で行われていた鰊漁はそれらの地域が不漁になると、鰊を追った人々は享保年間には近場所まで、その後中場所まで出漁が許可されました。この鰊を追った人々のことを何というでしょうか。次の中から選びなさい。,親方,場所請負人,雇い,追鰊,④,追鰊,,,23-問題.pdf / 23_回答.pdf,"【第23回 おたる案内人検定 問8】
江戸時代、江差、松前で行われていた鰊漁はそれらの地域が不漁になると、鰊を追った人々は享保年間には近場所まで、その後中場所まで出漁が許可されました。この鰊を追った人々のことを何というでしょうか。次の中から選びなさい。
① 親方
② 場所請負人
③ 雇い
④ 追鰊
正解: ④ 追鰊"
R23-Q009,23,第23回,2026-03-08,1級・2級共通,9,,選択,鰊漁の場所の範囲を説明している文です。正しいのはどれでしょうか。,現在の札幌市星置付近から勝納川までがオタルナイ場所,於古発川から山中までがタカシマ場所,高島岬からフゴッペ岬までがオショロ場所,於古発川から高島岬までがタカシマ場所,②,於古発川から山中までがタカシマ場所,,,23-問題.pdf / 23_回答.pdf,"【第23回 おたる案内人検定 問9】
鰊漁の場所の範囲を説明している文です。正しいのはどれでしょうか。
① 現在の札幌市星置付近から勝納川までがオタルナイ場所
② 於古発川から山中までがタカシマ場所
③ 高島岬からフゴッペ岬までがオショロ場所
④ 於古発川から高島岬までがタカシマ場所
正解: ② 於古発川から山中までがタカシマ場所"
R23-Q010,23,第23回,2026-03-08,1級・2級共通,10,,記述,明治20年代、祝津、高島地区の総建網数102統のうち、16統を所有する漁家がいました。この漁家名を書きなさい。,,,,,青山家,,,,23-問題.pdf / 23_回答.pdf,"【第23回 おたる案内人検定 問10】
明治20年代、祝津、高島地区の総建網数102統のうち、16統を所有する漁家がいました。この漁家名を書きなさい。
正解: 青山家"
R23-Q011,23,第23回,2026-03-08,1級・2級共通,11,,記述,祝津に現在も残っている鰊漁で有名な親方の住居です。この漁家名は何というでしょうか。,,,,,茨木家,,,,23-問題.pdf / 23_回答.pdf,"【第23回 おたる案内人検定 問11】
祝津に現在も残っている鰊漁で有名な親方の住居です。この漁家名は何というでしょうか。
正解: 茨木家"
R23-Q012,23,第23回,2026-03-08,1級・2級共通,12,,選択,余市町から昭和13(1938)年に小樽の平磯岬に移築された、猪伺安之丞が明治後期に建てた鰊漁家建築は令和5(2023)年2月、文化財に登録されました。その指定・区分は次のどれでしょうか。,国指定重要文化財,道指定有形文化財,市指定有形文化財,国登録有形文化財,④,国登録有形文化財,,人名「猪伺安之丞」はOCR不鮮明,23-問題.pdf / 23_回答.pdf,"【第23回 おたる案内人検定 問12】
余市町から昭和13(1938)年に小樽の平磯岬に移築された、猪伺安之丞が明治後期に建てた鰊漁家建築は令和5(2023)年2月、文化財に登録されました。その指定・区分は次のどれでしょうか。
① 国指定重要文化財
② 道指定有形文化財
③ 市指定有形文化財
④ 国登録有形文化財
正解: ④ 国登録有形文化財"
R23-Q013,23,第23回,2026-03-08,1級・2級共通,13,,選択,小樽（忍路除く）の鰊漁獲量の最高値は大正14(1925)年です。この年の漁獲量は次のどれでしょうか。,"95,000石","85,000石","75,000石","65,000石",③,"75,000石",,,23-問題.pdf / 23_回答.pdf,"【第23回 おたる案内人検定 問13】
小樽（忍路除く）の鰊漁獲量の最高値は大正14(1925)年です。この年の漁獲量は次のどれでしょうか。
① 95,000石
② 85,000石
③ 75,000石
④ 65,000石
正解: ③ 75,000石"
R23-Q014,23,第23回,2026-03-08,1級・2級共通,14,,記述,鰊漁の雇い漁夫に関する次の文章のカッコに入る地域名を記入しなさい。明治20年代に雇われた漁夫数は北海道全体で9万人を超え、そのうち約6万人は他府県でした。そのおもな出身地は南部、津軽、（ ）、庄内地方出身の人々でした。,,,,,秋田,,,,23-問題.pdf / 23_回答.pdf,"【第23回 おたる案内人検定 問14】
鰊漁の雇い漁夫に関する次の文章のカッコに入る地域名を記入しなさい。明治20年代に雇われた漁夫数は北海道全体で9万人を超え、そのうち約6万人は他府県でした。そのおもな出身地は南部、津軽、（ ）、庄内地方出身の人々でした。
正解: 秋田"
R23-Q015,23,第23回,2026-03-08,1級・2級共通,15,,選択,食用の生鰊の呼び方として正しいのは次のどれでしょうか。,松前鰊,胴鰊,粒鰊,身欠,③,粒鰊,,,23-問題.pdf / 23_回答.pdf,"【第23回 おたる案内人検定 問15】
食用の生鰊の呼び方として正しいのは次のどれでしょうか。
① 松前鰊
② 胴鰊
③ 粒鰊
④ 身欠
正解: ③ 粒鰊"
R23-Q016,23,第23回,2026-03-08,1級・2級共通,16,,選択,鰊漁における「沖揚げ」とはどのようなことをいうのでしょうか。次の中から選びなさい。,沖に仕掛けた建網で漁獲すること,鰊を陸に揚げるときのこと,網を手繰り寄せ波船にいれる作業を繰り返すこと,海上で鰊を捕獲して陸揚げするまでの一連の流れのこと,④,海上で鰊を捕獲して陸揚げするまでの一連の流れのこと,,,23-問題.pdf / 23_回答.pdf,"【第23回 おたる案内人検定 問16】
鰊漁における「沖揚げ」とはどのようなことをいうのでしょうか。次の中から選びなさい。
① 沖に仕掛けた建網で漁獲すること
② 鰊を陸に揚げるときのこと
③ 網を手繰り寄せ波船にいれる作業を繰り返すこと
④ 海上で鰊を捕獲して陸揚げするまでの一連の流れのこと
正解: ④ 海上で鰊を捕獲して陸揚げするまでの一連の流れのこと"
R23-Q017,23,第23回,2026-03-08,1級・2級共通,17,,選択,江戸時代後半から続いた鰊漁は肥料として大きな商売となっていましたが、段々と肥料としての需要は次第に衰退していきました。その理由と関係ないのは次のどれでしょうか。,化学肥料が出てきた,生鰊が大量に全国に流通できるようになった,漁獲量が不安定になってきた,大正時代後半から高単価な身欠鰊製造の比重が高まってきた,②,生鰊が大量に全国に流通できるようになった,,,23-問題.pdf / 23_回答.pdf,"【第23回 おたる案内人検定 問17】
江戸時代後半から続いた鰊漁は肥料として大きな商売となっていましたが、段々と肥料としての需要は次第に衰退していきました。その理由と関係ないのは次のどれでしょうか。
① 化学肥料が出てきた
② 生鰊が大量に全国に流通できるようになった
③ 漁獲量が不安定になってきた
④ 大正時代後半から高単価な身欠鰊製造の比重が高まってきた
正解: ② 生鰊が大量に全国に流通できるようになった"
R23-Q018,23,第23回,2026-03-08,1級・2級共通,18,,記述,鰊漁では作業のときに唄われる「うた」があります。次の作業で唄われる音頭名を書きなさい。「綱の目をふさぐほど産み付けられた卵を綱から落とすときに浜辺で唄いました。」,,,,,子はたき音頭,,,,23-問題.pdf / 23_回答.pdf,"【第23回 おたる案内人検定 問18】
鰊漁では作業のときに唄われる「うた」があります。次の作業で唄われる音頭名を書きなさい。「綱の目をふさぐほど産み付けられた卵を綱から落とすときに浜辺で唄いました。」
正解: 子はたき音頭"
R23-Q019,23,第23回,2026-03-08,1級・2級共通,19,,選択,江戸時代の国内の海路として正しいのは次のどれでしょうか。,江戸〜大坂間の東海路,東北〜大坂間の西海路,東北・蝦夷地〜江戸間の北海路,江戸〜尾張間の尾張海路,②,東北〜大坂間の西海路,,,23-問題.pdf / 23_回答.pdf,"【第23回 おたる案内人検定 問19】
江戸時代の国内の海路として正しいのは次のどれでしょうか。
① 江戸〜大坂間の東海路
② 東北〜大坂間の西海路
③ 東北・蝦夷地〜江戸間の北海路
④ 江戸〜尾張間の尾張海路
正解: ② 東北〜大坂間の西海路"
R23-Q020,23,第23回,2026-03-08,1級・2級共通,20,,選択,次の中で小樽市における日本遺産「北前船」の構成文化財ではないのはどれでしょうか。,津古丹稲荷神社本殿,西川家文書,旧客陽亭,旧増田倉庫,①,津古丹稲荷神社本殿,,選択肢1・3の固有名詞はOCR不鮮明,23-問題.pdf / 23_回答.pdf,"【第23回 おたる案内人検定 問20】
次の中で小樽市における日本遺産「北前船」の構成文化財ではないのはどれでしょうか。
① 津古丹稲荷神社本殿
② 西川家文書
③ 旧客陽亭
④ 旧増田倉庫
正解: ① 津古丹稲荷神社本殿"
R23-Q021,23,第23回,2026-03-08,1級・2級共通,21,,選択,次の文中の（ ）に当てはまる語句を選びなさい。北陸地方の北前船の船乗りたちの給料は大変少ないうえ、遭難も多い危険な仕事でした。そこで、積み荷の約1割は船乗りの個人商売を認めるという（ ）とか「帆待ち」と呼ばれた抜け道がありました。船乗りたちはこれを利用し金銭を蓄え独立していきました。,切出し,直払の口,売りさばき,蔵敷,①,切出し,,,23-問題.pdf / 23_回答.pdf,"【第23回 おたる案内人検定 問21】
次の文中の（ ）に当てはまる語句を選びなさい。北陸地方の北前船の船乗りたちの給料は大変少ないうえ、遭難も多い危険な仕事でした。そこで、積み荷の約1割は船乗りの個人商売を認めるという（ ）とか「帆待ち」と呼ばれた抜け道がありました。船乗りたちはこれを利用し金銭を蓄え独立していきました。
① 切出し
② 直払の口
③ 売りさばき
④ 蔵敷
正解: ① 切出し"
R23-Q022,23,第23回,2026-03-08,1級・2級共通,22,,選択,北前船が大坂から蝦夷地へ向かうのを「下り」、その逆を「上り」といいますが、次のなかで間違っているのはどれでしょうか。,下り荷には紙も積まれていた,下り荷にはワラも積まれていた,上り荷には塩も積まれていた,上り荷にはイリコも積まれていた,③,上り荷には塩も積まれていた,,,23-問題.pdf / 23_回答.pdf,"【第23回 おたる案内人検定 問22】
北前船が大坂から蝦夷地へ向かうのを「下り」、その逆を「上り」といいますが、次のなかで間違っているのはどれでしょうか。
① 下り荷には紙も積まれていた
② 下り荷にはワラも積まれていた
③ 上り荷には塩も積まれていた
④ 上り荷にはイリコも積まれていた
正解: ③ 上り荷には塩も積まれていた"
R23-Q023-A,23,第23回,2026-03-08,1級・2級共通,23,A,選択,この写真は、北運河にある北前船主の倉庫です。（ ）内に該当する番号を選びなさい。この北前船主は（A）出身で明治中期には6〜8隻の北前船を所有していました。この北前船主は後に（B）らとともに日本海上火災保険株式会社を創設し取締役に就任します。【A：出身地】,石川県加賀市橋立町,石川県加賀市大聖寺,福井県南条郡南越前町,福井県小浜市,③,福井県南条郡南越前町,,,23-問題.pdf / 23_回答.pdf,"【第23回 おたる案内人検定 問23A】
この写真は、北運河にある北前船主の倉庫です。（ ）内に該当する番号を選びなさい。この北前船主は（A）出身で明治中期には6〜8隻の北前船を所有していました。この北前船主は後に（B）らとともに日本海上火災保険株式会社を創設し取締役に就任します。【A：出身地】
① 石川県加賀市橋立町
② 石川県加賀市大聖寺
③ 福井県南条郡南越前町
④ 福井県小浜市
正解: ③ 福井県南条郡南越前町"
R23-Q023-B,23,第23回,2026-03-08,1級・2級共通,23,B,選択,この写真は、北運河にある北前船主の倉庫です。（ ）内に該当する番号を選びなさい。この北前船主は（A）出身で明治中期には6〜8隻の北前船を所有していました。この北前船主は後に（B）らとともに日本海上火災保険株式会社を創設し取締役に就任します。【B：人物】,西出孫左衛門,広海二三郎,銭屋五兵衛,浜中八三朗,②,広海二三郎,,,23-問題.pdf / 23_回答.pdf,"【第23回 おたる案内人検定 問23B】
この写真は、北運河にある北前船主の倉庫です。（ ）内に該当する番号を選びなさい。この北前船主は（A）出身で明治中期には6〜8隻の北前船を所有していました。この北前船主は後に（B）らとともに日本海上火災保険株式会社を創設し取締役に就任します。【B：人物】
① 西出孫左衛門
② 広海二三郎
③ 銭屋五兵衛
④ 浜中八三朗
正解: ② 広海二三郎"
R23-Q024,23,第23回,2026-03-08,1級・2級共通,24,,記述,小樽での日本遺産「北前船」の構成文化財には船絵馬があります。次の文章を読みこの船絵馬が奉納されているのは何というお寺でしょうか。このお寺は文久2(1862)年に開創し、本堂は小樽市指定歴史的建造物になっています。本殿左脇の龍神堂内には船絵馬が3面奉納されています。龍神堂正面には越前産の笏谷石製の狛犬、境内地には笏谷石製の三十三観音が設置されています。,,,,,徳源寺,,,,23-問題.pdf / 23_回答.pdf,"【第23回 おたる案内人検定 問24】
小樽での日本遺産「北前船」の構成文化財には船絵馬があります。次の文章を読みこの船絵馬が奉納されているのは何というお寺でしょうか。このお寺は文久2(1862)年に開創し、本堂は小樽市指定歴史的建造物になっています。本殿左脇の龍神堂内には船絵馬が3面奉納されています。龍神堂正面には越前産の笏谷石製の狛犬、境内地には笏谷石製の三十三観音が設置されています。
正解: 徳源寺"
R23-Q025-A,23,第23回,2026-03-08,1級・2級共通,25,A,記述,ある北前船主の説明です。文中の（ ）に当てはまる語句を記入しなさい。石川県加賀市橋立町出身で小樽に海運会社を設立。日露戦争後の海運発展に乗じ、「（A）の回漕店」といわれるようになった。天狗山麓にある金昆羅大本院はこの北前船主の農場の敷地内で祀ったものです。現在の（B）小学校付近にあった千登勢温泉は別荘でした。,,,,,東洋一,,,,23-問題.pdf / 23_回答.pdf,"【第23回 おたる案内人検定 問25A】
ある北前船主の説明です。文中の（ ）に当てはまる語句を記入しなさい。石川県加賀市橋立町出身で小樽に海運会社を設立。日露戦争後の海運発展に乗じ、「（A）の回漕店」といわれるようになった。天狗山麓にある金昆羅大本院はこの北前船主の農場の敷地内で祀ったものです。現在の（B）小学校付近にあった千登勢温泉は別荘でした。
正解: 東洋一"
R23-Q025-B,23,第23回,2026-03-08,1級・2級共通,25,B,記述,ある北前船主の説明です。文中の（ ）に当てはまる語句を記入しなさい。石川県加賀市橋立町出身で小樽に海運会社を設立。日露戦争後の海運発展に乗じ、「（A）の回漕店」といわれるようになった。天狗山麓にある金昆羅大本院はこの北前船主の農場の敷地内で祀ったものです。現在の（B）小学校付近にあった千登勢温泉は別荘でした。,,,,,山の手,,,,23-問題.pdf / 23_回答.pdf,"【第23回 おたる案内人検定 問25B】
ある北前船主の説明です。文中の（ ）に当てはまる語句を記入しなさい。石川県加賀市橋立町出身で小樽に海運会社を設立。日露戦争後の海運発展に乗じ、「（A）の回漕店」といわれるようになった。天狗山麓にある金昆羅大本院はこの北前船主の農場の敷地内で祀ったものです。現在の（B）小学校付近にあった千登勢温泉は別荘でした。
正解: 山の手"
R23-Q026,23,第23回,2026-03-08,1級・2級共通,26,,記述,次の文章は北前船交易によりもたらされた文化です。それは何というものでしょうか。江戸時代宝永年間に商業が盛んになると販売促進のために登場した1枚物の商業印刷物です。浮世絵の影響を受けた多色刷りや絵画的芸術性の高いものも配布されました。,,,,,引札,,,,23-問題.pdf / 23_回答.pdf,"【第23回 おたる案内人検定 問26】
次の文章は北前船交易によりもたらされた文化です。それは何というものでしょうか。江戸時代宝永年間に商業が盛んになると販売促進のために登場した1枚物の商業印刷物です。浮世絵の影響を受けた多色刷りや絵画的芸術性の高いものも配布されました。
正解: 引札"
R23-Q027,23,第23回,2026-03-08,1級・2級共通,27,,選択,次の文章は小樽で活躍した商人を説明しています。この商人の名前を選びなさい。「松前藩の城下町福山に生まれる。明治15(1882)年、所有地の相生町から水天宮の西福を通って堺町のオコバチ川までの道路を造成した。小樽商業会議所の初代会頭でした。」,山田兵蔵,山田吉兵衛,石橋彦三郎,寿原猪之吉,②,山田吉兵衛,,,23-問題.pdf / 23_回答.pdf,"【第23回 おたる案内人検定 問27】
次の文章は小樽で活躍した商人を説明しています。この商人の名前を選びなさい。「松前藩の城下町福山に生まれる。明治15(1882)年、所有地の相生町から水天宮の西福を通って堺町のオコバチ川までの道路を造成した。小樽商業会議所の初代会頭でした。」
① 山田兵蔵
② 山田吉兵衛
③ 石橋彦三郎
④ 寿原猪之吉
正解: ② 山田吉兵衛"
R23-Q028,23,第23回,2026-03-08,1級・2級共通,28,,選択,次の写真の中で、小樽で活躍した商人の高橋直治に関係する建物はどれでしょうか。,,,,,2,,,選択肢が写真のためテキスト化不可。正解番号のみ収録,23-問題.pdf / 23_回答.pdf,"【第23回 おたる案内人検定 問28】
次の写真の中で、小樽で活躍した商人の高橋直治に関係する建物はどれでしょうか。
正解: 2"
R23-Q029,23,第23回,2026-03-08,1級・2級共通,29,,選択,次の建物の中で、小樽で活躍した商人（「おたる案内人」公式テキスト内）と関連のないものはどれでしょうか。（建物名は現在名）,小樽オルゴール堂本館,おたる瑠璃工房運河店,小樽市公会堂,猪股邸,④,猪股邸,,,23-問題.pdf / 23_回答.pdf,"【第23回 おたる案内人検定 問29】
次の建物の中で、小樽で活躍した商人（「おたる案内人」公式テキスト内）と関連のないものはどれでしょうか。（建物名は現在名）
① 小樽オルゴール堂本館
② おたる瑠璃工房運河店
③ 小樽市公会堂
④ 猪股邸
正解: ④ 猪股邸"
R23-Q030,23,第23回,2026-03-08,1級・2級共通,30,,選択,小樽で活躍した商人たちは、まちに寄付をして貢献しました。商人名と寄付したものの組合せで正しいのはどれでしょうか。,藤山要吉……小樽市民会館,2代目板谷宮吉……小樽中学校,高橋直治……小樽区公会堂,土肥太吉……小樽市庁舎,④,土肥太吉……小樽市庁舎,,,23-問題.pdf / 23_回答.pdf,"【第23回 おたる案内人検定 問30】
小樽で活躍した商人たちは、まちに寄付をして貢献しました。商人名と寄付したものの組合せで正しいのはどれでしょうか。
① 藤山要吉……小樽市民会館
② 2代目板谷宮吉……小樽中学校
③ 高橋直治……小樽区公会堂
④ 土肥太吉……小樽市庁舎
正解: ④ 土肥太吉……小樽市庁舎"
R23-Q031,23,第23回,2026-03-08,1級・2級共通,31,,記述,堺町通りにある「おたる瑠璃工房運河店」は小樽商人が残した建物で、現在は店舗として活用されています。かつてこの商人は小樽で最初の新聞を発行しました。その新聞名を書きなさい。,,,,,北門新報,,,,23-問題.pdf / 23_回答.pdf,"【第23回 おたる案内人検定 問31】
堺町通りにある「おたる瑠璃工房運河店」は小樽商人が残した建物で、現在は店舗として活用されています。かつてこの商人は小樽で最初の新聞を発行しました。その新聞名を書きなさい。
正解: 北門新報"
R23-Q032,23,第23回,2026-03-08,1級・2級共通,32,,選択,小樽で活躍した商人のなかで、商工会議所（商業会議所も含む）の会頭になっていないのは次のどれでしょうか。,倉橋大介,藤山要吉,磯野進,木村円吉（6代目）,①,倉橋大介,,,23-問題.pdf / 23_回答.pdf,"【第23回 おたる案内人検定 問32】
小樽で活躍した商人のなかで、商工会議所（商業会議所も含む）の会頭になっていないのは次のどれでしょうか。
① 倉橋大介
② 藤山要吉
③ 磯野進
④ 木村円吉（6代目）
正解: ① 倉橋大介"
R23-Q033,23,第23回,2026-03-08,1級・2級共通,33,,記述,小樽港は海上輸送網の拠点として位置づけられている港で、国際または国内海上輸送網の拠点となる港湾とされています。国の利害に重大な関係がある港湾で、港湾法に基づいて政令で定められています。このような港湾を何というでしょうか。,,,,,重要港湾,,,,23-問題.pdf / 23_回答.pdf,"【第23回 おたる案内人検定 問33】
小樽港は海上輸送網の拠点として位置づけられている港で、国際または国内海上輸送網の拠点となる港湾とされています。国の利害に重大な関係がある港湾で、港湾法に基づいて政令で定められています。このような港湾を何というでしょうか。
正解: 重要港湾"
R23-Q034,23,第23回,2026-03-08,1級・2級共通,34,,選択,明治13(1880)年、当時の大型の船が接岸できる桟橋が手宮に建設されました。この桟橋の長さは次のどれでしょうか。,約130m,約230m,約330m,約430m,④,約430m,,,23-問題.pdf / 23_回答.pdf,"【第23回 おたる案内人検定 問34】
明治13(1880)年、当時の大型の船が接岸できる桟橋が手宮に建設されました。この桟橋の長さは次のどれでしょうか。
① 約130m
② 約230m
③ 約330m
④ 約430m
正解: ④ 約430m"
R23-Q035,23,第23回,2026-03-08,1級・2級共通,35,,記述,明治22(1889)年、小樽港は米、麦、麦粉、石炭、硫黄の5品目に限り、日本船または日本人雇用の外国船により輸出できる港となりました。このような港のことを何というでしょうか。,,,,,特別輸出港,,,,23-問題.pdf / 23_回答.pdf,"【第23回 おたる案内人検定 問35】
明治22(1889)年、小樽港は米、麦、麦粉、石炭、硫黄の5品目に限り、日本船または日本人雇用の外国船により輸出できる港となりました。このような港のことを何というでしょうか。
正解: 特別輸出港"
R23-Q036,23,第23回,2026-03-08,1級・2級共通,36,,選択,小樽港の整備は、明治25(1892)年、第4代北海道庁長官が、小樽に近代的な港湾建設をと国に意見書を提出したことで、試験工事を経て本格的な工事が始まりました。本格的な小樽築港第一期工事が始まったのは次のどれでしょうか。,明治26(1893)年,明治28(1895)年,明治30(1897)年,明治32(1899)年,③,明治30(1897)年,,,23-問題.pdf / 23_回答.pdf,"【第23回 おたる案内人検定 問36】
小樽港の整備は、明治25(1892)年、第4代北海道庁長官が、小樽に近代的な港湾建設をと国に意見書を提出したことで、試験工事を経て本格的な工事が始まりました。本格的な小樽築港第一期工事が始まったのは次のどれでしょうか。
① 明治26(1893)年
② 明治28(1895)年
③ 明治30(1897)年
④ 明治32(1899)年
正解: ③ 明治30(1897)年"
R23-Q037,23,第23回,2026-03-08,1級・2級共通,37,,選択,小樽築港第一期工事で北防波堤が完成しました。完成まで要した年数は次のどれでしょうか。,7年,9年,11年,13年,③,11年,,,23-問題.pdf / 23_回答.pdf,"【第23回 おたる案内人検定 問37】
小樽築港第一期工事で北防波堤が完成しました。完成まで要した年数は次のどれでしょうか。
① 7年
② 9年
③ 11年
④ 13年
正解: ③ 11年"
R23-Q038,23,第23回,2026-03-08,1級・2級共通,38,,選択,小樽港の工事に大きく貢献した廣井勇についての説明で正しいものはどれですか。,廣井勇はフランスに留学し橋梁設計を学び幌内鉄道建設にも関わった,廣井勇は愛媛県出身で、伊藤長右衛門と同郷だった,廣井勇は明治32(1899)年から東京帝国大学教授も兼任し、後進を育成した,廣井勇の札幌農学校時代の同期生は、後に北海道帝国大学初代総長になった佐藤昌介,③,廣井勇は明治32(1899)年から東京帝国大学教授も兼任し、後進を育成した,,,23-問題.pdf / 23_回答.pdf,"【第23回 おたる案内人検定 問38】
小樽港の工事に大きく貢献した廣井勇についての説明で正しいものはどれですか。
① 廣井勇はフランスに留学し橋梁設計を学び幌内鉄道建設にも関わった
② 廣井勇は愛媛県出身で、伊藤長右衛門と同郷だった
③ 廣井勇は明治32(1899)年から東京帝国大学教授も兼任し、後進を育成した
④ 廣井勇の札幌農学校時代の同期生は、後に北海道帝国大学初代総長になった佐藤昌介
正解: ③ 廣井勇は明治32(1899)年から東京帝国大学教授も兼任し、後進を育成した"
R23-Q039,23,第23回,2026-03-08,1級・2級共通,39,,選択,小樽築港第一期工事の北防波堤の建設は、当時の土木技術の粋を集めて建設されました。以下の説明で正しいものはどれですか。,コンクリートブロックの長期にわたる耐久性が明らかでなかったので、日本古来からの治水技術を導入した伝統的な工事を行い完成させた,日本の技術者だけでは近代的な防波堤を造ることができなかったので、お雇外国人のC.S.メークが用いた工事手法を導入して建設に成功した,コンクリートを使った防波堤建設の失敗などが他の港で続いたので、全て石の斜め積みによる防波堤を建設した,廣井勇が初代の築港所長となり、様々な調査や実験を経て、日本で初めてのコンクリートを用いた外洋防波堤の建設に成功した,④,廣井勇が初代の築港所長となり、様々な調査や実験を経て、日本で初めてのコンクリートを用いた外洋防波堤の建設に成功した,,,23-問題.pdf / 23_回答.pdf,"【第23回 おたる案内人検定 問39】
小樽築港第一期工事の北防波堤の建設は、当時の土木技術の粋を集めて建設されました。以下の説明で正しいものはどれですか。
① コンクリートブロックの長期にわたる耐久性が明らかでなかったので、日本古来からの治水技術を導入した伝統的な工事を行い完成させた
② 日本の技術者だけでは近代的な防波堤を造ることができなかったので、お雇外国人のC.S.メークが用いた工事手法を導入して建設に成功した
③ コンクリートを使った防波堤建設の失敗などが他の港で続いたので、全て石の斜め積みによる防波堤を建設した
④ 廣井勇が初代の築港所長となり、様々な調査や実験を経て、日本で初めてのコンクリートを用いた外洋防波堤の建設に成功した
正解: ④ 廣井勇が初代の築港所長となり、様々な調査や実験を経て、日本で初めてのコンクリートを用いた外洋防波堤の建設に成功した"
R23-Q040,23,第23回,2026-03-08,1級・2級共通,40,,選択,北海道の鉄道建設に関わった人物とその主な役割の組み合わせで間違っているのはどれでしょうか。,榎本武揚……開拓使物産取調掛,黒田清隆……第2代開拓長官,ライマン……地質学者,クロフォード……鉄道技師長,②,黒田清隆……第2代開拓長官,,,23-問題.pdf / 23_回答.pdf,"【第23回 おたる案内人検定 問40】
北海道の鉄道建設に関わった人物とその主な役割の組み合わせで間違っているのはどれでしょうか。
① 榎本武揚……開拓使物産取調掛
② 黒田清隆……第2代開拓長官
③ ライマン……地質学者
④ クロフォード……鉄道技師長
正解: ② 黒田清隆……第2代開拓長官"
R23-Q041,23,第23回,2026-03-08,1級・2級共通,41,,記述,神居古潭の道路開削と短距離の鉄道建設にあたって開拓使が招聘した技師がクロフォードでした。ただ、招聘された段階では幌内炭田から石炭搬出経路開発の主人公となる人物が他にいました。その人物とはだれでしょうか。,,,,,ゲント,,,,23-問題.pdf / 23_回答.pdf,"【第23回 おたる案内人検定 問41】
神居古潭の道路開削と短距離の鉄道建設にあたって開拓使が招聘した技師がクロフォードでした。ただ、招聘された段階では幌内炭田から石炭搬出経路開発の主人公となる人物が他にいました。その人物とはだれでしょうか。
正解: ゲント"
R23-Q042,23,第23回,2026-03-08,1級・2級共通,42,,選択,明治12(1879)年、開拓使は札樽間の道路建設を命じます。クロフォードはこの工事をどのくらいの期間で完成させたでしょうか。,5ヶ月,7ヶ月,11ヶ月,1年,①,5ヶ月,,,23-問題.pdf / 23_回答.pdf,"【第23回 おたる案内人検定 問42】
明治12(1879)年、開拓使は札樽間の道路建設を命じます。クロフォードはこの工事をどのくらいの期間で完成させたでしょうか。
① 5ヶ月
② 7ヶ月
③ 11ヶ月
④ 1年
正解: ① 5ヶ月"
R23-Q043,23,第23回,2026-03-08,1級・2級共通,43,,選択,小樽、幌内間の鉄道敷設のルート決定をうけ、本格的な鉄道工事は若竹第三トンネルの開削から始まりました。この工事を指揮したのは次の誰でしょうか。,平井晴二郎,松本荘一郎,広井勇,ペリー,②,松本荘一郎,,,23-問題.pdf / 23_回答.pdf,"【第23回 おたる案内人検定 問43】
小樽、幌内間の鉄道敷設のルート決定をうけ、本格的な鉄道工事は若竹第三トンネルの開削から始まりました。この工事を指揮したのは次の誰でしょうか。
① 平井晴二郎
② 松本荘一郎
③ 広井勇
④ ペリー
正解: ② 松本荘一郎"
R23-Q044,23,第23回,2026-03-08,1級・2級共通,44,,選択,北海道鉄道の工事は明治34(1901)年、大沼幅下トンネルと忍路トンネルの開削から始まりました。北海道鉄道が全線開通したのは次のどれでしょうか。,明治34(1901)年,明治35(1902)年,明治36(1903)年,明治37(1904)年,④,明治37(1904)年,,,23-問題.pdf / 23_回答.pdf,"【第23回 おたる案内人検定 問44】
北海道鉄道の工事は明治34(1901)年、大沼幅下トンネルと忍路トンネルの開削から始まりました。北海道鉄道が全線開通したのは次のどれでしょうか。
① 明治34(1901)年
② 明治35(1902)年
③ 明治36(1903)年
④ 明治37(1904)年
正解: ④ 明治37(1904)年"
R23-Q045,23,第23回,2026-03-08,1級・2級共通,45,,選択,幌内鉄道の手宮〜札幌間の開通時には4つの駅しかありませんでした。正しいのは次のどれでしょうか。,手宮〜開運町〜朝里〜札幌,手宮〜朝里〜軽川〜札幌,手宮〜朝里〜銭函〜札幌,手宮〜開運町〜銭函〜札幌,④,手宮〜開運町〜銭函〜札幌,,選択肢3・4の駅名はOCRで「録画」と誤読、「銭函」と判断,23-問題.pdf / 23_回答.pdf,"【第23回 おたる案内人検定 問45】
幌内鉄道の手宮〜札幌間の開通時には4つの駅しかありませんでした。正しいのは次のどれでしょうか。
① 手宮〜開運町〜朝里〜札幌
② 手宮〜朝里〜軽川〜札幌
③ 手宮〜朝里〜銭函〜札幌
④ 手宮〜開運町〜銭函〜札幌
正解: ④ 手宮〜開運町〜銭函〜札幌"
R23-Q046,23,第23回,2026-03-08,1級・2級共通,46,,選択,幌内鉄道に導入された蒸気機関車は6号まで「和名」がつけられていました。次の4つの中で正しいのはどれでしょうか。,1号「義経」2号「弁慶」3号「比羅夫」,1号「義経」2号「しづか」3号「弁慶」,1号「弁慶」2号「義経」6号「しづか」,1号「弁慶」2号「義経」4号「比羅夫」,①,1号「義経」2号「弁慶」3号「比羅夫」,,,23-問題.pdf / 23_回答.pdf,"【第23回 おたる案内人検定 問46】
幌内鉄道に導入された蒸気機関車は6号まで「和名」がつけられていました。次の4つの中で正しいのはどれでしょうか。
① 1号「義経」2号「弁慶」3号「比羅夫」
② 1号「義経」2号「しづか」3号「弁慶」
③ 1号「弁慶」2号「義経」6号「しづか」
④ 1号「弁慶」2号「義経」4号「比羅夫」
正解: ① 1号「義経」2号「弁慶」3号「比羅夫」"
R23-Q047,23,第23回,2026-03-08,1級・2級共通,47,,記述,現在のJR小樽駅のホームやコンコース、通路には北一硝子さんが寄贈したランプが設置されています。その数は何個でしょうか。（文化庁：日本遺産ポータルサイトより）,,,,,333個,,,,23-問題.pdf / 23_回答.pdf,"【第23回 おたる案内人検定 問47】
現在のJR小樽駅のホームやコンコース、通路には北一硝子さんが寄贈したランプが設置されています。その数は何個でしょうか。（文化庁：日本遺産ポータルサイトより）
正解: 333個"
R23-Q048,23,第23回,2026-03-08,1級・2級共通,48,,記述,小樽運河保存運動が立ち上がるきっかけとなったのは、札樽自動車道の延長幹線道路建設で当時、有幌にあった石造倉庫群が次々に取り壊されたことでした。この工事が行われた年はいつでしょうか。,,,,,昭和47年または 1972年,,,,23-問題.pdf / 23_回答.pdf,"【第23回 おたる案内人検定 問48】
小樽運河保存運動が立ち上がるきっかけとなったのは、札樽自動車道の延長幹線道路建設で当時、有幌にあった石造倉庫群が次々に取り壊されたことでした。この工事が行われた年はいつでしょうか。
正解: 昭和47年または 1972年"
R23-Q049,23,第23回,2026-03-08,1級・2級共通,49,,選択,昭和51(1976)年、道路建設による運河埋め立てを危惧し、「小樽運河を守る会」の発起人会が正式に発足しました。この時、初代会長になったのは次のどれでしょうか。,峯山冨美,越崎宗一,西村幸雄,小川原格,②,越崎宗一,,,23-問題.pdf / 23_回答.pdf,"【第23回 おたる案内人検定 問49】
昭和51(1976)年、道路建設による運河埋め立てを危惧し、「小樽運河を守る会」の発起人会が正式に発足しました。この時、初代会長になったのは次のどれでしょうか。
① 峯山冨美
② 越崎宗一
③ 西村幸雄
④ 小川原格
正解: ② 越崎宗一"
R23-Q050,23,第23回,2026-03-08,1級・2級共通,50,,記述,次の文章は現在の小樽運河に架かる橋の説明です。橋の名称を書きなさい。「小樽運河に架かる橋の中では他の橋より高さがあり遊漁船も航行できます。橋のたもとには小樽出身の彫刻家、斎藤吉郎さんの作品「カモメ呼ぶ少女」像があります。」,,,,,北浜橋,,,,23-問題.pdf / 23_回答.pdf,"【第23回 おたる案内人検定 問50】
次の文章は現在の小樽運河に架かる橋の説明です。橋の名称を書きなさい。「小樽運河に架かる橋の中では他の橋より高さがあり遊漁船も航行できます。橋のたもとには小樽出身の彫刻家、斎藤吉郎さんの作品「カモメ呼ぶ少女」像があります。」
正解: 北浜橋"
R23-Q051,23,第23回,2026-03-08,1級・2級共通,51,,選択,運河埋め立ての着工直前、保存派による署名活動が行われました。その結果は次のどれでしょうか。,1ヶ月間で3万7千人の署名を集めた,1ヶ月間で5万7千人の署名を集めた,2ヶ月間で9万7千人の署名を集めた,2ヶ月間で10万7千人の署名を集めた,③,2ヶ月間で9万7千人の署名を集めた,,,23-問題.pdf / 23_回答.pdf,"【第23回 おたる案内人検定 問51】
運河埋め立ての着工直前、保存派による署名活動が行われました。その結果は次のどれでしょうか。
① 1ヶ月間で3万7千人の署名を集めた
② 1ヶ月間で5万7千人の署名を集めた
③ 2ヶ月間で9万7千人の署名を集めた
④ 2ヶ月間で10万7千人の署名を集めた
正解: ③ 2ヶ月間で9万7千人の署名を集めた"
R23-Q052-A,23,第23回,2026-03-08,1級・2級共通,52,A,記述,（ ）内に該当する語句を記入しなさい。明治10年代の庶民の住宅は簡易な木造で建てられ屋根は板を葺いて（A）が置かれていました。また手宮の鉄道に関わる施設は西洋風の木造で外壁を（B）にして窓の戸は上下させる縦長窓でした。,,,,,石,,,,23-問題.pdf / 23_回答.pdf,"【第23回 おたる案内人検定 問52A】
（ ）内に該当する語句を記入しなさい。明治10年代の庶民の住宅は簡易な木造で建てられ屋根は板を葺いて（A）が置かれていました。また手宮の鉄道に関わる施設は西洋風の木造で外壁を（B）にして窓の戸は上下させる縦長窓でした。
正解: 石"
R23-Q052-B,23,第23回,2026-03-08,1級・2級共通,52,B,記述,（ ）内に該当する語句を記入しなさい。明治10年代の庶民の住宅は簡易な木造で建てられ屋根は板を葺いて（A）が置かれていました。また手宮の鉄道に関わる施設は西洋風の木造で外壁を（B）にして窓の戸は上下させる縦長窓でした。,,,,,横板張り又は下見板張り,,,,23-問題.pdf / 23_回答.pdf,"【第23回 おたる案内人検定 問52B】
（ ）内に該当する語句を記入しなさい。明治10年代の庶民の住宅は簡易な木造で建てられ屋根は板を葺いて（A）が置かれていました。また手宮の鉄道に関わる施設は西洋風の木造で外壁を（B）にして窓の戸は上下させる縦長窓でした。
正解: 横板張り又は下見板張り"
R23-Q053,23,第23回,2026-03-08,1級・2級共通,53,,記述,明治37(1904)年の稲穂の大火を契機に市街地の主要な建物は木骨石造へ一気に転換しました。色内にある木骨石造の旧早川支店には防火対策として建物正面左側にあるものが設置されています。そこには鯉や亀などの彫刻がほどこされています。この設置されているものは何というでしょうか。,,,,,うだつ又は袖壁,,,,23-問題.pdf / 23_回答.pdf,"【第23回 おたる案内人検定 問53】
明治37(1904)年の稲穂の大火を契機に市街地の主要な建物は木骨石造へ一気に転換しました。色内にある木骨石造の旧早川支店には防火対策として建物正面左側にあるものが設置されています。そこには鯉や亀などの彫刻がほどこされています。この設置されているものは何というでしょうか。
正解: うだつ又は袖壁"
R23-Q054,23,第23回,2026-03-08,1級・2級共通,54,,選択,明治16(1883)年から始まった手宮の鉄道施設の建造物に使われた建築材料は火災から施設を守るためでした。この材料は入船の陸橋と手宮の倉庫、さらに現在、国指定重要文化財になっている機関車庫にも使われました。この材料は次のどれでしょうか。,小樽の軟石,札幌軟石,コンクリートブロック,レンガ,④,レンガ,,,23-問題.pdf / 23_回答.pdf,"【第23回 おたる案内人検定 問54】
明治16(1883)年から始まった手宮の鉄道施設の建造物に使われた建築材料は火災から施設を守るためでした。この材料は入船の陸橋と手宮の倉庫、さらに現在、国指定重要文化財になっている機関車庫にも使われました。この材料は次のどれでしょうか。
① 小樽の軟石
② 札幌軟石
③ コンクリートブロック
④ レンガ
正解: ④ レンガ"
R23-Q055,23,第23回,2026-03-08,1級・2級共通,55,,選択,手宮の鉄道施設建設を指導した平井晴二郎は手宮での経験を発展させ、現在も残る重要な建築物にも関わりました。次のなかで平井晴二郎が関わった建物は次のどれでしょうか。,豊平館,北海道庁旧本庁舎,サッポロビール博物館,旧永山武四郎邸,②,北海道庁旧本庁舎,,,23-問題.pdf / 23_回答.pdf,"【第23回 おたる案内人検定 問55】
手宮の鉄道施設建設を指導した平井晴二郎は手宮での経験を発展させ、現在も残る重要な建築物にも関わりました。次のなかで平井晴二郎が関わった建物は次のどれでしょうか。
① 豊平館
② 北海道庁旧本庁舎
③ サッポロビール博物館
④ 旧永山武四郎邸
正解: ② 北海道庁旧本庁舎"
R23-Q056,23,第23回,2026-03-08,1級・2級共通,56,,選択,令和7(2025)年4月、旧日本郵船株式会社小樽支店が修復工事を終え再公開されました。次のなかで、この建物に関する説明で間違っているのはどれでしょうか。,この建物は木骨石造ではなく石造だ,この建物を設計したのは佐立七次郎だ,1階の貴賓室と2階の会議室の壁紙は金唐革紙という貴重な壁紙が採用されている,この建物が建築されたのは明治39(1906)年だ,③,1階の貴賓室と2階の会議室の壁紙は金唐革紙という貴重な壁紙が採用されている,,,23-問題.pdf / 23_回答.pdf,"【第23回 おたる案内人検定 問56】
令和7(2025)年4月、旧日本郵船株式会社小樽支店が修復工事を終え再公開されました。次のなかで、この建物に関する説明で間違っているのはどれでしょうか。
① この建物は木骨石造ではなく石造だ
② この建物を設計したのは佐立七次郎だ
③ 1階の貴賓室と2階の会議室の壁紙は金唐革紙という貴重な壁紙が採用されている
④ この建物が建築されたのは明治39(1906)年だ
正解: ③ 1階の貴賓室と2階の会議室の壁紙は金唐革紙という貴重な壁紙が採用されている"
R23-Q057,23,第23回,2026-03-08,1級・2級共通,57,,選択,次の小樽市内にある建物の建築時名と現在名との組み合わせで間違っているのはどれでしょうか。,百十三銀行小樽支店……オルゴール堂海鳴楼,荒田商会……小樽芸術村ステンドグラス美術館,上勢友吉商店……小樽オルゴール堂遊工房,中越銀行小樽支店……銀の鐘,①,百十三銀行小樽支店……オルゴール堂海鳴楼,,,23-問題.pdf / 23_回答.pdf,"【第23回 おたる案内人検定 問57】
次の小樽市内にある建物の建築時名と現在名との組み合わせで間違っているのはどれでしょうか。
① 百十三銀行小樽支店……オルゴール堂海鳴楼
② 荒田商会……小樽芸術村ステンドグラス美術館
③ 上勢友吉商店……小樽オルゴール堂遊工房
④ 中越銀行小樽支店……銀の鐘
正解: ① 百十三銀行小樽支店……オルゴール堂海鳴楼"
R23-Q058-A,23,第23回,2026-03-08,1級・2級共通,58,A,記述,北海製罐の工場施設の説明です。文中の（ ）内に該当する語句を書きなさい。主要な建物は鉄筋コンクリート造で、事務所は（A）の連続窓が特徴でモダンな外観を表現しています。また第3倉庫は外壁に（B）（渦巻き状滑り台）をつけ、製品を一気に船に積み込む工夫をしています。,,,,,横長,,,,23-問題.pdf / 23_回答.pdf,"【第23回 おたる案内人検定 問58A】
北海製罐の工場施設の説明です。文中の（ ）内に該当する語句を書きなさい。主要な建物は鉄筋コンクリート造で、事務所は（A）の連続窓が特徴でモダンな外観を表現しています。また第3倉庫は外壁に（B）（渦巻き状滑り台）をつけ、製品を一気に船に積み込む工夫をしています。
正解: 横長"
R23-Q058-B,23,第23回,2026-03-08,1級・2級共通,58,B,記述,北海製罐の工場施設の説明です。文中の（ ）内に該当する語句を書きなさい。主要な建物は鉄筋コンクリート造で、事務所は（A）の連続窓が特徴でモダンな外観を表現しています。また第3倉庫は外壁に（B）（渦巻き状滑り台）をつけ、製品を一気に船に積み込む工夫をしています。,,,,,スパイラルシュート,,,,23-問題.pdf / 23_回答.pdf,"【第23回 おたる案内人検定 問58B】
北海製罐の工場施設の説明です。文中の（ ）内に該当する語句を書きなさい。主要な建物は鉄筋コンクリート造で、事務所は（A）の連続窓が特徴でモダンな外観を表現しています。また第3倉庫は外壁に（B）（渦巻き状滑り台）をつけ、製品を一気に船に積み込む工夫をしています。
正解: スパイラルシュート"
R23-Q059,23,第23回,2026-03-08,1級・2級共通,59,,選択,次の3つは色内銀行街にある建物です。関連した語句の組み合わせで、番号内のA・B・Cすべて正しいものは何番でしょうか。（建物名は建築時）A)三菱銀行小樽支店 B)北海道拓殖銀行小樽支店 C)第一銀行小樽支店,A)大正11(1922)年建築 B)矢橋賢吉 C)ミユキソーイング,A)大正11(1922)年建築 B)日本遺産「炭鉄港」構成文化財 C)田辺淳吉,A)大正12(1923)年建築 B)似鳥美術館 C)渋沢栄一,A)大正13(1924)年建築 B)小林多喜二 C)アール・ヌーヴォー,①,A)大正11(1922)年建築 B)矢橋賢吉 C)ミユキソーイング,,,23-問題.pdf / 23_回答.pdf,"【第23回 おたる案内人検定 問59】
次の3つは色内銀行街にある建物です。関連した語句の組み合わせで、番号内のA・B・Cすべて正しいものは何番でしょうか。（建物名は建築時）A)三菱銀行小樽支店 B)北海道拓殖銀行小樽支店 C)第一銀行小樽支店
① A)大正11(1922)年建築 B)矢橋賢吉 C)ミユキソーイング
② A)大正11(1922)年建築 B)日本遺産「炭鉄港」構成文化財 C)田辺淳吉
③ A)大正12(1923)年建築 B)似鳥美術館 C)渋沢栄一
④ A)大正13(1924)年建築 B)小林多喜二 C)アール・ヌーヴォー
正解: ① A)大正11(1922)年建築 B)矢橋賢吉 C)ミユキソーイング"
R23-Q060,23,第23回,2026-03-08,1級・2級共通,60,,選択,次の小樽市指定歴史的建造物のなかで、日本遺産「北前船」、「炭鉄港」の構成文化財となっていないのはどれでしょうか。（建物名は建築時）,増田倉庫,篠田倉庫,三井物産小樽支店,三菱銀行小樽支店,②,篠田倉庫,,,23-問題.pdf / 23_回答.pdf,"【第23回 おたる案内人検定 問60】
次の小樽市指定歴史的建造物のなかで、日本遺産「北前船」、「炭鉄港」の構成文化財となっていないのはどれでしょうか。（建物名は建築時）
① 増田倉庫
② 篠田倉庫
③ 三井物産小樽支店
④ 三菱銀行小樽支店
正解: ② 篠田倉庫"
R23-Q061,23,第23回,2026-03-08,1級・2級共通,61,,選択,小樽の建造物と建築様式の関係の説明で、間違っているのは次のどれでしょうか。,小樽聖公会は軒の装飾にカーペンターゴシックを取りいれている,和光荘は幾何学模様のアール・デコのデザインを基調にしている,第一銀行は曲線を生かすアール・ヌーヴォーの影響を受けている,三井銀行の軒の装飾はゴシック様式のデザインで統一されている,④,三井銀行の軒の装飾はゴシック様式のデザインで統一されている,,,23-問題.pdf / 23_回答.pdf,"【第23回 おたる案内人検定 問61】
小樽の建造物と建築様式の関係の説明で、間違っているのは次のどれでしょうか。
① 小樽聖公会は軒の装飾にカーペンターゴシックを取りいれている
② 和光荘は幾何学模様のアール・デコのデザインを基調にしている
③ 第一銀行は曲線を生かすアール・ヌーヴォーの影響を受けている
④ 三井銀行の軒の装飾はゴシック様式のデザインで統一されている
正解: ④ 三井銀行の軒の装飾はゴシック様式のデザインで統一されている"
R23-Q062,23,第23回,2026-03-08,1級・2級共通,62,,選択,次の建物のなかで建築構造が一つだけ違うものがあります。それはどれでしょうか。（建物名は現在名）,小樽バイン,小樽運河ターミナル,小樽市庁舎本館,おたる無尽ビル,①,小樽バイン,,,23-問題.pdf / 23_回答.pdf,"【第23回 おたる案内人検定 問62】
次の建物のなかで建築構造が一つだけ違うものがあります。それはどれでしょうか。（建物名は現在名）
① 小樽バイン
② 小樽運河ターミナル
③ 小樽市庁舎本館
④ おたる無尽ビル
正解: ① 小樽バイン"
R23-Q063,23,第23回,2026-03-08,1級・2級共通,63,,選択,（ ）内に該当する語句は次のどれでしょうか。小樽の桜町ロータリーの一帯はイギリスのハワードに端を発する（ ）の計画思想に基づいて昭和9年に設計された町といわれています。,理想都市,丘陵都市,田園都市,未来都市,③,田園都市,,,23-問題.pdf / 23_回答.pdf,"【第23回 おたる案内人検定 問63】
（ ）内に該当する語句は次のどれでしょうか。小樽の桜町ロータリーの一帯はイギリスのハワードに端を発する（ ）の計画思想に基づいて昭和9年に設計された町といわれています。
① 理想都市
② 丘陵都市
③ 田園都市
④ 未来都市
正解: ③ 田園都市"
R23-Q064,23,第23回,2026-03-08,1級・2級共通,64,,選択,小樽観光で人気の一つがオルゴールですが、その語源はオランダ語のオルゲルです。オルゴールが日本に入ってきた当時、オルゴールにあてた漢字は次のどれでしょうか。,自奏琴,自鳴琴,自奏鍵,自鳴鍵,②,自鳴琴,,,23-問題.pdf / 23_回答.pdf,"【第23回 おたる案内人検定 問64】
小樽観光で人気の一つがオルゴールですが、その語源はオランダ語のオルゲルです。オルゴールが日本に入ってきた当時、オルゴールにあてた漢字は次のどれでしょうか。
① 自奏琴
② 自鳴琴
③ 自奏鍵
④ 自鳴鍵
正解: ② 自鳴琴"
R23-Q065,23,第23回,2026-03-08,1級・2級共通,65,,記述,木版画のパイオニアであった金子誠治は、小樽に移住後小樽市内の小学校の教員となります。その当時の小学校名は何というでしょうか。,,,,,緑小学校,,,,23-問題.pdf / 23_回答.pdf,"【第23回 おたる案内人検定 問65】
木版画のパイオニアであった金子誠治は、小樽に移住後小樽市内の小学校の教員となります。その当時の小学校名は何というでしょうか。
正解: 緑小学校"
R23-Q066,23,第23回,2026-03-08,1級・2級共通,66,,記述,市立小樽美術館には2つの記念ホールがあります。一つは日本を代表する版画家の一原有徳記念ホール。もう一つは日本を代表する風景画家の記念ホールです。この画家名を書きなさい。,,,,,中村善策,,,,23-問題.pdf / 23_回答.pdf,"【第23回 おたる案内人検定 問66】
市立小樽美術館には2つの記念ホールがあります。一つは日本を代表する版画家の一原有徳記念ホール。もう一つは日本を代表する風景画家の記念ホールです。この画家名を書きなさい。
正解: 中村善策"
R23-Q067,23,第23回,2026-03-08,1級・2級共通,67,,記述,次の文章に該当する歌人の名前を書きなさい。郷里の岩手を離れ小樽に来てから、創立したばかりの小樽日報社に入社し記者となりますが長続きせず小樽日報社を辞めてしまいます。その後、釧路新聞社に入社します。4ヶ月足らずの小樽時代でした。,,,,,石川啄木,,,,23-問題.pdf / 23_回答.pdf,"【第23回 おたる案内人検定 問67】
次の文章に該当する歌人の名前を書きなさい。郷里の岩手を離れ小樽に来てから、創立したばかりの小樽日報社に入社し記者となりますが長続きせず小樽日報社を辞めてしまいます。その後、釧路新聞社に入社します。4ヶ月足らずの小樽時代でした。
正解: 石川啄木"
R23-Q068,23,第23回,2026-03-08,1級・2級共通,68,,選択,伊藤整は小樽中学校卒業後、小樽高商へ進学。その後、小樽市中学校の教員となります。担当した教科は次のどれでしょうか。,英語教員,国語教員,数学教員,社会科教員,①,英語教員,,,23-問題.pdf / 23_回答.pdf,"【第23回 おたる案内人検定 問68】
伊藤整は小樽中学校卒業後、小樽高商へ進学。その後、小樽市中学校の教員となります。担当した教科は次のどれでしょうか。
① 英語教員
② 国語教員
③ 数学教員
④ 社会科教員
正解: ① 英語教員"
R23-Q069,23,第23回,2026-03-08,1級・2級共通,69,,選択,石川啄木の文学碑は小樽市内に3か所あります。一つは小樽公園内、2つ目は水天宮境内、3つ目はどこでしょうか。次の中から選びなさい。,ゴロダの丘,旭展望台,小樽駅前三角市場,住吉神社境内,③,小樽駅前三角市場,,正解は解答PDFのテキスト層から確定（③）,23-問題.pdf / 23_回答.pdf,"【第23回 おたる案内人検定 問69】
石川啄木の文学碑は小樽市内に3か所あります。一つは小樽公園内、2つ目は水天宮境内、3つ目はどこでしょうか。次の中から選びなさい。
① ゴロダの丘
② 旭展望台
③ 小樽駅前三角市場
④ 住吉神社境内
正解: ③ 小樽駅前三角市場"
R23-Q070,23,第23回,2026-03-08,1級・2級共通,70,,選択,令和7(2025)年12月末現在の小樽市の人口は次のどれでしょうか。,"101,355人","102,355人","103,355人","104,355人",②,"102,355人",,,23-問題.pdf / 23_回答.pdf,"【第23回 おたる案内人検定 問70】
令和7(2025)年12月末現在の小樽市の人口は次のどれでしょうか。
① 101,355人
② 102,355人
③ 103,355人
④ 104,355人
正解: ② 102,355人"
R23-Q071,23,第23回,2026-03-08,1級・2級共通,71,,選択,令和7(2025)年度上期の小樽市の観光入込客数は、前年度比104.9%となり、8年ぶりに400万人を超えました。入込客数は次のどれでしょうか。,"413万4,100人","415万4,100人","417万4,100人","419万4,100人",①,"413万4,100人",,,23-問題.pdf / 23_回答.pdf,"【第23回 おたる案内人検定 問71】
令和7(2025)年度上期の小樽市の観光入込客数は、前年度比104.9%となり、8年ぶりに400万人を超えました。入込客数は次のどれでしょうか。
① 413万4,100人
② 415万4,100人
③ 417万4,100人
④ 419万4,100人
正解: ① 413万4,100人"
R23-Q072,23,第23回,2026-03-08,1級・2級共通,72,,記述,令和7(2025)年7月24日、小樽芸術村で5館目となる施設が「浅草橋小樽運河倉庫ビル」に開館しました。その施設名を書きなさい。,,,,,浮世絵美術館,,,,23-問題.pdf / 23_回答.pdf,"【第23回 おたる案内人検定 問72】
令和7(2025)年7月24日、小樽芸術村で5館目となる施設が「浅草橋小樽運河倉庫ビル」に開館しました。その施設名を書きなさい。
正解: 浮世絵美術館"
R23-Q073,23,第23回,2026-03-08,1級・2級共通,73,,記述,令和7(2025)年7月18日、『その街に集うすべての人にご満足いただける、その街のスタイルホテル』を基本コンセプトに小樽運河の近くにホテルがオープンしました。地上6階建て、客室は全159室で、最上階には石狩湾を一望できる展望露天風呂やBARも備わっています。このホテル名を書きなさい。,,,,,小樽グランベルホテル,,,,23-問題.pdf / 23_回答.pdf,"【第23回 おたる案内人検定 問73】
令和7(2025)年7月18日、『その街に集うすべての人にご満足いただける、その街のスタイルホテル』を基本コンセプトに小樽運河の近くにホテルがオープンしました。地上6階建て、客室は全159室で、最上階には石狩湾を一望できる展望露天風呂やBARも備わっています。このホテル名を書きなさい。
正解: 小樽グランベルホテル"
R23-Q074,23,第23回,2026-03-08,1級・2級共通,74,,選択,令和7(2025)年2月4日、小樽市は地域型日本遺産に認定されました。そのストーリーを語る上で欠かせない26項目の文化財があります。その20番目に「運河完成後の倉庫群」があり3棟の構成文化財があります。次の中でこの3棟に該当しないのはどれでしょうか。,澁澤倉庫,旧篠田倉庫,旧浪華倉庫,旧大家倉庫,④,旧大家倉庫,,,23-問題.pdf / 23_回答.pdf,"【第23回 おたる案内人検定 問74】
令和7(2025)年2月4日、小樽市は地域型日本遺産に認定されました。そのストーリーを語る上で欠かせない26項目の文化財があります。その20番目に「運河完成後の倉庫群」があり3棟の構成文化財があります。次の中でこの3棟に該当しないのはどれでしょうか。
① 澁澤倉庫
② 旧篠田倉庫
③ 旧浪華倉庫
④ 旧大家倉庫
正解: ④ 旧大家倉庫"
R23-Q075,23,第23回,2026-03-08,1級・2級共通,75,,記述,民間シンクタンクのブランド総合研究所は令和7(2025)年10月に全国市区町村（1000市区町村）と都道府県の魅力度ランキングを発表しました。都道府県別は17年連続で北海道が1位。市区町村のベスト10には道内から小樽市も含め4自治体が入りました。小樽市は全体の何番目にランクされたでしょうか。,,,,,4位,,,,23-問題.pdf / 23_回答.pdf,"【第23回 おたる案内人検定 問75】
民間シンクタンクのブランド総合研究所は令和7(2025)年10月に全国市区町村（1000市区町村）と都道府県の魅力度ランキングを発表しました。都道府県別は17年連続で北海道が1位。市区町村のベスト10には道内から小樽市も含め4自治体が入りました。小樽市は全体の何番目にランクされたでしょうか。
正解: 4位"
R23-Q076,23,第23回,2026-03-08,1級・2級共通,76,,選択,令和7(2025)年も多くのクルーズ船が小樽港第3号埠頭へ寄港しました。寄港した実績数は次のどれでしょうか。,23回,25回,30回,33回,④,33回,,,23-問題.pdf / 23_回答.pdf,"【第23回 おたる案内人検定 問76】
令和7(2025)年も多くのクルーズ船が小樽港第3号埠頭へ寄港しました。寄港した実績数は次のどれでしょうか。
① 23回
② 25回
③ 30回
④ 33回
正解: ④ 33回"
R23-Q077,23,第23回,2026-03-08,1級・2級共通,77,,選択,令和7(2025)年も小樽を含む石狩湾で上位蜃気楼の「高島おばけ」が発生しました。かつて北方探検家の松浦武四郎が小樽沖を航行中に見た蜃気楼のことで、松浦武四郎がまとめた日誌に記述されていました。その日誌名は次のどれでしょうか。,西蝦夷日誌,東蝦夷日誌,北夷分界余話,東蝦紀行,①,西蝦夷日誌,,選択肢4の表記はOCR不鮮明,23-問題.pdf / 23_回答.pdf,"【第23回 おたる案内人検定 問77】
令和7(2025)年も小樽を含む石狩湾で上位蜃気楼の「高島おばけ」が発生しました。かつて北方探検家の松浦武四郎が小樽沖を航行中に見た蜃気楼のことで、松浦武四郎がまとめた日誌に記述されていました。その日誌名は次のどれでしょうか。
① 西蝦夷日誌
② 東蝦夷日誌
③ 北夷分界余話
④ 東蝦紀行
正解: ① 西蝦夷日誌"
R23-Q078,23,第23回,2026-03-08,1級・2級共通,78,,記述,（ ）内に該当する数字を書きなさい。坂の多い小樽ですが、坂には勾配率を表す「%」の標識があります。例えば浄応寺の坂には20%の標識があります。これは水平距離（ ）メートルに対して垂直距離が20メートル上がることを表しています。,,,,,100,,,,23-問題.pdf / 23_回答.pdf,"【第23回 おたる案内人検定 問78】
（ ）内に該当する数字を書きなさい。坂の多い小樽ですが、坂には勾配率を表す「%」の標識があります。例えば浄応寺の坂には20%の標識があります。これは水平距離（ ）メートルに対して垂直距離が20メートル上がることを表しています。
正解: 100"
R23-Q079,23,第23回,2026-03-08,1級・2級共通,79,,選択,（ ）内に該当する語句を選びなさい。船見坂上方から小樽港方面を見ると良く晴れた日は対岸に（ ）が見えます。,樽前山,増毛連山,恵庭岳,余市岳,②,増毛連山,,,23-問題.pdf / 23_回答.pdf,"【第23回 おたる案内人検定 問79】
（ ）内に該当する語句を選びなさい。船見坂上方から小樽港方面を見ると良く晴れた日は対岸に（ ）が見えます。
① 樽前山
② 増毛連山
③ 恵庭岳
④ 余市岳
正解: ② 増毛連山"
R23-Q080,23,第23回,2026-03-08,1級・2級共通,80,,選択,次の文章は、小樽八区八景の八区の中のある地区の解説です。該当する地区を選びなさい。山あいを抜ける農道沿いには、畑や果樹園が連なり、自然豊かな田園風景が広がっています。国道5号沿いの坂道には工場などがあり、両側の斜面には住宅が建ち並んでいます。,張碓地区,蘭島・忍路地区,オタモイ・赤岩地区,桃内・塩谷地区,④,桃内・塩谷地区,,,23-問題.pdf / 23_回答.pdf,"【第23回 おたる案内人検定 問80】
次の文章は、小樽八区八景の八区の中のある地区の解説です。該当する地区を選びなさい。山あいを抜ける農道沿いには、畑や果樹園が連なり、自然豊かな田園風景が広がっています。国道5号沿いの坂道には工場などがあり、両側の斜面には住宅が建ち並んでいます。
① 張碓地区
② 蘭島・忍路地区
③ オタモイ・赤岩地区
④ 桃内・塩谷地区
正解: ④ 桃内・塩谷地区"
R23-Q081,23,第23回,2026-03-08,1級・2級共通,81,,選択,かつて小樽市内にはたくさんの市場がありましたが、年々減少し現在は5つとなりました。その5つとは次のどれでしょうか。,南樽市場・新南樽市場・三角市場・中央市場・中央卸市場,南樽市場・妙見市場・三角市場・中央市場・中央卸市場,南樽市場・新南樽市場・三角市場・中央市場・鱗友朝市,南樽市場・入船市場・三角市場・鱗友朝市・中央市場,③,南樽市場・新南樽市場・三角市場・中央市場・鱗友朝市,,,23-問題.pdf / 23_回答.pdf,"【第23回 おたる案内人検定 問81】
かつて小樽市内にはたくさんの市場がありましたが、年々減少し現在は5つとなりました。その5つとは次のどれでしょうか。
① 南樽市場・新南樽市場・三角市場・中央市場・中央卸市場
② 南樽市場・妙見市場・三角市場・中央市場・中央卸市場
③ 南樽市場・新南樽市場・三角市場・中央市場・鱗友朝市
④ 南樽市場・入船市場・三角市場・鱗友朝市・中央市場
正解: ③ 南樽市場・新南樽市場・三角市場・中央市場・鱗友朝市"
R23-Q082,23,第23回,2026-03-08,1級・2級共通,82,,選択,第26回小樽市都市景観賞が令和7(2025)年11月に発表され小樽市都市景観賞3件・小樽市都市景観奨励賞1件が決定しました。次の中で第26回の受賞物件ではないのはどれでしょうか。,小樽港観光船ターミナル,小樽住ノ江火の見櫓とまもる会の活動,群青,住吉神社参道等の整備,④,住吉神社参道等の整備,,,23-問題.pdf / 23_回答.pdf,"【第23回 おたる案内人検定 問82】
第26回小樽市都市景観賞が令和7(2025)年11月に発表され小樽市都市景観賞3件・小樽市都市景観奨励賞1件が決定しました。次の中で第26回の受賞物件ではないのはどれでしょうか。
① 小樽港観光船ターミナル
② 小樽住ノ江火の見櫓とまもる会の活動
③ 群青
④ 住吉神社参道等の整備
正解: ④ 住吉神社参道等の整備"
R23-Q083,23,第23回,2026-03-08,1級・2級共通,83,,選択,小樽の田中酒造は市内唯一の酒造会社です。色内町の本店と信香町の店舗・工場の2カ所あり、信香町の店舗・工場は旧岡崎倉庫を再生活用しています。この信香町の建物は何という名称でしょうか。次の中から選びなさい。,信香蔵,岡崎蔵,宝川蔵,亀甲蔵,④,亀甲蔵,,,23-問題.pdf / 23_回答.pdf,"【第23回 おたる案内人検定 問83】
小樽の田中酒造は市内唯一の酒造会社です。色内町の本店と信香町の店舗・工場の2カ所あり、信香町の店舗・工場は旧岡崎倉庫を再生活用しています。この信香町の建物は何という名称でしょうか。次の中から選びなさい。
① 信香蔵
② 岡崎蔵
③ 宝川蔵
④ 亀甲蔵
正解: ④ 亀甲蔵"
R23-Q084,23,第23回,2026-03-08,1級・2級共通,84,,選択,小樽市内の神社、寺と関わりのある事柄の組合せで間違っているのは、次のどれでしょうか。,龍宮神社 - 榎本武揚,直行寺 - 石橋彦三郎,塩谷神社 - 船絵馬,住吉神社 - 北前船主の大鳥居,②,直行寺 - 石橋彦三郎,,選択肢2の寺名はOCR不鮮明,23-問題.pdf / 23_回答.pdf,"【第23回 おたる案内人検定 問84】
小樽市内の神社、寺と関わりのある事柄の組合せで間違っているのは、次のどれでしょうか。
① 龍宮神社 - 榎本武揚
② 直行寺 - 石橋彦三郎
③ 塩谷神社 - 船絵馬
④ 住吉神社 - 北前船主の大鳥居
正解: ② 直行寺 - 石橋彦三郎"
R23-Q085,23,第23回,2026-03-08,1級・2級共通,85,,選択,（ ）内に該当するものを選びなさい。令和7(2025)年10月24日、国の文化審議会において、小樽市にある（ ）を重要文化財にするよう、文部科学大臣へ答申があり、令和8(2026)年1月15日、官報告示をもって正式決定となりました。,日本銀行旧小樽支店,小樽市公会堂,小樽港防波堤施設,日和山灯台,③,小樽港防波堤施設,,,23-問題.pdf / 23_回答.pdf,"【第23回 おたる案内人検定 問85】
（ ）内に該当するものを選びなさい。令和7(2025)年10月24日、国の文化審議会において、小樽市にある（ ）を重要文化財にするよう、文部科学大臣へ答申があり、令和8(2026)年1月15日、官報告示をもって正式決定となりました。
① 日本銀行旧小樽支店
② 小樽市公会堂
③ 小樽港防波堤施設
④ 日和山灯台
正解: ③ 小樽港防波堤施設"
R23-Q086,23,第23回,2026-03-08,1級・2級共通,86,,選択,小樽の教育は明治6(1873)年、開運町に小樽教育所開設で始まりました。この場所には以前は「小樽教育発祥之地」という石碑がありましたが、現在は題字部分だけを再利用した新記念碑が設置されています。その場所は次のどれでしょうか。,住吉神社敷地内,小樽市立病院敷地内,双葉高等学校敷地内,潮見台小学校敷地内,②,小樽市立病院敷地内,,,23-問題.pdf / 23_回答.pdf,"【第23回 おたる案内人検定 問86】
小樽の教育は明治6(1873)年、開運町に小樽教育所開設で始まりました。この場所には以前は「小樽教育発祥之地」という石碑がありましたが、現在は題字部分だけを再利用した新記念碑が設置されています。その場所は次のどれでしょうか。
① 住吉神社敷地内
② 小樽市立病院敷地内
③ 双葉高等学校敷地内
④ 潮見台小学校敷地内
正解: ② 小樽市立病院敷地内"
R23-Q087,23,第23回,2026-03-08,1級・2級共通,87,,選択,後志地域には20の自治体があります。そのうち、海に面していないのは次のどれでしょうか。,共和町,島牧村,寿都町,黒松内町,④,黒松内町,,,23-問題.pdf / 23_回答.pdf,"【第23回 おたる案内人検定 問87】
後志地域には20の自治体があります。そのうち、海に面していないのは次のどれでしょうか。
① 共和町
② 島牧村
③ 寿都町
④ 黒松内町
正解: ④ 黒松内町"
R23-Q088,23,第23回,2026-03-08,1級・2級共通,88,,選択,国登録有形文化財のJR小樽駅は、明治36(1903)年に「小樽中央停車場」として開業して以来、たびたび駅名が変更され、大正9(1920)年に「小樽駅」となります。現在の駅舎は開業以来、何代目となる建物でしょうか。,2代目,3代目,4代目,5代目,②,3代目,,,23-問題.pdf / 23_回答.pdf,"【第23回 おたる案内人検定 問88】
国登録有形文化財のJR小樽駅は、明治36(1903)年に「小樽中央停車場」として開業して以来、たびたび駅名が変更され、大正9(1920)年に「小樽駅」となります。現在の駅舎は開業以来、何代目となる建物でしょうか。
① 2代目
② 3代目
③ 4代目
④ 5代目
正解: ② 3代目"
R23-Q089,23,第23回,2026-03-08,1級・2級共通,89,,選択,市指定有形文化財の日本銀行旧小樽支店の説明で間違っているのは次のどれでしょうか。,日本銀行の派出所が小樽に初めて設置されたのは明治26(1893)年だ,建物の設計をしたのは辰野金吾、長野宇平治、岡田信一郎の3名だ,金融資料館として公開されたのは、平成15(2003)年からだ,この建物は明治42(1909)年に着工し、完成したのは明治44(1911)年だ,④,この建物は明治42(1909)年に着工し、完成したのは明治44(1911)年だ,,,23-問題.pdf / 23_回答.pdf,"【第23回 おたる案内人検定 問89】
市指定有形文化財の日本銀行旧小樽支店の説明で間違っているのは次のどれでしょうか。
① 日本銀行の派出所が小樽に初めて設置されたのは明治26(1893)年だ
② 建物の設計をしたのは辰野金吾、長野宇平治、岡田信一郎の3名だ
③ 金融資料館として公開されたのは、平成15(2003)年からだ
④ この建物は明治42(1909)年に着工し、完成したのは明治44(1911)年だ
正解: ④ この建物は明治42(1909)年に着工し、完成したのは明治44(1911)年だ"
R23-Q090,23,第23回,2026-03-08,1級・2級共通,90,,選択,次の小樽市内の文化財と指定区分の組み合わせが正しいのはどれでしょうか。,西川家文書……道指定有形文化財,旧青山家別邸……国登録有形文化財,高島越後盆踊りの行事……道指定無形民俗文化財,向井流水泳……道指定無形文化財,②,旧青山家別邸……国登録有形文化財,,,23-問題.pdf / 23_回答.pdf,"【第23回 おたる案内人検定 問90】
次の小樽市内の文化財と指定区分の組み合わせが正しいのはどれでしょうか。
① 西川家文書……道指定有形文化財
② 旧青山家別邸……国登録有形文化財
③ 高島越後盆踊りの行事……道指定無形民俗文化財
④ 向井流水泳……道指定無形文化財
正解: ② 旧青山家別邸……国登録有形文化財"
R23-Q091,23,第23回,2026-03-08,1級・2級共通,91,,選択,道指定有形文化財の木造五百羅漢像のあるお寺の名前は次のどれでしょうか。,龍徳寺,正法寺,浅草観音寺,宗園寺,④,宗園寺,,,23-問題.pdf / 23_回答.pdf,"【第23回 おたる案内人検定 問91】
道指定有形文化財の木造五百羅漢像のあるお寺の名前は次のどれでしょうか。
① 龍徳寺
② 正法寺
③ 浅草観音寺
④ 宗園寺
正解: ④ 宗園寺"
R23-Q092,23,第23回,2026-03-08,1級・2級共通,92,,選択,観光ガイドとして、お客様をご案内するとき、相手を尊重する心のあり方として一番気を付けたいのは次のどれでしょうか。,相手の立場や時間の都合を考える,事前に用意した話はすべて話す,必ず買い物の時間を入れる,絶対に方言は使わない,①,相手の立場や時間の都合を考える,,,23-問題.pdf / 23_回答.pdf,"【第23回 おたる案内人検定 問92】
観光ガイドとして、お客様をご案内するとき、相手を尊重する心のあり方として一番気を付けたいのは次のどれでしょうか。
① 相手の立場や時間の都合を考える
② 事前に用意した話はすべて話す
③ 必ず買い物の時間を入れる
④ 絶対に方言は使わない
正解: ① 相手の立場や時間の都合を考える"
R23-Q093-A,23,第23回,2026-03-08,1級・2級共通,93,A,選択,（ ）内に該当する一番適切な語句を記入しなさい。ガイドを依頼された時、事前に準備しておかなければならない一番大事なことは（A）です。またガイド中で大事なことは（B）を心がけることです。心のこもった笑顔と、ちょっとした気遣いは、お客様に対して、最大の（C）となります。【A】,お客様の職業を知ること,自分が目立つ服装を考える,お土産店を調べておくこと,行程を事前にシミュレーションしてみる,④,行程を事前にシミュレーションしてみる,,,23-問題.pdf / 23_回答.pdf,"【第23回 おたる案内人検定 問93A】
（ ）内に該当する一番適切な語句を記入しなさい。ガイドを依頼された時、事前に準備しておかなければならない一番大事なことは（A）です。またガイド中で大事なことは（B）を心がけることです。心のこもった笑顔と、ちょっとした気遣いは、お客様に対して、最大の（C）となります。【A】
① お客様の職業を知ること
② 自分が目立つ服装を考える
③ お土産店を調べておくこと
④ 行程を事前にシミュレーションしてみる
正解: ④ 行程を事前にシミュレーションしてみる"
R23-Q093-B,23,第23回,2026-03-08,1級・2級共通,93,B,選択,（ ）内に該当する一番適切な語句を記入しなさい。ガイドを依頼された時、事前に準備しておかなければならない一番大事なことは（A）です。またガイド中で大事なことは（B）を心がけることです。心のこもった笑顔と、ちょっとした気遣いは、お客様に対して、最大の（C）となります。【B】,覚えたことを最後まで話すこと,建物の建築年を間違えないこと,冗談を言うこと,気さくな声がけで状況を判断すること,④,気さくな声がけで状況を判断すること,,,23-問題.pdf / 23_回答.pdf,"【第23回 おたる案内人検定 問93B】
（ ）内に該当する一番適切な語句を記入しなさい。ガイドを依頼された時、事前に準備しておかなければならない一番大事なことは（A）です。またガイド中で大事なことは（B）を心がけることです。心のこもった笑顔と、ちょっとした気遣いは、お客様に対して、最大の（C）となります。【B】
① 覚えたことを最後まで話すこと
② 建物の建築年を間違えないこと
③ 冗談を言うこと
④ 気さくな声がけで状況を判断すること
正解: ④ 気さくな声がけで状況を判断すること"
R23-Q093-C,23,第23回,2026-03-08,1級・2級共通,93,C,選択,（ ）内に該当する一番適切な語句を記入しなさい。ガイドを依頼された時、事前に準備しておかなければならない一番大事なことは（A）です。またガイド中で大事なことは（B）を心がけることです。心のこもった笑顔と、ちょっとした気遣いは、お客様に対して、最大の（C）となります。【C】,おみやげ,おもてなし,贈り物,思い出づくり,②,おもてなし,,,23-問題.pdf / 23_回答.pdf,"【第23回 おたる案内人検定 問93C】
（ ）内に該当する一番適切な語句を記入しなさい。ガイドを依頼された時、事前に準備しておかなければならない一番大事なことは（A）です。またガイド中で大事なことは（B）を心がけることです。心のこもった笑顔と、ちょっとした気遣いは、お客様に対して、最大の（C）となります。【C】
① おみやげ
② おもてなし
③ 贈り物
④ 思い出づくり
正解: ② おもてなし"
